时间_s,实验温度_C,模型温度_C,残差_C
0.0,37.0,37.0,0.0
1.0,37.0,37.00000000596691,5.966910521237878e-09
2.0,37.0,37.00000007075066,7.075065866501973e-08
3.0,37.0,37.00000043865433,4.3865433241307983e-07
4.0,37.0,37.00000189607204,1.8960720424843203e-06
5.0,37.0,37.000006425930046,6.425930045850237e-06
6.0,37.0,37.00001820592959,1.8205929592340908e-05
7.0,37.0,37.00004489564747,4.489564746990027e-05
8.0,37.0,37.00009906259473,9.906259472813872e-05
9.0,37.0,37.0001995386394,0.00019953863940003203
10.0,37.0,37.00037249385415,0.00037249385415094594
11.0,37.0,37.00065206067043,0.0006520606704327747
12.0,37.0,37.001080417754444,0.0010804177544443405
13.0,37.0,37.00170732648639,0.0017073264863896043
14.0,37.0,37.002589183973114,0.002589183973114473
15.0,37.0,37.00378770431747,0.003787704317467444
16.0,37.01,37.00536836195972,-0.004631638040279995
17.0,37.01,37.007398730813705,-0.002601269186293109
18.0,37.01,37.00994683709435,-5.316290565104964e-05
19.0,37.01,37.01307961910925,0.0030796191092505865
20.0,37.02,37.01686155975526,-0.0031384402447400817
21.0,37.02,37.02135353122702,0.0013535312270178679
22.0,37.03,37.02661186900775,-0.0033881309922492164
23.0,37.03,37.032687674659144,0.002687674659142658
24.0,37.04,37.03962633435428,-0.00037366564571783556
25.0,37.05,37.0474672320031,-0.002532767996896723
26.0,37.06,37.05624363140761,-0.003756368592391368
27.0,37.07,37.06598270029241,-0.004017299707591349
28.0,37.08,37.07670564947173,-0.00329435052827165
29.0,37.09,37.088427962149446,-0.001572037850557706
30.0,37.1,37.10115969085906,0.0011596908590618682
31.0,37.12,37.1149058024259,-0.00509419757409546
32.0,37.13,37.129666554289564,-0.00033344571043869564
33.0,37.15,37.14543788836979,-0.004562111630207255
34.0,37.16,37.16221183127944,0.0022118312794461303
35.0,37.18,37.17997689202409,-2.310797591320579e-05
36.0,37.2,37.19871845035744,-0.0012815496425631068
37.0,37.22,37.218419130687685,-0.0015808693123133821
38.0,37.24,37.239059157871225,-0.0009408421287773194
39.0,37.26,37.26061669241347,0.0006166924134731744
40.0,37.28,37.28306814355261,0.003068143552610536
41.0,37.31,37.30638845946214,-0.0036115405378609466
42.0,37.33,37.3305513944015,0.0005513944015049788
43.0,37.36,37.355529753097805,-0.004470246902194219
44.0,37.38,37.381295612982754,0.0012956129827514928
45.0,37.41,37.407820525153376,-0.0021794748466206215
46.0,37.44,37.43507569509631,-0.004924304903688892
47.0,37.46,37.463032144325986,0.0030321443259850867
48.0,37.49,37.49166085414931,0.001660854149307056
49.0,37.52,37.520932892796715,0.0009328927967118261
50.0,37.55,37.55081952715654,0.0008195271565440976
51.0,37.58,37.581292320327385,0.0012923203273871309
52.0,37.61,37.61232321616446,0.002323216164462849
53.0,37.65,37.64388461194672,-0.006115388053281379
54.0,37.68,37.67594942023488,-0.004050579765120688
55.0,37.71,37.7084911209294,-0.001508879070598823
56.0,37.74,37.741483804473894,0.0014838044738922918
57.0,37.78,37.77490220708577,-0.005097792914227739
58.0,37.81,37.80872173883154,-0.001278261168465633
59.0,37.85,37.8429185053033,-0.007081494696699053
60.0,37.88,37.877469323592315,-0.002530676407687338
61.0,37.91,37.912351733198705,0.0023517331987079615
62.0,37.95,37.94754400246245,-0.0024559975375524346
63.0,37.99,37.983025131049125,-0.006974868950877067
64.0,38.02,38.01877484897679,-0.0012251510232133
65.0,38.06,38.05477361262524,-0.005226387374761998
66.0,38.09,38.09100259812742,0.0010025981274139895
67.0,38.13,38.12744369250505,-0.002556307494955945
68.0,38.17,38.16407948287389,-0.005920517126114078
69.0,38.2,38.20089324401288,0.0008932440128788244
70.0,38.24,38.237868924560075,-0.002131075439926633
71.0,38.28,38.27499113207192,-0.005008867928083305
72.0,38.32,38.312245117156635,-0.007754882843364896
73.0,38.35,38.34961675687003,-0.00038324312997417564
74.0,38.39,38.38709253754064,-0.002907462459361909
75.0,38.43,38.424659537173035,-0.005340462826964654
76.0,38.47,38.46230540755967,-0.007694592440330439
77.0,38.5,38.50001835621736,1.8356217360349092e-05
78.0,38.54,38.537787128249064,-0.002212871750934653
79.0,38.58,38.5756009882202,-0.004399011779796069
80.0,38.62,38.613449702125926,-0.0065502978740710205
81.0,38.65,38.65132351951613,0.0013235195161342972
82.0,38.69,38.68921315583589,-0.0007868441641107893
83.0,38.73,38.72710977502952,-0.0028902249704785277
84.0,38.77,38.76500497245053,-0.004995027549476561
85.0,38.81,38.802890758111246,-0.007109241888755946
86.0,38.84,38.84075954030149,0.0007595403014875046
87.0,38.88,38.87860410959942,-0.001395890400580413
88.0,38.92,38.91641762329289,-0.0035823767071150314
89.0,38.96,38.954193590226005,-0.005806409773995824
90.0,38.99,38.991925856081316,0.0019258560813142367
91.0,39.03,39.02960858910506,-0.00039141089494165726
92.0,39.07,39.06723626627982,-0.002763733720179573
93.0,39.11,39.10480365994655,-0.00519634005345182
94.0,39.14,39.14230582487567,0.002305824875669771
95.0,39.18,39.17973808578491,-0.00026191421508769963
96.0,39.22,39.217096025300116,-0.0029039746998833493
97.0,39.26,39.25437547235359,-0.005624527646411082
98.0,39.29,39.29157249101349,0.0015724910134906622
99.0,39.33,39.32868336973667,-0.0013166302633251803
100.0,39.37,39.36570461103662,-0.0042953889633778886
101.0,39.4,39.40263292155707,0.0026329215570726205
102.0,39.44,39.439465202542095,-0.000534797457902414
103.0,39.48,39.476198540691804,-0.003801459308192534
104.0,39.52,39.51283019939384,-0.00716980060616379
105.0,39.55,39.54935761031913,-0.000642389680869826
106.0,39.59,39.58577836537162,-0.004221634628386539
107.0,39.62,39.622090208980254,0.0020902089802561363
108.0,39.66,39.65829103072268,-0.0017089692773168963
109.0,39.7,39.69437885826891,-0.005621141731090518
110.0,39.73,39.73035185063454,0.0003518506345443484
111.0,39.77,39.76620829173191,-0.003791708268096272
112.0,39.8,39.80194658420882,0.001946584208823765
113.0,39.84,39.837565243564036,-0.0024347564359672447
114.0,39.87,39.87306289252877,0.0030628925287743414
115.0,39.91,39.908438255704404,-0.0015617442955928595
116.0,39.95,39.94369015444598,-0.006309845554021365
117.0,39.98,39.978817501981716,-0.001182498018280853
118.0,40.02,40.01381929875923,-0.006180701240772635
119.0,40.05,40.04869462800887,-0.001305371991129789
120.0,40.09,40.0834426515152,-0.006557348484804493
121.0,40.12,40.11806260558825,-0.0019373944117475617
122.0,40.15,40.15255379722525,0.002553797225253618
123.0,40.19,40.1869156004556,-0.0030843995443987637
124.0,40.22,40.22114745286043,0.0011474528604296097
125.0,40.26,40.25524885225939,-0.004751147740606143
126.0,40.29,40.28921935355728,-0.0007806464427204673
127.0,40.32,40.323058565743324,0.003058565743323527
128.0,40.36,40.35676614903625,-0.003233850963752616
129.0,40.39,40.39034181216892,0.0003418121689193754
130.0,40.43,40.423785309805375,-0.00621469019462495
131.0,40.46,40.45709644008508,-0.00290355991491964
132.0,40.49,40.49027504228818,0.00027504228818031606
133.0,40.52,40.5233209946158,0.0033209946157981562
134.0,40.56,40.55623421208075,-0.0037657879192494192
135.0,40.59,40.58901464450287,-0.0009853554971357426
136.0,40.62,40.62166227460426,0.0016622746042642689
137.0,40.66,40.6541771161999,-0.005822883800099987
138.0,40.69,40.68655921247873,-0.0034407875212707495
139.0,40.72,40.71880863437119,-0.0011913656288058405
140.0,40.75,40.75092547899897,0.0009254789989725509
141.0,40.78,40.78290986820299,0.002909868202991106
142.0,40.82,40.814761947145776,-0.0052380528542244065
143.0,40.85,40.84648188298497,-0.003518117015033795
144.0,40.88,40.878069863613845,-0.001930136386157244
145.0,40.91,40.909526096466315,-0.00047390353368115257
146.0,40.94,40.94085080738283,0.0008508073828323859
147.0,40.97,40.97204423953414,0.002044239534143344
148.0,41.0,41.003106652400426,0.0031066524004259577
149.0,41.03,41.03403832080268,0.004038320802678186
150.0,41.07,41.06483953398396,-0.005160466016043586
151.0,41.1,41.095510594738016,-0.004489405261985269
152.0,41.13,41.12605181858308,-0.003948181416923546
153.0,41.16,41.15646353297796,-0.0035364670220374705
154.0,41.19,41.18674607657928,-0.0032539234207149548
155.0,41.22,41.21689979853702,-0.0031002014629777364
156.0,41.25,41.246925057826665,-0.003074942173334705
157.0,41.28,41.27682222261639,-0.003177777383612579
158.0,41.31,41.30659166966703,-0.003408330332973719
159.0,41.34,41.33623378376367,-0.0037662162363361062
160.0,41.37,41.36574895717691,-0.004251042823085527
161.0,41.4,41.39513758915243,-0.004862410847572107
162.0,41.42,41.42440008542735,0.004400085427349154
163.0,41.45,41.453536857772285,0.003536857772282076
164.0,41.48,41.48254832355729,0.002548323557292065
165.0,41.51,41.51143490534106,0.0014349053410640522
166.0,41.54,41.54019703048172,0.00019703048172203808
167.0,41.57,41.568835130768306,-0.0011648692316938991
168.0,41.6,41.597349642071975,-0.002650357928025926
169.0,41.63,41.62574100401568,-0.004258995984322667
170.0,41.65,41.65400965966158,0.004009659661583953
171.0,41.68,41.682156055215195,0.0021560552151953516
172.0,41.71,41.71018063974541,0.00018063974540893923
173.0,41.74,41.738083864919545,-0.0019161350804566268
174.0,41.77,41.76586618475274,-0.004133815247264749
175.0,41.79,41.79352805537088,0.0035280553708787465
176.0,41.82,41.82106993478634,0.001069934786336546
177.0,41.85,41.84849228268596,-0.0015077173140412015
178.0,41.88,41.87579556023056,-0.0042044397694454005
179.0,41.9,41.90298022986536,0.0029802298653649473
180.0,41.93,41.93004675514086,4.675514085761279e-05
181.0,41.96,41.956995600543564,-0.0030043994564366017
182.0,41.98,41.983827231335866,0.0038272313358689303
183.0,42.01,42.01054211340508,0.0005421134050820342
184.0,42.04,42.03714071312062,-0.0028592868793779758
185.0,42.06,42.063623497199174,0.0036234971991717657
186.0,42.09,42.08999093257754,-9.067422460873331e-06
187.0,42.12,42.11624348629241,-0.0037565137075858956
188.0,42.14,42.14238162536707,0.002381625367071649
189.0,42.17,42.16840581670443,-0.0015941832955732593
190.0,42.19,42.19431652698616,0.0043165269861589195
191.0,42.22,42.22011422257762,0.00011422257762205845
192.0,42.25,42.24579936943813,-0.004200630561868479
193.0,42.27,42.2713724330366,0.0013724330366002846
194.0,42.3,42.29683387827181,-0.0031661217281850895
195.0,42.32,42.32218416939759,0.0021841693975872545
196.0,42.35,42.34742376995214,-0.0025762300478646694
197.0,42.37,42.372553142691764,0.002553142691766652
198.0,42.4,42.39757274952836,-0.0024272504716407184
199.0,42.42,42.42248305147069,0.0024830514706906115
200.0,42.45,42.44728450856926,-0.002715491430741679
201.0,42.47,42.47197757986448,0.0019775798644801057
202.0,42.5,42.49656272333799,-0.003437276662012323
203.0,42.52,42.52104039586709,0.0010403958670863744
204.0,42.54,42.54541105318182,0.005411053181823888
205.0,42.57,42.569675149824995,-0.00032485017500505364
206.0,42.59,42.59383313911455,0.0038331391145476346
207.0,42.62,42.61788547310846,-0.0021145268915390147
208.0,42.64,42.64183260257189,0.0018326025718877759
209.0,42.67,42.66567497694648,-0.004325023053525001
210.0,42.69,42.689413044321704,-0.0005869556782940322
211.0,42.71,42.71304725140827,0.0030472514082688917
212.0,42.74,42.73657804351313,-0.003421956486874933
213.0,42.76,42.76000586451644,5.86451643869168e-06
214.0,42.78,42.78333115685008,0.0033311568500806743
215.0,42.81,42.80655436147774,-0.0034456385222654262
216.0,42.83,42.829675917876365,-0.0003240821236332181
217.0,42.85,42.85269626401929,0.002696264019292016
218.0,42.87,42.875615836360346,0.0056158363603486805
219.0,42.9,42.89843506981944,-0.0015649301805567006
220.0,42.92,42.92115439776926,0.0011543977692554108
221.0,42.94,42.943774252022955,0.003774252022957114
222.0,42.97,42.96629506282324,-0.003704937176756573
223.0,42.99,42.988717258832,-0.001282741168004975
224.0,43.01,43.01104126712122,0.0010412671212236546
225.0,43.03,43.033267513164674,0.003267513164672664
226.0,43.05,43.055396420830434,0.005396420830436455
227.0,43.08,43.077428412374196,-0.0025715876258018966
228.0,43.1,43.09936390843342,-0.0006360915665837297
229.0,43.12,43.121203328022034,0.0012033280220364873
230.0,43.14,43.142947088526,0.002947088525999675
231.0,43.16,43.164595605699354,0.0045956056993574634
232.0,43.19,43.18614929366095,-0.0038507063390511576
233.0,43.21,43.20760856489167,-0.0023914351083291763
234.0,43.23,43.22897383023237,-0.0010261697676270387
235.0,43.25,43.25024549888193,0.00024549888193092784
236.0,43.27,43.2714239783964,0.001423978396395853
237.0,43.29,43.29250967468789,0.002509674687892982
238.0,43.31,43.31350299202447,0.0035029920244653567
239.0,43.33,43.33440433303008,0.00440433303008092
240.0,43.35,43.35521409868509,0.005214098685087265
241.0,43.37,43.375932688327026,0.005932688327028757
242.0,43.4,43.396560499651684,-0.003439500348314084
243.0,43.42,43.417097928714625,-0.0029020712853764508
244.0,43.44,43.43754536993292,-0.002454630067077801
245.0,43.46,43.45790321608709,-0.0020967839129113486
246.0,43.48,43.47817185832353,-0.0018281416764693859
247.0,43.5,43.498351686156944,-0.0016483138430558597
248.0,43.52,43.518443087473116,-0.0015569125268868333
249.0,43.54,43.53844644853197,-0.0015535514680280471
250.0,43.56,43.558362153970684,-0.0016378460293182684
251.0,43.58,43.578190586807196,-0.0018094131928023671
252.0,43.6,43.5979321284436,-0.0020678715563988703
253.0,43.62,43.61758715867008,-0.002412841329920923
254.0,43.64,43.63715605566863,-0.002843944331367254
255.0,43.66,43.65663919601727,-0.0033608039827299763
256.0,43.67,43.676036954694126,0.006036954694124574
257.0,43.69,43.69534970508182,0.0053497050818194225
258.0,43.71,43.71457781897192,0.004577818971917225
259.0,43.73,43.733721666569394,0.0037216665693975415
260.0,43.75,43.752781616497536,0.0027816164975362767
261.0,43.77,43.77175803580238,0.001758035802374991
262.0,43.79,43.790651289957864,0.0006512899578652309
263.0,43.81,43.80946174287068,-0.0005382571293210958
264.0,43.83,43.82818975688525,-0.0018102431147468678
265.0,43.85,43.846835692788915,-0.0031643072110867365
266.0,43.86,43.8653999098171,0.005399909817100479
267.0,43.88,43.8838827656585,0.003882765658495657
268.0,43.9,43.902284616460456,0.0022846164604573005
269.0,43.92,43.92060581683427,0.0006058168342661929
270.0,43.94,43.93884671986063,-0.0011532801393698833
271.0,43.96,43.95700767709507,-0.0029923229049302336
272.0,43.97,43.9750890385734,0.005089038573402149
273.0,43.99,43.99309115281736,0.0030911528173547254
274.0,44.01,44.01101436684003,0.0010143668400317551
275.0,44.03,44.02885902615165,-0.001140973848350768
276.0,44.05,44.04662547476504,-0.0033745252349604016
277.0,44.06,44.064314055201365,0.004314055201362521
278.0,44.08,44.08192510849587,0.001925108495868244
279.0,44.1,44.09945897420339,-0.0005410257966147469
280.0,44.12,44.11691599040425,-0.00308400959574584
281.0,44.13,44.13429649370995,0.004296493709944116
282.0,44.15,44.151600819268886,0.0016008192688872214
283.0,44.17,44.16882930077212,-0.0011706992278845973
284.0,44.18,44.18598227045917,0.005982270459170991
285.0,44.2,44.20306005912376,0.0030600591237543995
286.0,44.22,44.22006299611957,6.299611957416573e-05
287.0,44.24,44.23699140936614,-0.0030085906338612745
288.0,44.25,44.25384562535455,0.0038456253545504637
289.0,44.27,44.27062596915326,0.0006259691532548572
290.0,44.29,44.28733276441385,-0.002667235586152117
291.0,44.3,44.30396633337684,0.003966333376844489
292.0,44.32,44.32052699687752,0.0005269968775181155
293.0,44.34,44.33701507435161,-0.0029849256483913678
294.0,44.35,44.35343088384124,0.0034308838412400178
295.0,44.37,44.36977474200044,-0.00022525799955985804
296.0,44.38,44.3860469641011,0.006046964101095398
297.0,44.4,44.402247864038735,0.0022478640387362248
298.0,44.42,44.418377754338096,-0.0016222456619061631
299.0,44.43,44.434436946159025,0.0044369461590250125
300.0,44.45,44.450425749302084,0.00042574930208161277
301.0,44.46,44.466344472214324,0.006344472214323105
302.0,44.48,44.48219342199504,0.0021934219950452416
303.0,44.5,44.49797290440132,-0.0020270955986774197
304.0,44.51,44.513683223853825,0.0036832238538266893
305.0,44.53,44.52932468344235,-0.000675316557654071
306.0,44.54,44.54489758493165,0.004897584931647714
307.0,44.56,44.5604022287669,0.00040222876689455234
308.0,44.57,44.57583891407936,0.005838914079362212
309.0,44.59,44.59120793869202,0.0012079386920191837
310.0,44.61,44.6065095991251,-0.0034904008749023774
311.0,44.62,44.621744190601724,0.0017441906017268138
312.0,44.64,44.636912007053354,-0.003087992946646523
313.0,44.65,44.65201334112547,0.002013341125469026
314.0,44.67,44.6670484841829,-0.0029515158171022904
315.0,44.68,44.68201772631553,0.0020177263155289893
316.0,44.7,44.69692135634352,-0.003078643656479585
317.0,44.71,44.71175966182305,0.0017596618230513172
318.0,44.73,44.72653292905158,-0.003467070948417472
319.0,44.74,44.74124144307335,0.0012414430733471704
320.0,44.75,44.75588548768475,0.005885487684750501
321.0,44.77,44.770465345439696,0.0004653454396930101
322.0,44.78,44.78498129765506,0.004981297655056949
323.0,44.8,44.79943362441594,-0.0005663755840572549
324.0,44.81,44.813822604581055,0.0038226045810532128
325.0,44.83,44.82814851578806,-0.0018514842119401465
326.0,44.84,44.84241163445874,0.0024116344587383765
327.0,44.86,44.856612235804334,-0.0033877641956649995
328.0,44.87,44.8707505938309,0.0007505938309009252
329.0,44.88,44.88482698134432,0.004826981344315584
330.0,44.9,44.898841669955644,-0.0011583300443547273
331.0,44.91,44.91279493008633,0.0027949300863312487
332.0,44.93,44.9266870309733,-0.003312969026701751
333.0,44.94,44.94051824067411,0.0005182406741113255
334.0,44.95,44.954288826072144,0.004288826072141205
335.0,44.97,44.96799905288166,-0.0020009471183399796
336.0,44.98,44.98164918565293,0.0016491856529299298
337.0,44.99,44.99523948777721,0.005239487777210172
338.0,45.01,45.008770221491915,-0.0012297785080832568
339.0,45.02,45.02224164788557,0.0022416478855689093
340.0,45.03,45.0356540269028,0.005654026902796261
341.0,45.05,45.04900761734939,-0.0009923826506081923
342.0,45.06,45.062302676897154,0.002302676897151912
343.0,45.07,45.07553946208897,0.005539462088968605
344.0,45.09,45.08871822834368,-0.0012817716563233716
345.0,45.1,45.10183922996095,0.001839229960950206
346.0,45.11,45.11490272012619,0.004902720126189308
347.0,45.13,45.12790895091543,-0.002091049084569363
348.0,45.14,45.14085817330015,0.000858173300152032
349.0,45.15,45.153750637152115,0.0037506371521160986
350.0,45.17,45.16658659124809,-0.0034134087519106515
351.0,45.18,45.17936628327475,-0.0006337167252468134
352.0,45.19,45.19208995983344,0.0020899598334409575
353.0,45.2,45.20475786644478,0.004757866444776937
354.0,45.22,45.21737024755355,-0.002629752446445366
355.0,45.23,45.22992734653324,-7.265346675922046e-05
356.0,45.24,45.242429405690885,0.002429405690882902
357.0,45.25,45.25487666627162,0.004876666271620422
358.0,45.27,45.26726936846338,-0.002730631536621786
359.0,45.28,45.279607751401485,-0.0003922485985157209
360.0,45.29,45.291892053173235,0.0018920531732362633
361.0,45.3,45.30412251082255,0.004122510822554659
362.0,45.31,45.316299360354584,0.0062993603545820065
363.0,45.33,45.32842283674002,-0.0015771632599808072
364.0,45.34,45.340493173919924,0.0004931739199207641
365.0,45.35,45.35251060480998,0.002510604809977224
366.0,45.36,45.364475361305196,0.004475361305196657
367.0,45.38,45.37638767428413,-0.003612325715870668
368.0,45.39,45.38824777361361,-0.0017522263863938292
369.0,45.4,45.40005588815297,5.5888152971306226e-05
370.0,45.41,45.4118122457585,0.0018122457585008078
371.0,45.42,45.42351707328788,0.0035170732878810895
372.0,45.43,45.43517059660451,0.005170596604507693
373.0,45.45,45.44677304058189,-0.003226959418114461
374.0,45.46,45.45832462910795,-0.0016753708920518307
375.0,45.47,45.46982558508936,-0.00017441491063863168
376.0,45.48,45.48127613045581,0.001276130455813984
377.0,45.49,45.492676486164314,0.002676486164311598
378.0,45.5,45.50402687220345,0.004026872203446885
379.0,45.51,45.51532750759765,0.005327507597648662
380.0,45.53,45.5265786104113,-0.003421389588702084
381.0,45.54,45.537780397753146,-0.0022196022468534693
382.0,45.55,45.54893308578028,-0.0010669142197201609
383.0,45.56,45.56003688970238,3.688970237902822e-05
384.0,45.57,45.57109202378594,0.0010920237859366466
385.0,45.58,45.58209870135828,0.0020987013582782765
386.0,45.59,45.59305713481173,0.003057134811726314
387.0,45.6,45.603967535607744,0.003967535607742434
388.0,45.61,45.61483011428087,0.004830114280871101
389.0,45.62,45.62564508044293,0.005645080442931771
390.0,45.64,45.63641264278702,-0.003587357212978759
391.0,45.65,45.647133009091505,-0.0028669909084939604
392.0,45.66,45.65780638622411,-0.0021936137758871155
393.0,45.67,45.66843298014578,-0.00156701985422103
394.0,45.68,45.67901299591473,-0.0009870040852675288
395.0,45.69,45.68954663769046,-0.00045336230953552104
396.0,45.7,45.70003410873758,3.410873758014077e-05
397.0,45.71,45.710475611429835,0.00047561142983454374
398.0,45.72,45.720871347253855,0.0008713472538559586
399.0,45.73,45.731221516813235,0.0012215168132385656
400.0,45.74,45.741526319832246,0.0015263198322443827
401.0,45.75,45.751785955159804,0.0017859551598036205
402.0,45.76,45.762000620773215,0.0020006207732166104
403.0,45.77,45.77217051378207,0.0021705137820688947
404.0,45.78,45.782295830432005,0.002295830432004209
405.0,45.79,45.79237676610842,0.0023767661084193037
406.0,45.8,45.80241351534044,0.0024135153404429843
407.0,45.81,45.81240627180449,0.0024062718044888243
408.0,45.82,45.822355228328064,0.0023552283280636743
409.0,45.83,45.83226057689351,0.002260576893512223
410.0,45.84,45.84212250864172,0.002122508641718923
411.0,45.85,45.851941213875705,0.0019412138757033404
412.0,45.86,45.86171688206447,0.0017168820644712923
413.0,45.87,45.87144970184646,0.0014497018464609823
414.0,45.88,45.88113986103333,0.0011398610333301917
415.0,45.89,45.89078754661359,0.0007875466135871534
416.0,45.9,45.90039294475608,0.00039294475607931645
417.0,45.91,45.909956240813635,-4.375918636156939e-05
418.0,45.92,45.9194776193267,-0.0005223806733027914
419.0,45.93,45.928957264026884,-0.0010427359731153274
420.0,45.94,45.938395357840406,-0.0016046421595916627
421.0,45.95,45.947792082891716,-0.0022079171082864946
422.0,45.96,45.95714762050703,-0.0028523794929711244
423.0,45.97,45.96646215121775,-0.003537848782251274
424.0,45.97,45.97573585476398,0.005735854763983639
425.0,45.98,45.984968910098,0.004968910098000379
426.0,45.99,45.994161495387736,0.004161495387734249
427.0,46.0,46.00331378802017,0.003313788020172126
428.0,46.01,46.012425964604766,0.0024259646047681827
429.0,46.02,46.02149820097688,0.0014982009768758076
430.0,46.03,46.03053067220115,0.0005306722011511056
431.0,46.04,46.0395235525749,-0.0004764474251004458
432.0,46.05,46.04847701563149,-0.001522984368506286
433.0,46.06,46.05739123414361,-0.002608765856393802
434.0,46.07,46.06626638012671,-0.0037336198732873527
435.0,46.07,46.07510262484223,0.005102624842230341
436.0,46.08,46.08390013880099,0.0039001388009936022
437.0,46.09,46.09265909176641,0.002659091766403776
438.0,46.1,46.10137965275779,0.00137965275779095
439.0,46.11,46.11006199005364,6.199005363782817e-05
440.0,46.12,46.11870627119483,-0.0012937288051659834
441.0,46.13,46.12731266298793,-0.0026873370120696904
442.0,46.13,46.13588133150828,0.005881331508277299
443.0,46.14,46.1444124421034,0.004412442103401304
444.0,46.15,46.15290615939598,0.0029061593959838206
445.0,46.16,46.16136264728715,0.0013626472871521855
446.0,46.17,46.1697820689597,-0.00021793104030365384
447.0,46.18,46.17816458688107,-0.0018354131189326495
448.0,46.19,46.18651036280665,-0.0034896371933470505
449.0,46.19,46.1948195577828,0.004819557782802519
450.0,46.2,46.20309233215001,0.00309233215000404
451.0,46.21,46.21132884554595,0.001328845545948809
452.0,46.22,46.2195292569086,-0.0004707430913981625
453.0,46.23,46.22769372447924,-0.0023062755207590158
454.0,46.23,46.235822405805585,0.00582240580558846
455.0,46.24,46.24391545774477,0.0039154577447675365
456.0,46.25,46.251973036466495,0.0019730364664951594
457.0,46.26,46.25999529745577,-4.702544231349748e-06
458.0,46.27,46.26798239551624,-0.002017604483761204
459.0,46.27,46.27593448477293,0.005934484772929238
460.0,46.28,46.2838517186754,0.0038517186753992405
461.0,46.29,46.29173425000052,0.0017342500005241845
462.0,46.3,46.29958223085558,-0.0004177691444198217
463.0,46.31,46.30739581268108,-0.002604187318922868
464.0,46.31,46.315175146253814,0.005175146253812102
465.0,46.32,46.322920381689684,0.002920381689683893
466.0,46.33,46.330631668446586,0.0006316684465872413
467.0,46.34,46.33830915532728,-0.0016908446727228466
468.0,46.35,46.34595299048241,-0.00404700951759196
469.0,46.35,46.353563321413134,0.0035633214131323143
470.0,46.36,46.361140294974135,0.0011402949741352586
471.0,46.37,46.36868405737645,-0.001315942623548949
472.0,46.38,46.37619475419018,-0.003805245809822111
473.0,46.38,46.38367253034736,0.0036725303473588156
474.0,46.39,46.391117530144854,0.0011175301448531627
475.0,46.4,46.398529897246966,-0.0014701027530321653
476.0,46.41,46.40590977468833,-0.004090225311664142
477.0,46.41,46.41325730487662,0.0032573048766266766
478.0,46.42,46.42057262959533,0.0005726295953252247
479.0,46.43,46.42785589000651,-0.002144109993487575
480.0,46.43,46.435107226653365,0.00510722665336516
481.0,46.44,46.442326779463286,0.0023267794632886307
482.0,46.45,46.449514687750096,-0.0004853122499071105
483.0,46.46,46.45667109021714,-0.0033289097828586023
484.0,46.46,46.46379612495977,0.0037961249597699975
485.0,46.47,46.47088992946804,0.0008899294680446701
486.0,46.48,46.47795264062932,-0.0020473593706782367
487.0,46.48,46.484984394731036,0.004984394731039288
488.0,46.49,46.49198532746321,0.001985327463209785
489.0,46.5,46.49895557392113,-0.0010444260788702309
490.0,46.51,46.50589526860797,-0.00410473139202594
491.0,46.51,46.51280454543728,0.002804545437278705
492.0,46.52,46.51968353773564,-0.00031646226436521374
493.0,46.53,46.52653237824538,-0.003467621754623451
494.0,46.53,46.53335119912681,0.003351199126811366
495.0,46.54,46.540140131961074,0.00014013196107498516
496.0,46.55,46.54689930775254,-0.0031006922474574594
497.0,46.55,46.55362885693138,0.0036288569313853714
498.0,46.56,46.560328909356045,0.00032890935604257265
499.0,46.57,46.56699959431579,-0.003000405684211671
500.0,46.57,46.57364104053322,0.0036410405332176765
501.0,46.58,46.58025337616665,0.0002533761666541068
502.0,46.59,46.58683672881271,-0.0031632711872902064
503.0,46.59,46.593391225508796,0.0033912255087926724
504.0,46.6,46.599916992735395,-8.300726460674923e-05
505.0,46.61,46.6064141564186,-0.0035858435813977962
506.0,46.61,46.612882841932645,0.0028828419326458743
507.0,46.62,46.61932317410212,-0.0006768258978766539
508.0,46.63,46.62573527720457,-0.004264722795433329
509.0,46.63,46.632119274972766,0.0021192749727632076
510.0,46.64,46.63847529059713,-0.001524709402872304
511.0,46.64,46.644803446728176,0.004803446728175231
512.0,46.65,46.65110386547879,0.0011038654787896007
513.0,46.66,46.65737666842655,-0.002623331573445853
514.0,46.66,46.66362197661623,0.0036219766162304268
515.0,46.67,46.66983991056201,-0.00016008943799050712
516.0,46.68,46.676030590249866,-0.003969409750133934
517.0,46.68,46.68219413513978,0.0021941351397813946
518.0,46.69,46.688330664168205,-0.0016693358317922957
519.0,46.69,46.694440295750226,0.004440295750228529
520.0,46.7,46.70052314778192,0.0005231477819194197
521.0,46.71,46.70657933764255,-0.003420662357449089
522.0,46.71,46.712608982196976,0.0026089821969748073
523.0,46.72,46.71861219779776,-0.0013878022022382197
524.0,46.72,46.72458910028747,0.004589100287468284
525.0,46.73,46.73053980500094,0.0005398050009404187
526.0,46.74,46.736464426767455,-0.0035355732325470512
527.0,46.74,46.74236307991297,0.0023630799129676916
528.0,46.75,46.74823587826239,-0.001764121737608093
529.0,46.75,46.75408293514165,0.0040829351416533655
530.0,46.76,46.75990436337997,-9.563662003131412e-05
531.0,46.77,46.765700275312014,-0.004299724687989226
532.0,46.77,46.77147078278011,0.001470782780110369
533.0,46.78,46.77721599713631,-0.002784002863691626
534.0,46.78,46.78293602924458,0.0029360292445801406
535.0,46.79,46.788630989483025,-0.001369010516974356
536.0,46.79,46.79430098774589,0.004300987745892826
537.0,46.8,46.799946133445715,-5.386655428196718e-05
538.0,46.81,46.80556653551557,-0.00443346448443549
539.0,46.81,46.811162302410864,0.001162302410861571
540.0,46.82,46.8167335421118,-0.0032664578882020123
541.0,46.82,46.82228036212521,0.0022803621252123207
542.0,46.83,46.827802869486746,-0.002197130513252432
543.0,46.83,46.83330117076286,0.003301170762860295
544.0,46.84,46.83877537205293,-0.0012246279470744525
545.0,46.84,46.84422557899128,0.0042255789912744035
546.0,46.85,46.84965189674921,-0.0003481032507934856
547.0,46.85,46.85505443003704,0.005054430037041868
548.0,46.86,46.860433283106204,0.00043328310620438515
549.0,46.87,46.86578855975101,-0.0042114402489872305
550.0,46.87,46.871120363310986,0.0011203633109886368
551.0,46.88,46.87642879667262,-0.0035712033273824773
552.0,46.88,46.881713962271434,0.0017139622714310576
553.0,46.89,46.88697596209398,-0.003024037906023125
554.0,46.89,46.89221489767979,0.002214897679792216
555.0,46.9,46.89743087012333,-0.0025691298766687964
556.0,46.9,46.90262398007595,0.002623980075952659
557.0,46.91,46.90779432774779,-0.0022056722522094674
558.0,46.91,46.91294201290979,0.0029420129097914582
559.0,46.92,46.91806713489559,-0.001932865104414816
560.0,46.92,46.9231697926034,0.0031697926034013335
561.0,46.93,46.92825008449796,-0.0017499155020388457
562.0,46.93,46.933308108612415,0.0033081086124155945
563.0,46.94,46.938343962550206,-0.00165603744979137
564.0,46.94,46.943357743487,0.0033577434870011302
565.0,46.95,46.948349548172466,-0.0016504518275368696
566.0,46.95,46.9533194729323,0.003319472932297174
567.0,46.96,46.95826761366987,-0.0017323863301328402
568.0,46.96,46.96319406586824,0.0031940658682358958
569.0,46.97,46.96809892459197,-0.0019010754080284187
570.0,46.97,46.97298228448889,0.002982284488894038
571.0,46.98,46.977844239792,-0.0021557602079980143
572.0,46.98,46.9826848843213,0.002684884321304537
573.0,46.99,46.987504311485495,-0.0024956885145073215
574.0,46.99,46.992302614283915,0.002302614283912874
575.0,47.0,46.99707988530822,-0.0029201146917827714
576.0,47.0,47.00183621674421,0.001836216744209196
577.0,47.01,47.00657170037368,-0.003428299626321518
578.0,47.01,47.011286427576096,0.0012864275760975374
579.0,47.02,47.015980489330396,-0.0040195106696074845
580.0,47.02,47.020653976216714,0.0006539762167108165
581.0,47.03,47.02530697841821,-0.004693021581793744
582.0,47.03,47.02993958572276,-6.041427724312598e-05
583.0,47.03,47.03455188752455,0.004551887524549159
584.0,47.04,47.039143972826146,-0.0008560271738531355
585.0,47.04,47.04371593023983,0.0037159302398279692
586.0,47.05,47.048267847989564,-0.0017321520104331967
587.0,47.05,47.05279981391262,0.0027998139126239607
588.0,47.06,47.057311915461185,-0.0026880845388177477
589.0,47.06,47.0618042397042,0.0018042397041995173
590.0,47.07,47.06627687332894,-0.003723126671062005
591.0,47.07,47.07072990264274,0.0007299026427389776
592.0,47.08,47.07516341357461,-0.004836586425390976
593.0,47.08,47.07957749167687,-0.0004225083231261806
594.0,47.08,47.083972222127,0.003972222127003988
595.0,47.09,47.08834768972898,-0.0016523102710266357
596.0,47.09,47.09270397891513,0.0027039789151288574
597.0,47.1,47.097041173747755,-0.002958826252246638
598.0,47.1,47.101359357920536,0.001359357920534876
599.0,47.11,47.1056586147605,-0.004341385239499118
600.0,47.11,47.10993902722933,-6.097277066885454e-05
601.0,47.11,47.114200677925105,0.004200677925105367
602.0,47.12,47.11844364908386,-0.0015563509161395928
603.0,47.12,47.122668022581124,0.002668022581126195
604.0,47.13,47.12687387993368,-0.0031261200663195154
605.0,47.13,47.13106130230085,0.0010613023008474443
606.0,47.14,47.13523037048633,-0.004769629513667439
607.0,47.14,47.13938116493962,-0.0006188350603792969
608.0,47.14,47.14351376575755,0.003513765757546139
609.0,47.15,47.14762825268595,-0.002371747314050765
610.0,47.15,47.151724705121055,0.0017247051210560471
611.0,47.16,47.155803202111066,-0.004196797888930348
612.0,47.16,47.15986382235778,-0.00013617764221862672
613.0,47.16,47.163906644217995,0.003906644217998689
614.0,47.17,47.16793174570502,-0.0020682542949828076
615.0,47.17,47.171939204490286,0.0019392044902843963
616.0,47.18,47.17592909790473,-0.004070902095271833
617.0,47.18,47.17990150294034,-9.849705966047395e-05
618.0,47.18,47.18385649625167,0.003856496251671615
619.0,47.19,47.187794154157224,-0.0022058458427736127
620.0,47.19,47.191714552641045,0.0017145526410473622
621.0,47.2,47.19561776735411,-0.004382232645895101
622.0,47.2,47.199503873615775,-0.0004961263842275798
623.0,47.2,47.20337294641527,0.0033729464152685296
624.0,47.21,47.20722506041317,-0.0027749395868283955
625.0,47.21,47.211060289942814,0.001060289942813597
626.0,47.22,47.2148787090116,-0.005121290988398641
627.0,47.22,47.21868039130269,-0.0013196086973081833
628.0,47.22,47.222465410176184,0.002465410176185401
629.0,47.23,47.226233838670666,-0.0037661613293309415
630.0,47.23,47.229985749504614,-1.425049538283929e-05
631.0,47.23,47.23372121507769,0.003721215077696627
632.0,47.24,47.23744030747231,-0.0025596925276900606
633.0,47.24,47.24114309845483,0.0011430984548255196
634.0,47.25,47.24482965947715,-0.005170340522852257
635.0,47.25,47.248500061677895,-0.0014999383221052653
636.0,47.25,47.25215437588393,0.0021543758839328575
637.0,47.26,47.255792672611676,-0.004207327388321858
638.0,47.26,47.25941502206843,-0.0005849779315667547
639.0,47.26,47.26302149415381,0.0030214941538133644
640.0,47.27,47.26661215846101,-0.0033878415389949623
641.0,47.27,47.27018708427821,0.00018708427820968154
642.0,47.27,47.27374634058985,0.0037463405898492397
643.0,47.28,47.277289996078046,-0.002710003921954751
644.0,47.28,47.28081811912386,0.0008181191238563201
645.0,47.28,47.28433077780865,0.004330777808647213
646.0,47.29,47.28782803991526,-0.002171960084737634
647.0,47.29,47.29130997292951,0.001309972929512071
648.0,47.3,47.29477664404146,-0.005223355958534626
649.0,47.3,47.298228120146575,-0.001771879853421865
650.0,47.3,47.301664467847175,0.0016644678471777752
651.0,47.31,47.30508575345361,-0.00491424654639161
652.0,47.31,47.30849204298554,-0.0015079570144607146
653.0,47.31,47.31188340217335,0.0018834021733482587
654.0,47.32,47.31525989645926,-0.004740103540740392
655.0,47.32,47.31862159099866,-0.0013784090013402306
656.0,47.32,47.321968550661325,0.0019685506613242865
657.0,47.33,47.32530084003275,-0.004699159967245237
658.0,47.33,47.32861852341524,-0.0013814765847612875
659.0,47.33,47.331921664829366,0.0019216648293678418
660.0,47.34,47.33521032801508,-0.004789671984923416
661.0,47.34,47.33848457643286,-0.0015154235671417382
662.0,47.34,47.341744473265095,0.0017444732650915284
663.0,47.35,47.344990081417166,-0.005009918582835837
664.0,47.35,47.34822146351883,-0.0017785364811686577
665.0,47.35,47.35143868192528,0.0014386819252791838
666.0,47.36,47.354641798718376,-0.005358201281623565
667.0,47.36,47.357830875707876,-0.00216912429212357
668.0,47.36,47.36100597443262,0.001005974432622736
669.0,47.36,47.364167156161706,0.004167156161706487
670.0,47.37,47.3673144818957,-0.0026855181043003995
671.0,47.37,47.37044801236778,0.00044801236778369
672.0,47.37,47.37356780804489,0.0035678080448917626
673.0,47.38,47.37667392912894,-0.003326070871061404
674.0,47.38,47.37976643555805,-0.00023356444195599124
675.0,47.38,47.38284538700753,0.0028453870075253462
676.0,47.39,47.385910842891164,-0.004089157108836616
677.0,47.39,47.38896286236226,-0.0010371376377378283
678.0,47.39,47.39200150431496,0.0020015043149612666
679.0,47.4,47.395026827385166,-0.004973172614832322
680.0,47.4,47.39803888995176,-0.0019611100482350707
681.0,47.4,47.40103775013782,0.0010377501378187048
682.0,47.4,47.4040234658116,0.004023465811599181
683.0,47.41,47.4069960945877,-0.0030039054122994457
684.0,47.41,47.40995569382825,-4.430617174477902e-05
685.0,47.41,47.412902320643916,0.002902320643919154
686.0,47.42,47.41583603189504,-0.004163968104961668
687.0,47.42,47.41875688419267,-0.0012431158073340498
688.0,47.42,47.42166493389981,0.0016649338998107055
689.0,47.43,47.424560237132404,-0.005439762867595732
690.0,47.43,47.42744284976038,-0.002557150239617556
691.0,47.43,47.43031282740883,0.00031282740882687676
692.0,47.43,47.433170225458966,0.0031702254589660583
693.0,47.44,47.43601509904936,-0.00398490095064119
694.0,47.44,47.43884750307683,-0.0011524969231686555
695.0,47.44,47.441667492197546,0.0016674921975479151
696.0,47.45,47.44447512082818,-0.005524879171822761
697.0,47.45,47.447270443146834,-0.0027295568531684467
698.0,47.45,47.45005351309415,5.3513094144364004e-05
699.0,47.45,47.45282438437438,0.0028243843743780417
700.0,47.46,47.455583110456324,-0.004416889543676916
701.0,47.46,47.458329744574456,-0.0016702554255445534
702.0,47.46,47.461064339729916,0.0010643397299148205
703.0,47.46,47.46378694869148,0.003786948691477221
704.0,47.47,47.466497623996695,-0.003502376003304164
705.0,47.47,47.469196417952816,-0.0008035820471832267
706.0,47.47,47.47188338263775,0.0018833826377502305
707.0,47.48,47.474558569901234,-0.005441430098763078
708.0,47.48,47.477222031365685,-0.0027779686343123444
709.0,47.48,47.47987381842731,-0.00012618157268917685
710.0,47.48,47.48251398225697,0.0025139822569713033
711.0,47.49,47.48514257380122,-0.0048574261987823775
712.0,47.49,47.487759643783384,-0.002240356216617556
713.0,47.49,47.490365242704435,0.00036524270443294427
714.0,47.49,47.49295942084396,0.0029594208439576164
715.0,47.5,47.49554222826117,-0.004457771738827887
716.0,47.5,47.49811371479588,-0.0018862852041223732
717.0,47.5,47.50067393006945,0.0006739300694533767
718.0,47.5,47.5032229234857,0.003222923485701301
719.0,47.51,47.50576074423194,-0.0042392557680557275
720.0,47.51,47.50828744127988,-0.0017125587201149983
721.0,47.51,47.51080306338656,0.0008030633865629966
722.0,47.51,47.51330765909535,0.0033076590953484697
723.0,47.52,47.515801276736816,-0.004198723263186821
724.0,47.52,47.518283964429656,-0.001716035570346719
725.0,47.52,47.52075577008171,0.0007557700817102386
726.0,47.52,47.52321674139084,0.0032167413908368303
727.0,47.53,47.52566692584575,-0.004333074154253325
728.0,47.53,47.52810637072704,-0.0018936292729634374
729.0,47.53,47.53053512310812,0.0005351231081220931
730.0,47.53,47.53295322985605,0.002953229856046846
731.0,47.54,47.5353607376324,-0.004639262367597041
732.0,47.54,47.5377576928943,-0.002242307105696284
733.0,47.54,47.54014414189516,0.0001441418951628748
734.0,47.54,47.5425201306857,0.0025201306857027816
735.0,47.55,47.54488570511485,-0.005114294885146364
736.0,47.55,47.54724091083049,-0.0027590891695083997
737.0,47.55,47.54958579328044,-0.0004142067195544996
738.0,47.55,47.55192039771333,0.0019203977133344097
739.0,47.56,47.554244769179434,-0.005755230820568613
740.0,47.56,47.55655895253163,-0.003441047468371039
741.0,47.56,47.55886299242606,-0.0011370075739449703
742.0,47.56,47.561156933323275,0.001156933323272824
743.0,47.56,47.56344081948893,0.003440819488929492
744.0,47.57,47.56571469499456,-0.004285305005439
745.0,47.57,47.56797860371861,-0.00202139628139264
746.0,47.57,47.57023258934715,0.00023258934714931456
747.0,47.57,47.57247669537477,0.002476695374767246
748.0,47.58,47.574710965105474,-0.005289034894524036
749.0,47.58,47.576935441653404,-0.0030645583465940263
750.0,47.58,47.579150167943766,-0.0008498320562324579
751.0,47.58,47.58135518671354,0.0013551867135390694
752.0,47.58,47.58355054051248,0.0035505405124851563
753.0,47.59,47.585736271703766,-0.004263728296237446
754.0,47.59,47.58791242246492,-0.002087577535085927
755.0,47.59,47.5900790347886,7.90347885981646e-05
756.0,47.59,47.59223615048336,0.002236150483355459
757.0,47.6,47.594383811174566,-0.005616188825435131
758.0,47.6,47.59652205830511,-0.0034779416948893527
759.0,47.6,47.59865093313621,-0.0013490668637885506
760.0,47.6,47.60077047674823,0.0007704767482294983
761.0,47.6,47.60288073004151,0.002880730041511015
762.0,47.61,47.60498173373705,-0.005018266262950988
763.0,47.61,47.607073528377455,-0.0029264716225441134
764.0,47.61,47.60915615432752,-0.0008438456724775278
765.0,47.61,47.61122965177522,0.0012296517752190539
766.0,47.61,47.613294060732315,0.003294060732315529
767.0,47.62,47.61534942103515,-0.004650578964849217
768.0,47.62,47.61739577234556,-0.002604227654437352
769.0,47.62,47.619433154151494,-0.0005668458485033057
770.0,47.62,47.62146160576776,0.0014616057677656613
771.0,47.62,47.623481166336965,0.0034811663369680446
772.0,47.63,47.62549187482999,-0.0045081251700125335
773.0,47.63,47.62749377004703,-0.0025062299529707843
774.0,47.63,47.629486890618146,-0.0005131093818562249
775.0,47.63,47.63147127500414,0.0014712750041354639
776.0,47.63,47.63344696149715,0.003446961497147072
777.0,47.64,47.63541398822155,-0.004586011778449972
778.0,47.64,47.63737239313454,-0.0026276068654595974
779.0,47.64,47.63932221402699,-0.0006777859730107139
780.0,47.64,47.641263488524146,0.001263488524145373
781.0,47.64,47.64319625408625,0.003196254086248018
782.0,47.65,47.645120548009466,-0.004879451990532857
783.0,47.65,47.647036407426356,-0.0029635925736428703
784.0,47.65,47.64894386930685,-0.001056130693150692
785.0,47.65,47.65084297045873,0.0008429704587342712
786.0,47.65,47.652733747528515,0.002733747528516517
787.0,47.66,47.654616237002074,-0.005383762997922759
788.0,47.66,47.6564904752053,-0.00350952479469413
789.0,47.66,47.658356498304975,-0.0016435016950211434
790.0,47.66,47.66021434230921,0.00021434230921357766
791.0,47.66,47.662064043068426,0.002064043068429555
792.0,47.67,47.66390563627583,-0.0060943637241734905
793.0,47.67,47.66573915746821,-0.004260842531792264
794.0,47.67,47.667564642026534,-0.0024353579734679442
795.0,47.67,47.669382125176774,-0.0006178748232272824
796.0,47.67,47.67119164199042,0.0011916419904167697
797.0,47.67,47.67299322738533,0.002993227385324815
798.0,47.68,47.674786916126195,-0.005213083873805147
799.0,47.68,47.67657274282538,-0.0034272571746214453
800.0,47.68,47.67835074194362,-0.0016492580563820525
801.0,47.68,47.68012094779047,0.00012094779047089332
802.0,47.68,47.68188339452519,0.0018833945251870432
803.0,47.68,47.683638116157255,0.003638116157254956
804.0,47.69,47.68538514654711,-0.00461485345288537
805.0,47.69,47.68712451940679,-0.002875480593210966
806.0,47.69,47.68885626830054,-0.001143731699457362
807.0,47.69,47.69058042664547,0.0005804266454703111
808.0,47.69,47.69229702771224,0.002297027712245381
809.0,47.7,47.69400610462574,-0.005993895374260205
810.0,47.7,47.69570769036557,-0.004292309634429614
811.0,47.7,47.69740181776678,-0.00259818223322128
812.0,47.7,47.69908851952056,-0.0009114804794450038
813.0,47.7,47.7007678281748,0.0007678281747942606
814.0,47.7,47.70243977613469,0.0024397761346861557
815.0,47.71,47.70410439566339,-0.0058956043366080735
816.0,47.71,47.705761718882684,-0.004238281117316944
817.0,47.71,47.70741177777351,-0.002588222226492576
818.0,47.71,47.70905460417664,-0.0009453958233578419
819.0,47.71,47.710690229793315,0.0006902297933137902
820.0,47.71,47.71231868618578,0.002318686185780905
821.0,47.72,47.71394000477799,-0.006059995222010173
822.0,47.72,47.71555421685615,-0.00444578314385069
823.0,47.72,47.71716135356925,-0.002838646430745939
824.0,47.72,47.71876144592984,-0.0012385540701558284
825.0,47.72,47.72035452481453,0.0003545248145329083
826.0,47.72,47.72194062096456,0.0019406209645609351
827.0,47.72,47.72351976498644,0.003519764986442908
828.0,47.73,47.72509198735252,-0.004908012647476312
829.0,47.73,47.726657318401614,-0.003342681598383024
830.0,47.73,47.72821578833949,-0.001784211660506685
831.0,47.73,47.72976742723962,-0.0002325727603746941
832.0,47.73,47.73131226504353,0.0013122650435306582
833.0,47.73,47.73285033156162,0.0028503315616248415
834.0,47.74,47.73438165647357,-0.0056183435264287596
835.0,47.74,47.735906269328964,-0.0040937306710375765
836.0,47.74,47.73742419954794,-0.002575800452063959
837.0,47.74,47.73893547642157,-0.001064523578435228
838.0,47.74,47.74044012911264,0.0004401291126399087
839.0,47.74,47.741938186656,0.0019381866559982086
840.0,47.74,47.74342967795937,0.0034296779593674387
841.0,47.75,47.744914631803645,-0.005085368196354523
842.0,47.75,47.74639307684363,-0.00360692315636868
843.0,47.75,47.74786504160854,-0.002134958391458497
844.0,47.75,47.749330554502485,-0.0006694454975146868
845.0,47.75,47.75078964380511,0.0007896438051133714
846.0,47.75,47.75224233767215,0.0022423376721505406
847.0,47.76,47.75368866413582,-0.00631133586417576
848.0,47.76,47.75512865110556,-0.004871348894440075
849.0,47.76,47.756562326368446,-0.0034376736315522294
850.0,47.76,47.75798971758975,-0.002010282410246589
851.0,47.76,47.75941085231348,-0.0005891476865187428
852.0,47.76,47.76082575796295,0.0008257579629500356
853.0,47.76,47.762234461841224,0.0022344618412262207
854.0,47.77,47.76363699113176,-0.006363008868241593
855.0,47.77,47.76503337289878,-0.00496662710122564
856.0,47.77,47.766423634087936,-0.0035763659120675584
857.0,47.77,47.767807801526736,-0.0021921984732671262
858.0,47.77,47.76918590192514,-0.0008140980748621018
859.0,47.77,47.77055796187605,0.0005579618760478411
860.0,47.77,47.7719240078557,0.001924007855699017
861.0,47.77,47.77328406622439,0.003284066224388482
862.0,47.78,47.774638163226804,-0.005361836773197126
863.0,47.78,47.77598632499265,-0.004013675007350059
864.0,47.78,47.77732857753706,-0.0026714224629387218
865.0,47.78,47.77866494676117,-0.0013350532388329839
866.0,47.78,47.77999545845256,-4.541547440339855e-06
867.0,47.78,47.78132013828577,0.001320138285770156
868.0,47.78,47.782639011822845,0.002639011822843429
869.0,47.79,47.78395210451375,-0.006047895486247512
870.0,47.79,47.78525944169692,-0.004740558303076625
871.0,47.79,47.78656104859972,-0.003438951400276835
872.0,47.79,47.78785695033894,-0.0021430496610577165
873.0,47.79,47.78914717192128,-0.0008528280787203357
874.0,47.79,47.7904317382438,0.00043173824379749703
875.0,47.79,47.79171067409452,0.0017106740945180832
876.0,47.79,47.79298400415272,0.002984004152722264
877.0,47.8,47.79425175298955,-0.005748247010444629
878.0,47.8,47.79551394506843,-0.004486054931568617
879.0,47.8,47.79677060474559,-0.0032293952544080184
880.0,47.8,47.798021756270465,-0.0019782437295319255
881.0,47.8,47.79926742378622,-0.0007325762137782021
882.0,47.8,47.80050763133022,0.0005076313302225799
883.0,47.8,47.801742402834435,0.0017424028344379394
884.0,47.8,47.802971762125935,0.002971762125937971
885.0,47.81,47.80419573292736,-0.005804267072640812
886.0,47.81,47.80541433885743,-0.00458566114257053
887.0,47.81,47.806627603431224,-0.003372396568778413
888.0,47.81,47.80783555006083,-0.0021644499391726413
889.0,47.81,47.80903820205572,-0.000961797944285081
890.0,47.81,47.810235582623115,0.00023558262311240696
891.0,47.81,47.81142771486866,0.0014277148686545615
892.0,47.81,47.81261462179657,0.0026146217965674623
893.0,47.82,47.813796326310346,-0.006203673689654465
894.0,47.82,47.81497285121302,-0.005027148786979296
895.0,47.82,47.816144219207715,-0.003855780792285657
896.0,47.82,47.81731045289801,-0.0026895471019869888
897.0,47.82,47.818471574788475,-0.0015284252115250752
898.0,47.82,47.81962760728493,-0.0003723927150716122
899.0,47.82,47.82077857269512,0.0007785726951183847
900.0,47.82,47.821924493228906,0.0019244932289055328
901.0,47.82,47.82306539099886,0.003065390998862938
902.0,47.83,47.82420128802059,-0.005798711979409177
903.0,47.83,47.82533220621322,-0.004667793786779839
904.0,47.83,47.82645816739979,-0.0035418326002059075
905.0,47.83,47.827579193307734,-0.002420806692263966
906.0,47.83,47.82869530556922,-0.0013046944307788522
907.0,47.83,47.82980652572152,-0.0001934742784754917
908.0,47.83,47.83091287520764,0.0009128752076392743
909.0,47.83,47.83201437537652,0.0020143753765182737
910.0,47.83,47.83311104748351,0.0031110474835145396
911.0,47.84,47.83420291269087,-0.005797087309133531
912.0,47.84,47.83528999206804,-0.004710007931961968
913.0,47.84,47.83637230659213,-0.0036276934078713907
914.0,47.84,47.83744987714829,-0.0025501228517157415
915.0,47.84,47.83852272453013,-0.0014772754698739732
916.0,47.84,47.83959086944012,-0.0004091305598805661
917.0,47.84,47.840654332490004,0.0006543324900007974
918.0,47.84,47.84171313420116,0.0017131342011538209
919.0,47.84,47.842767295005025,0.0027672950050217082
920.0,47.85,47.84381683524349,-0.006183164756514259
921.0,47.85,47.84486177516927,-0.0051382248307305645
922.0,47.85,47.845902134946314,-0.004097865053687144
923.0,47.85,47.84693793465021,-0.003062065349794807
924.0,47.85,47.84796919426848,-0.002030805731521923
925.0,47.85,47.84899593370116,-0.0010040662988402005
926.0,47.85,47.85001817276091,1.817276091031772e-05
927.0,47.85,47.851035931173705,0.001035931173703375
928.0,47.85,47.85204922857894,0.0020492285789401876
929.0,47.85,47.853058084529934,0.0030580845299326143
930.0,47.86,47.854062518494416,-0.005937481505583264
931.0,47.86,47.85506254985463,-0.004937450145369837
932.0,47.86,47.85605819790794,-0.003941802092057856
933.0,47.86,47.85704948186718,-0.0029505181328204344
934.0,47.86,47.858036420860856,-0.0019635791391436896
935.0,47.86,47.859019033933734,-0.0009809660662654096
936.0,47.86,47.859997340047016,-2.6599529832083135e-06
937.0,47.86,47.86097135807884,0.0009713580788428544
938.0,47.86,47.86194110682463,0.0019411068246313334
939.0,47.86,47.86290660499737,0.002906604997370721
940.0,47.87,47.86386787122801,-0.006132128771987766
941.0,47.87,47.86482492406593,-0.005175075934069184
942.0,47.87,47.86577778197909,-0.00422221802090661
943.0,47.87,47.866726463354595,-0.0032735366454019754
944.0,47.87,47.86767098649891,-0.002329013501089605
945.0,47.87,47.868611369638224,-0.001388630361773835
946.0,47.87,47.86954763091894,-0.0004523690810600556
947.0,47.87,47.870479788407806,0.00047978840780871224
948.0,47.87,47.8714078600925,0.0014078600925060414
949.0,47.87,47.87233186388176,0.0023318638817642068
950.0,47.87,47.87325181760585,0.003251817605850249
951.0,47.88,47.8741677390169,-0.005832260983105186
952.0,47.88,47.87507964578924,-0.004920354210760536
953.0,47.88,47.8759875555197,-0.00401244448030269
954.0,47.88,47.87689148572798,-0.003108514272021523
955.0,47.88,47.87779145385699,-0.002208546143009471
956.0,47.88,47.87868747727323,-0.0013125227267707373
957.0,47.88,47.87957957326703,-0.0004204267329726008
958.0,47.88,47.88046775905295,0.00046775905294538234
959.0,47.88,47.881352051770094,0.0013520517700911228
960.0,47.88,47.88223246848241,0.002232468482404215
961.0,47.88,47.88310902617913,0.0031090261791248963
962.0,47.89,47.88398174177494,-0.006018258225061857
963.0,47.89,47.88485063211044,-0.005149367889558221
964.0,47.89,47.88571571395239,-0.004284286047607111
965.0,47.89,47.886577003994034,-0.0034229960059661835
966.0,47.89,47.88743451885554,-0.0025654811444582037
967.0,47.89,47.88828827508412,-0.0017117249158786763
968.0,47.89,47.889138289154474,-0.0008617108455268863
969.0,47.89,47.88998457746918,-1.542253082220668e-05
970.0,47.89,47.89082715635881,0.0008271563588095887
971.0,47.89,47.891666042082406,0.0016660420824052835
972.0,47.89,47.89250125082774,0.0025012508277413303
973.0,47.9,47.89333279871164,-0.006667201288358626
974.0,47.9,47.89416070178031,-0.005839298219690647
975.0,47.9,47.894984976009496,-0.005015023990502243
976.0,47.9,47.89580563730512,-0.004194362694875053
977.0,47.9,47.89662270150325,-0.00337729849675128
978.0,47.9,47.89743618437057,-0.0025638156294292003
979.0,47.9,47.89824610160465,-0.0017538983953500065
980.0,47.9,47.89905246883427,-0.0009475311657283214
981.0,47.9,47.899855301619695,-0.00014469838030350957
982.0,47.9,47.90065461545302,0.0006546154530227
983.0,47.9,47.901450425758384,0.0014504257583851654
984.0,47.9,47.902242747892345,0.002242747892346131
985.0,47.9,47.903031597144164,0.0030315971441652323
986.0,47.91,47.90381698873606,-0.006183011263935612
987.0,47.91,47.90459893782354,-0.0054010621764533084
988.0,47.91,47.905377459495725,-0.00462254050427191
989.0,47.91,47.906152568775454,-0.0038474312245426745
990.0,47.91,47.90692428061991,-0.003075719380085218
991.0,47.91,47.90769260992063,-0.0023073900793662006
992.0,47.91,47.90845757150384,-0.0015424284961582657
993.0,47.91,47.9092191801308,-0.0007808198691989787
994.0,47.91,47.90997745049812,-2.2549501878188494e-05
995.0,47.91,47.910732397237965,0.0007323972379680299
996.0,47.91,47.911484034918345,0.0014840349183486978
997.0,47.91,47.9122323780434,0.00223237804340215
998.0,47.91,47.91297744105377,0.0029774410537726226
999.0,47.92,47.913719238326735,-0.006280761673266966
1000.0,47.92,47.91445778417656,-0.005542215823439278
1001.0,47.92,47.91519309285482,-0.004806907145180617
1002.0,47.92,47.91592517855054,-0.004074821449464139
1003.0,47.92,47.916654055390616,-0.0033459446093857537
1004.0,47.92,47.91737973744002,-0.0026202625599793805
1005.0,47.92,47.91810223870206,-0.0018977612979398373
1006.0,47.92,47.91882157311866,-0.0011784268813386234
1007.0,47.92,47.91953775457063,-0.00046224542937522983
1008.0,47.92,47.92025079687793,0.0002507968779283942
1009.0,47.92,47.92096071380005,0.0009607138000475857
1010.0,47.92,47.92166751903599,0.0016675190359904946
1011.0,47.92,47.92237122622483,0.002371226224830991
1012.0,47.93,47.92307184894584,-0.006928151054161447
1013.0,47.93,47.923769400718754,-0.006230599281245475
1014.0,47.93,47.92446389500406,-0.00553610499594015
1015.0,47.93,47.92515534520327,-0.0048446547967273546
1016.0,47.93,47.925843764659085,-0.0041562353409148045
1017.0,47.93,47.926529166655804,-0.003470833344195512
1018.0,47.93,47.92721156441944,-0.0027884355805625205
1019.0,47.93,47.92789097111809,-0.0021090288819110015
1020.0,47.93,47.928567399862025,-0.0014326001379743047
1021.0,47.93,47.92924086370421,-0.0007591362957910519
1022.0,47.93,47.929911375640245,-8.862435975487415e-05
1023.0,47.93,47.93057894860887,0.0005789486088687568
1024.0,47.93,47.93124359549208,0.0012435954920775316
1025.0,47.93,47.93190532911541,0.0019053291154094154
1026.0,47.93,47.93256416224811,0.0025641622481131776
1027.0,47.94,47.93322010760359,-0.006779892396409082
1028.0,47.94,47.93387317783943,-0.006126822160567258
1029.0,47.94,47.9345233855578,-0.005476614442194716
1030.0,47.94,47.93517074330558,-0.004829256694421247
1031.0,47.94,47.93581526357465,-0.0041847364253442265
1032.0,47.94,47.936456958802204,-0.003543041197794139
1033.0,47.94,47.93709584137085,-0.0029041586291498334
1034.0,47.94,47.93773192360898,-0.0022680763910187807
1035.0,47.94,47.93836521779084,-0.0016347822091589137
1036.0,47.94,47.93899573613703,-0.0010042638629670364
1037.0,47.94,47.93962349081447,-0.00037650918552856183
1038.0,47.94,47.94024849393681,0.0002484939368088135
1039.0,47.94,47.94087075756458,0.0008707575645843235
1040.0,47.94,47.941490293705456,0.0014902937054586118
1041.0,47.94,47.94210711431444,0.0021071143144411053
1042.0,47.94,47.942721231294186,0.002721231294188442
1043.0,47.95,47.943332656495144,-0.006667343504858536
1044.0,47.95,47.943941401715875,-0.00605859828412747
1045.0,47.95,47.944547478703186,-0.005452521296817281
1046.0,47.95,47.94515089915236,-0.0048491008476432285
1047.0,47.95,47.94575167470748,-0.004248325292522281
1048.0,47.95,47.94634981696154,-0.0036501830384594314
1049.0,47.95,47.94694533745676,-0.0030546625432421592
1050.0,47.95,47.94753824768478,-0.002461752315220167
1051.0,47.95,47.9481285590868,-0.0018714409132059018
1052.0,47.95,47.948716283053926,-0.0012837169460766518
1053.0,47.95,47.949301430927335,-0.000698569072667965
1054.0,47.95,47.949884013998464,-0.00011598600153917005
1055.0,47.95,47.9504640435093,0.00046404350929662996
1056.0,47.95,47.95104153065252,0.0010415306525146661
1057.0,47.95,47.951616486571744,0.0016164865717414045
1058.0,47.95,47.95218892236178,0.0021889223617748144
1059.0,47.95,47.95275884906877,0.002758849068769109
1060.0,47.96,47.9533262776904,-0.006673722309599839
1061.0,47.96,47.95389121917626,-0.0061087808237374475
1062.0,47.96,47.9544536844279,-0.005546315572104277
1063.0,47.96,47.955013684299004,-0.004986315700996613
1064.0,47.96,47.95557122959583,-0.004428770404167892
1065.0,47.96,47.95612633107714,-0.0038736689228642263
1066.0,47.96,47.956678999454596,-0.003321000545405184
1067.0,47.96,47.95722924539294,-0.0027707546070629974
1068.0,47.96,47.95777707951011,-0.002222920489892033
1069.0,47.96,47.9583225123775,-0.0016774876225014168
1070.0,47.96,47.95886555452027,-0.0011344454797281855
1071.0,47.96,47.95940621641731,-0.0005937835826941296
1072.0,47.96,47.95994450850163,-5.5491498372362e-05
1073.0,47.96,47.960480441160534,0.0004804411605334735
1074.0,47.96,47.96101402473582,0.0010140247358165766
1075.0,47.96,47.96154526952389,0.0015452695238877823
1076.0,47.96,47.962074185776046,0.0020741857760455673
1077.0,47.96,47.96260078369866,0.0026007836986607913
1078.0,47.97,47.96312507345337,-0.006874926546629467
1079.0,47.97,47.96364706515722,-0.006352934842780655
1080.0,47.97,47.96416676888302,-0.005833231116980642
1081.0,47.97,47.96468419465934,-0.0053158053406576755
1082.0,47.97,47.965199352470826,-0.004800647529172863
1083.0,47.97,47.96571225225832,-0.004287747741678061
1084.0,47.97,47.966222903919146,-0.0037770960808529708
1085.0,47.97,47.96673131730724,-0.003268682692755931
1086.0,47.97,47.96723750223332,-0.002762497766681804
1087.0,47.97,47.96774146846509,-0.002258531534906183
1088.0,47.97,47.96824322572749,-0.001756774272507755
1089.0,47.97,47.9687427837028,-0.0012572162971977718
1090.0,47.97,47.96924015203089,-0.000759847969106886
1091.0,47.97,47.9697353403093,-0.0002646596906998866
1092.0,47.97,47.97022835809358,0.0002283580935795726
1093.0,47.97,47.9707192148974,0.0007192148974013435
1094.0,47.97,47.97120792019269,0.0012079201926908922
1095.0,47.97,47.97169448340986,0.0016944834098637784
1096.0,47.97,47.97217891393802,0.002178913938024607
1097.0,47.97,47.97266122112513,0.002661221125130453
1098.0,47.98,47.973141414278075,-0.006858585721921884
1099.0,47.98,47.973619502663105,-0.006380497336891722
1100.0,47.98,47.97409549550573,-0.005904504494267826
1101.0,47.98,47.974569401991076,-0.005430598008921095
1102.0,47.98,47.975041231264015,-0.004958768735981778
1103.0,47.98,47.97551099242931,-0.004489007570690262
1104.0,47.98,47.97597869455181,-0.0040213054481839094
1105.0,47.98,47.976444346656685,-0.003555653343312315
1106.0,47.98,47.976907957729466,-0.003092042270530726
1107.0,47.98,47.97736953671642,-0.0026304632835802977
1108.0,47.98,47.97782909252443,-0.0021709074755662527
1109.0,47.98,47.978286634021444,-0.001713365978552872
1110.0,47.98,47.97874217003661,-0.0012578299633858592
1111.0,47.98,47.979195709360226,-0.0008042906397704996
1112.0,47.98,47.97964726074416,-0.0003527392558382303
1113.0,47.98,47.98009683290185,9.683290185336091e-05
1114.0,47.98,47.9805444345086,0.000544434508604752
1115.0,47.98,47.98099007420172,0.0009900742017237008
1116.0,47.98,47.98143376058052,0.0014337605805252451
1117.0,47.98,47.98187550220677,0.0018755022067722393
1118.0,47.98,47.98231530760463,0.0023153076046327214
1119.0,47.98,47.98275318526088,0.002753185260885971
1120.0,47.99,47.983189143625225,-0.0068108563747770745
1121.0,47.99,47.983623191110176,-0.006376808889825725
1122.0,47.99,47.984055336091444,-0.005944663908557857
1123.0,47.99,47.98448558690802,-0.005514413091979975
1124.0,47.99,47.98491395186245,-0.005086048137549426
1125.0,47.99,47.98534043922066,-0.004659560779344929
1126.0,47.99,47.98576505721251,-0.004234942787491036
1127.0,47.99,47.98618781403179,-0.003812185968214976
1128.0,47.99,47.986608717836305,-0.00339128216369744
1129.0,47.99,47.98702777674812,-0.0029722232518807346
1130.0,47.99,47.98744499885373,-0.0025550011462698308
1131.0,47.99,47.987860392204155,-0.0021396077958470983
1132.0,47.99,47.988273964815164,-0.0017260351848378264
1133.0,47.99,47.98868572466735,-0.0013142753326533807
1134.0,47.99,47.989095679706296,-0.000904320293706462
1135.0,47.99,47.98950383784292,-0.0004961621570842567
1136.0,47.99,47.98991020695326,-8.979304674028299e-05
1137.0,47.99,47.9903147948789,0.0003147948788964072
1138.0,47.99,47.99071760942715,0.0007176094271486022
1139.0,47.99,47.991118658370965,0.0011186583709630327
1140.0,47.99,47.99151794944933,0.001517949449329592
1141.0,47.99,47.99191549036724,0.0019154903672387036
1142.0,47.99,47.992311288795925,0.0023112887959229056
1143.0,47.99,47.99270535237308,0.002705352373077119
1144.0,48.0,47.993097688702804,-0.006902311297196206
1145.0,48.0,47.993488305355925,-0.006511694644075305
1146.0,48.0,47.993877209870085,-0.00612279012991479
1147.0,48.0,47.99426440974985,-0.005735590250147027
1148.0,48.0,47.99464991246696,-0.005350087533038561
1149.0,48.0,47.995033725460324,-0.004966274539675908
1150.0,48.0,47.995415856136304,-0.0045841438636955445
1151.0,48.0,47.99579631186879,-0.004203688131212857
1152.0,48.0,47.99617509999936,-0.003824900000637399
1153.0,48.0,47.996552227837384,-0.0034477721626160474
1154.0,48.0,47.9969277026602,-0.0030722973397985243
1155.0,48.0,47.99730153171323,-0.0026984682867734477
1156.0,48.0,47.99767372221018,-0.002326277789819642
1157.0,48.0,47.99804428133313,-0.0019557186668706095
1158.0,48.0,47.998413216232684,-0.0015867837673155805
1159.0,48.0,47.99878053402805,-0.0012194659719497736
1160.0,48.0,47.999146241807296,-0.0008537581927043902
1161.0,48.0,47.999510346627375,-0.0004896533726252983
1162.0,48.0,47.99987285551437,-0.00012714448563144742
1163.0,48.0,48.00023377546343,0.00023377546342828737
1164.0,48.0,48.00059311343922,0.0005931134392227477
1165.0,48.0,48.000950876375825,0.0009508763758248051
1166.0,48.0,48.001307071176846,0.0013070711768463639
1167.0,48.0,48.001661704715694,0.0016617047156941567
1168.0,48.0,48.00201478383565,0.002014783835647904
1169.0,48.0,48.00236631535002,0.0023663153500166345
1170.0,48.0,48.002716306042174,0.0027163060421742102
1171.0,48.01,48.00306476266588,-0.006935237334118938
1172.0,48.01,48.00341169194514,-0.006588308054858771
1173.0,48.01,48.00375710057458,-0.006242899425416226
1174.0,48.01,48.004100995219495,-0.005899004780502537
1175.0,48.01,48.00444338251593,-0.005556617484067772
1176.0,48.01,48.004784269070825,-0.005215730929172935
1177.0,48.01,48.005123661462186,-0.00487633853781233
1178.0,48.01,48.00546156623919,-0.004538433760806981
1179.0,48.01,48.00579798992229,-0.004202010077705154
1180.0,48.01,48.0061329390034,-0.0038670609965976155
1181.0,48.01,48.00646641994596,-0.0035335800540394757
1182.0,48.01,48.00679843918505,-0.00320156081495071
1183.0,48.01,48.007129003127545,-0.0028709968724527357
1184.0,48.01,48.00745811815227,-0.0025418818477263017
1185.0,48.01,48.00778579061008,-0.0022142093899191195
1186.0,48.01,48.008112026824,-0.001887973175996649
1187.0,48.01,48.00843683308932,-0.0015631669106781487
1188.0,48.01,48.00876021567377,-0.0012397843262306196
1189.0,48.01,48.00908218081756,-0.0009178191824403825
1190.0,48.01,48.009402734733534,-0.0005972652664638645
1191.0,48.01,48.00972188360742,-0.00027811639257890874
1192.0,48.01,48.01003963359772,3.9633597722854574e-05
1193.0,48.01,48.01035599083596,0.0003559908359633823
1194.0,48.01,48.01067096142683,0.0006709614268345376
1195.0,48.01,48.01098455144827,0.0009845514482691442
1196.0,48.01,48.01129676695147,0.001296766951469408
1197.0,48.01,48.01160761396125,0.0016076139612550833
1198.0,48.01,48.01191709847589,0.0019170984758929421
1199.0,48.01,48.01222522646749,0.0022252264674946787
1200.0,48.01,48.0125320038819,0.002532003881903222
1201.0,48.02,48.012837436638925,-0.0071625633610779005
1202.0,48.02,48.01314153063241,-0.006858469367593045
1203.0,48.02,48.01344429173042,-0.006555708269580407
1204.0,48.02,48.01374572577525,-0.006254274224751555
1205.0,48.02,48.01404583858357,-0.005954161416433124
1206.0,48.02,48.0143446359466,-0.005655364053403389
1207.0,48.02,48.014642123630175,-0.005357876369828318
1208.0,48.02,48.014938307374834,-0.005061692625169201
1209.0,48.02,48.01523319289595,-0.004766807104054749
1210.0,48.02,48.01552678588387,-0.004473214116131885
1211.0,48.02,48.01581909200398,-0.004180907996023109
1212.0,48.02,48.016110116896854,-0.003889883103148861
1213.0,48.02,48.016399866178304,-0.003600133821699103
1214.0,48.02,48.016688345439555,-0.0033116545604485736
1215.0,48.02,48.016975560247346,-0.0030244397526573152
1216.0,48.02,48.01726151614397,-0.0027384838560351454
1217.0,48.02,48.01754621864745,-0.002453781352549811
1218.0,48.02,48.01782967325162,-0.0021703267483843547
1219.0,48.02,48.01811188542623,-0.0018881145737736915
1220.0,48.02,48.018392860617055,-0.0016071393829477643
1221.0,48.02,48.018672604246035,-0.0013273957539681192
1222.0,48.02,48.01895112171128,-0.0010488782887208004
1223.0,48.02,48.0192284183873,-0.0007715816127031871
1224.0,48.02,48.01950449962502,-0.0004955003749813613
1225.0,48.02,48.01977937075189,-0.00022062924811194762
1226.0,48.02,48.02005303707202,5.303707201420593e-05
1227.0,48.02,48.02032550386632,0.0003255038663141363
1228.0,48.02,48.02059677639249,0.0005967763924843439
1229.0,48.02,48.02086685988522,0.0008668598852139553
1230.0,48.02,48.02113575955624,0.0011357595562344613
1231.0,48.02,48.02140348059446,0.0014034805944547202
1232.0,48.02,48.02167002816601,0.0016700281660035898
1233.0,48.02,48.021935407414375,0.0019354074143720368
1234.0,48.02,48.02219962346054,0.002199623460533928
1235.0,48.02,48.02246268140301,0.002462681403009981
1236.0,48.03,48.02272458631794,-0.007275413682059195
1237.0,48.03,48.022985343259265,-0.007014656740736314
1238.0,48.03,48.02324495725873,-0.006755042741268369
1239.0,48.03,48.023503433326056,-0.006496566673945381
1240.0,48.03,48.02376077644898,-0.006239223551020245
1241.0,48.03,48.02401699159342,-0.0059830084065808364
1242.0,48.03,48.024272083703444,-0.005727916296557112
1243.0,48.03,48.02452605770154,-0.005473942298458212
1244.0,48.03,48.02477891848858,-0.005221081511422199
1245.0,48.03,48.02503067094395,-0.004969329056052629
1246.0,48.03,48.02528131992565,-0.004718680074354609
1247.0,48.03,48.02553087027037,-0.004469129729628207
1248.0,48.03,48.02577932679369,-0.004220673206312142
1249.0,48.03,48.02602669428995,-0.003973305710047725
1250.0,48.03,48.02627297753257,-0.0037270224674301744
1251.0,48.03,48.026518181274014,-0.0034818187259872957
1252.0,48.03,48.02676231024591,-0.0032376897540942196
1253.0,48.03,48.027005369159156,-0.0029946308408455025
1254.0,48.03,48.027247362704,-0.0027526372959982837
1255.0,48.03,48.027488295550164,-0.002511704449837282
1256.0,48.03,48.02772817234682,-0.0022718276531819015
1257.0,48.03,48.02796699772281,-0.0020330022771943845
1258.0,48.03,48.02820477628678,-0.0017952237132234927
1259.0,48.03,48.02844151262698,-0.0015584873730176696
1260.0,48.03,48.02867721131172,-0.0013227886882845041
1261.0,48.03,48.02891187688916,-0.0010881231108399447
1262.0,48.03,48.029145513887634,-0.0008544861123667147
1263.0,48.03,48.02937812681555,-0.0006218731844498393
1264.0,48.03,48.0296097201616,-0.00039027983839901026
1265.0,48.03,48.029840298394774,-0.00015970160522726928
1266.0,48.03,48.03006986596448,6.986596447688953e-05
1267.0,48.03,48.03029842730062,0.000298427300620574
1268.0,48.03,48.03052598681373,0.0005259868137272861
1269.0,48.03,48.03075254889493,0.0007525488949298165
1270.0,48.03,48.030978117916135,0.0009781179161336695
1271.0,48.03,48.0312026982301,0.0012026982301023281
1272.0,48.03,48.0314262941705,0.0014262941704998866
1273.0,48.03,48.03164891005202,0.0016489100520189481
1274.0,48.03,48.031870550170424,0.0018705501704232574
1275.0,48.03,48.032091218802606,0.002091218802604544
1276.0,48.03,48.03231092020681,0.0023109202068098966
1277.0,48.03,48.03252965862252,0.0025296586225209694
1278.0,48.04,48.032747438270725,-0.007252561729274021
1279.0,48.04,48.0329642633538,-0.00703573664620194
1280.0,48.04,48.0331801380558,-0.006819861944201477
1281.0,48.04,48.03339506654241,-0.006604933457587947
1282.0,48.04,48.03360905296107,-0.006390947038930506
1283.0,48.04,48.03382210144099,-0.00617789855900952
1284.0,48.04,48.03403421609334,-0.005965783906660249
1285.0,48.04,48.034245401011205,-0.005754598988794157
1286.0,48.04,48.03445566026981,-0.005544339730185754
1287.0,48.04,48.034664997926455,-0.005335002073543649
1288.0,48.04,48.03487341802068,-0.005126581979318701
1289.0,48.04,48.035080924574345,-0.004919075425654285
1290.0,48.04,48.035287521591606,-0.004712478408393395
1291.0,48.04,48.03549321305915,-0.004506786940851271
1292.0,48.04,48.035698002946155,-0.00430199705384382
1293.0,48.04,48.035901895204375,-0.004098104795623669
1294.0,48.04,48.03610489376828,-0.0038951062317167384
1295.0,48.04,48.03630700255508,-0.0036929974449222414
1296.0,48.04,48.03650822546482,-0.003491774535177683
1297.0,48.04,48.03670856638048,-0.0032914336195162264
1298.0,48.04,48.036908029167975,-0.00309197083202406
1299.0,48.04,48.03710661767622,-0.00289338232377645
1300.0,48.04,48.03730433573743,-0.002695664262567732
1301.0,48.04,48.03750118716685,-0.0024988128331457915
1302.0,48.04,48.03769717576313,-0.002302824236871004
1303.0,48.04,48.03789230530817,-0.00210769469182992
1304.0,48.04,48.03808657956734,-0.001913420432657631
1305.0,48.04,48.03828000228957,-0.001719997710431187
1306.0,48.04,48.03847257720719,-0.0015274227928117057
1307.0,48.04,48.03866430803633,-0.0013356919636677844
1308.0,48.04,48.038855198476796,-0.0011448015232033981
1309.0,48.04,48.03904525221208,-0.000954747787922372
1310.0,48.04,48.039234472909634,-0.0007655270903654809
1311.0,48.04,48.039422864220846,-0.0005771357791530818
1312.0,48.04,48.039610429781,-0.0003895702189993244
1313.0,48.04,48.03979717320957,-0.0002028267904279346
1314.0,48.04,48.039983098110014,-1.6901889985376783e-05
1315.0,48.04,48.04016820807012,0.00016820807012152272
1316.0,48.04,48.0403525066619,0.000352506661897678
1317.0,48.04,48.04053599744175,0.00053599744175159
1318.0,48.04,48.04071868395043,0.000718683950431398
1319.0,48.04,48.04090056971315,0.0009005697131527768
1320.0,48.04,48.04108165823979,0.0010816582397907837
1321.0,48.04,48.04126195302472,0.0012619530247235389
1322.0,48.04,48.04144145754709,0.0014414575470880209
1323.0,48.04,48.0416201752707,0.0016201752707019068
1324.0,48.04,48.041798109644255,0.001798109644255419
1325.0,48.04,48.04197526410129,0.0019752641012900085
1326.0,48.04,48.04215164206033,0.0021516420603333586
1327.0,48.04,48.0423272469249,0.0023272469248993843
1328.0,48.04,48.04250208208359,0.002502082083587709
1329.0,48.05,48.042676150910154,-0.007323849089843293
1330.0,48.05,48.04284945676356,-0.007150543236434714
1331.0,48.05,48.04302200298806,-0.0069779970119370205
1332.0,48.05,48.043193792913236,-0.006806207086761162
1333.0,48.05,48.04336482985405,-0.006635170145948166
1334.0,48.05,48.04353511711095,-0.00646488288904834
1335.0,48.05,48.04370465796999,-0.006295342030007589
1336.0,48.05,48.043873455702695,-0.0061265442973024165
1337.0,48.05,48.04404151356633,-0.005958486433669918
1338.0,48.05,48.04420883480391,-0.005791165196086467
1339.0,48.05,48.04437542264415,-0.005624577355845872
1340.0,48.05,48.044541280301644,-0.00545871969835332
1341.0,48.05,48.04470641097693,-0.0052935890230685345
1342.0,48.05,48.0448708178565,-0.005129182143498667
1343.0,48.05,48.04503450411285,-0.004965495887148563
1344.0,48.05,48.04519747290464,-0.004802527095357334
1345.0,48.05,48.04535972737656,-0.004640272623440467
1346.0,48.05,48.04552127065965,-0.004478729340348764
1347.0,48.05,48.04568210587118,-0.0043178941288175565
1348.0,48.05,48.04584223611472,-0.004157763885274335
1349.0,48.05,48.046001664480286,-0.0039983355197108494
1350.0,48.05,48.04616039404429,-0.003839605955704428
1351.0,48.05,48.04631842786972,-0.0036815721302758675
1352.0,48.05,48.046475769006115,-0.003524230993882327
1353.0,48.05,48.04663242048966,-0.0033675795103391692
1354.0,48.05,48.04678838534325,-0.0032116146567489068
1355.0,48.05,48.04694366657641,-0.003056333423586466
1356.0,48.05,48.04709826718563,-0.002901732814365232
1357.0,48.05,48.047252190154204,-0.0027478098457933697
1358.0,48.05,48.0474054384523,-0.002594561547695662
1359.0,48.05,48.047558015037154,-0.00244198496284298
1360.0,48.05,48.04770992285299,-0.0022900771470091286
1361.0,48.05,48.04786116483117,-0.0021388351688287344
1362.0,48.05,48.04801174389006,-0.001988256109939357
1363.0,48.05,48.04816166293549,-0.0018383370645054242
1364.0,48.05,48.04831092486032,-0.0016890751396800852
1365.0,48.05,48.04845953254481,-0.0015404674551859898
1366.0,48.05,48.04860748885667,-0.0013925111433295
1367.0,48.05,48.04875479665097,-0.0012452033490291115
1368.0,48.05,48.0489014587702,-0.0010985412297941366
1369.0,48.05,48.04904747804454,-0.0009525219554546993
1370.0,48.05,48.049192857291665,-0.0008071427083322646
1371.0,48.05,48.04933759931691,-0.000662400683090425
1372.0,48.05,48.049481706913326,-0.0005182930866709512
1373.0,48.05,48.04962518286176,-0.0003748171382369492
1374.0,48.05,48.049768029930796,-0.0002319700692012816
1375.0,48.05,48.049910250876934,-8.974912306314309e-05
1376.0,48.05,48.05005184844455,5.184844454930726e-05
1377.0,48.05,48.05019282536604,0.00019282536604237066
1378.0,48.05,48.050333184361804,0.00033318436180707067
1379.0,48.05,48.0504729281403,0.0004729281403044183
1380.0,48.05,48.05061205939815,0.0006120593981506772
1381.0,48.05,48.050750580820115,0.0007505808201173636
1382.0,48.05,48.05088849507922,0.0008884950792236168
1383.0,48.05,48.05102580483677,0.0010258048367717265
1384.0,48.05,48.05116251274239,0.0011625127423897652
1385.0,48.05,48.05129862143408,0.0012986214340813262
1386.0,48.05,48.05143413353832,0.0014341335383249998
1387.0,48.05,48.05156905167006,0.001569051670060162
1388.0,48.05,48.05170337843276,0.0017033784327651347
1389.0,48.05,48.05183711641851,0.0018371164185140287
1390.0,48.05,48.051970268207995,0.0019702682079980605
1391.0,48.05,48.052102836370615,0.002102836370617922
1392.0,48.05,48.052234823464545,0.0022348234645477305
1393.0,48.05,48.05236623203669,0.002366232036692395
1394.0,48.06,48.052497064622756,-0.007502935377246445
1395.0,48.06,48.05262732374749,-0.007372676252515475
1396.0,48.06,48.052757011924385,-0.007242988075617518
1397.0,48.06,48.052886131656,-0.007113868343999741
1398.0,48.06,48.05301468543398,-0.0069853145660232485
1399.0,48.06,48.053142675738975,-0.006857324261027031
1400.0,48.06,48.05327010504076,-0.006729894959242699
1401.0,48.06,48.053396975798336,-0.006603024201666585
1402.0,48.06,48.053523290459864,-0.006476709540137904
1403.0,48.06,48.05364905146286,-0.0063509485371398
1404.0,48.06,48.05377426123406,-0.006225738765941458
1405.0,48.06,48.05389892218961,-0.0061010778103920416
1406.0,48.06,48.0540230367351,-0.005976963264899382
1407.0,48.06,48.05414660726551,-0.005853392734493923
1408.0,48.06,48.05426963616533,-0.005730363834672403
1409.0,48.06,48.05439212580863,-0.005607874191369433
1410.0,48.06,48.05451407855908,-0.00548592144092197
1411.0,48.06,48.05463549676997,-0.00536450323003379
1412.0,48.06,48.05475638278428,-0.005243617215725749
1413.0,48.06,48.05487673893469,-0.005123261065314466
1414.0,48.06,48.054996567543704,-0.00500343245629864
1415.0,48.06,48.05511587092363,-0.004884129076373256
1416.0,48.06,48.05523465137661,-0.004765348623394061
1417.0,48.06,48.05535291119475,-0.004647088805249666
1418.0,48.06,48.05547065266008,-0.0045293473399254935
1419.0,48.06,48.05558787804463,-0.004412121955368775
1420.0,48.06,48.05570458961045,-0.004295410389552501
1421.0,48.06,48.05582078960969,-0.004179210390311994
1422.0,48.06,48.05593648028463,-0.0040635197153733316
1423.0,48.06,48.056051663867734,-0.003948336132268082
1424.0,48.06,48.056166342581726,-0.0038336574182764593
1425.0,48.06,48.05628051863947,-0.003719481360533905
1426.0,48.06,48.056394194244206,-0.0036058057557966094
1427.0,48.06,48.05650737158949,-0.003492628410512566
1428.0,48.06,48.05662005285933,-0.003379947140672357
1429.0,48.06,48.05673224022806,-0.0032677597719441565
1430.0,48.06,48.05684393586053,-0.003156064139474779
1431.0,48.06,48.05695514191211,-0.003044858087889679
1432.0,48.06,48.05706586052874,-0.0029341394712645297
1433.0,48.06,48.05717609384692,-0.0028239061530825893
1434.0,48.06,48.05728584399379,-0.0027141560062133863
1435.0,48.06,48.05739511308715,-0.0026048869128487695
1436.0,48.06,48.0575039032356,-0.0024960967644034326
1437.0,48.06,48.05761221653837,-0.0023877834616357063
1438.0,48.06,48.05772005508558,-0.0022799449144201844
1439.0,48.06,48.05782742095816,-0.0021725790418400948
1440.0,48.06,48.05793431622796,-0.0020656837720451904
1441.0,48.06,48.05804074295769,-0.0019592570423156985
1442.0,48.06,48.058146703201004,-0.0018532967989983717
1443.0,48.06,48.05825219900261,-0.001747800997392801
1444.0,48.06,48.058357232398265,-0.001642767601737205
1445.0,48.06,48.058461805414765,-0.0015381945852368517
1446.0,48.06,48.05856592006998,-0.0014340799300214258
1447.0,48.06,48.058669578373056,-0.0013304216269460767
1448.0,48.06,48.05877278232421,-0.0012272176757903708
1449.0,48.06,48.05887553391495,-0.0011244660850522337
1450.0,48.06,48.05897783512808,-0.0010221648719195287
1451.0,48.06,48.05907968793765,-0.0009203120623553218
1452.0,48.06,48.05918109430911,-0.0008189056908918246
1453.0,48.06,48.05928205619923,-0.0007179438007725025
1454.0,48.06,48.05938257555633,-0.0006174244436749632
1455.0,48.06,48.05948265432002,-0.0005173456799809628
1456.0,48.06,48.059582294421546,-0.0004177055784566619
1457.0,48.06,48.05968149778363,-0.00031850221637341747
1458.0,48.06,48.059780266320566,-0.00021973367943672883
1459.0,48.06,48.05987860193827,-0.00012139806172939416
1460.0,48.06,48.05997650653428,-2.3493465725721308e-05
1461.0,48.06,48.06007398199789,7.398199788610782e-05
1462.0,48.06,48.06017103021,0.0001710302099979799
1463.0,48.06,48.060267653043375,0.00026765304337317275
1464.0,48.06,48.06036385236248,0.000363852362475825
1465.0,48.06,48.060459630023715,0.0004596300237125206
1466.0,48.06,48.060554987875214,0.0005549878752120208
1467.0,48.06,48.06064992775708,0.0006499277570810591
1468.0,48.06,48.060744451501336,0.0007444515013332875
1469.0,48.06,48.060838560932034,0.0008385609320313847
1470.0,48.06,48.060932257865154,0.000932257865152053
1471.0,48.06,48.06102554410876,0.0010255441087565487
1472.0,48.06,48.06111842146293,0.001118421462926733
1473.0,48.06,48.06121089171994,0.0012108917199356029
1474.0,48.06,48.061302956664115,0.001302956664112287
1475.0,48.06,48.06139461807206,0.0013946180720552093
1476.0,48.06,48.06148587771253,0.0014858777125255074
1477.0,48.06,48.06157673734653,0.0015767373465251922
1478.0,48.06,48.06166719872735,0.0016671987273468858
1479.0,48.06,48.061757263600605,0.0017572636006022435
1480.0,48.06,48.061846933704274,0.0018469337042716916
1481.0,48.06,48.06193621076869,0.0019362107686902164
1482.0,48.06,48.0620250965166,0.0020250965165971024
1483.0,48.06,48.062113592663216,0.0021135926632140922
1484.0,48.06,48.06220170091623,0.002201700916231175
1485.0,48.06,48.06228942297586,0.0022894229758563256
1486.0,48.06,48.06237676053483,0.002376760534829714
1487.0,48.07,48.06246371527849,-0.007536284721510356
1488.0,48.07,48.062550288884765,-0.007449711115235402
1489.0,48.07,48.06263648302425,-0.007363516975750883
1490.0,48.07,48.062722299360246,-0.007277700639754414
1491.0,48.07,48.06280773954867,-0.007192260451333254
1492.0,48.07,48.06289280523828,-0.007107194761722724
1493.0,48.07,48.062977498070545,-0.007022501929455416
1494.0,48.07,48.0630618196798,-0.006938180320197773
1495.0,48.07,48.06314577169316,-0.006854228306842458
1496.0,48.07,48.0632293557306,-0.006770644269401771
1497.0,48.07,48.06331257340505,-0.006687426594950807
1498.0,48.07,48.063395426322344,-0.006604573677655878
1499.0,48.07,48.063477916081254,-0.006522083918746091
1500.0,48.07,48.063560044273586,-0.006439955726413871
1501.0,48.07,48.06364181248414,-0.006358187515857594
1502.0,48.07,48.06372322229075,-0.006276777709253167
1503.0,48.07,48.0638042752644,-0.006195724735597707
1504.0,48.07,48.063884972969134,-0.0061150270308658605
1505.0,48.07,48.06396531696215,-0.006034683037853483
1506.0,48.07,48.06404530879382,-0.0059546912061776425
1507.0,48.07,48.06412495000777,-0.005875049992226877
1508.0,48.07,48.06420424214078,-0.0057957578592180425
1509.0,48.07,48.06428318672294,-0.005716813277061306
1510.0,48.07,48.06436178527758,-0.00563821472241699
1511.0,48.07,48.06444003932148,-0.005559960678517939
1512.0,48.07,48.06451795036464,-0.0054820496353613635
1513.0,48.07,48.06459551991048,-0.005404480089516994
1514.0,48.07,48.06467274945589,-0.0053272505441128715
1515.0,48.07,48.06474964049109,-0.005250359508913505
1516.0,48.07,48.06482619449985,-0.005173805500149342
1517.0,48.07,48.06490241295945,-0.005097587040552298
1518.0,48.07,48.0649782973406,-0.005021702659398386
1519.0,48.07,48.065053849107656,-0.004946150892344292
1520.0,48.07,48.065129069718544,-0.004870930281455799
1521.0,48.07,48.06520396062471,-0.004796039375293049
1522.0,48.07,48.06527852327136,-0.004721476728640539
1523.0,48.07,48.065352759097294,-0.0046472409027060735
1524.0,48.07,48.06542666953506,-0.004573330464943126
1525.0,48.07,48.065500256010836,-0.0044997439891645286
1526.0,48.07,48.0655735199446,-0.004426480055400361
1527.0,48.07,48.06564646275014,-0.004353537249862427
1528.0,48.07,48.06571908583501,-0.004280914164986882
1529.0,48.07,48.06579139060061,-0.004208609399391605
1530.0,48.07,48.06586337844214,-0.004136621557861986
1531.0,48.07,48.06593505074879,-0.004064949251208816
1532.0,48.07,48.06600640890356,-0.00399359109643882
1533.0,48.07,48.06607745428346,-0.003922545716541492
1534.0,48.07,48.06614818825942,-0.003851811740581468
1535.0,48.07,48.066218612196366,-0.0037813878036345727
1536.0,48.07,48.06628872745327,-0.0037112725467309815
1537.0,48.07,48.06635853538313,-0.0036414646168694276
1538.0,48.07,48.06642803733303,-0.0035719626669674653
1539.0,48.07,48.06649723464409,-0.003502765355911208
1540.0,48.07,48.066566128651594,-0.0034338713484061145
1541.0,48.07,48.06663472068499,-0.003365279315012515
1542.0,48.07,48.066703012067904,-0.003296987932095874
1543.0,48.07,48.06677100411813,-0.003228995881869423
1544.0,48.07,48.06683869814762,-0.0031613018523799497
1545.0,48.07,48.066906095462755,-0.003093904537244896
1546.0,48.07,48.06697319736402,-0.003026802635979209
1547.0,48.07,48.067040005146296,-0.0029599948537040177
1548.0,48.07,48.06710652009875,-0.0028934799012532153
1549.0,48.07,48.06717274350489,-0.002827256495109509
1550.0,48.07,48.06723867664262,-0.0027613233573831053
1551.0,48.07,48.067304320784245,-0.002695679215754865
1552.0,48.07,48.067369677196446,-0.0026303228035544635
1553.0,48.07,48.06743474714044,-0.00256525285956144
1554.0,48.07,48.06749953187185,-0.002500468128147304
1555.0,48.07,48.06756403264082,-0.0024359673591831665
1556.0,48.07,48.06762825069195,-0.0023717493080468444
1557.0,48.07,48.067692187264505,-0.002307812735494963
1558.0,48.07,48.06775584359224,-0.002244156407762432
1559.0,48.07,48.0678192209035,-0.0021807790964984974
1560.0,48.07,48.06788232042125,-0.0021176795787525293
1561.0,48.07,48.06794514336314,-0.002054856636860336
1562.0,48.07,48.06800769094145,-0.0019923090585507452
1563.0,48.07,48.0680699643631,-0.0019300356369029714
1564.0,48.07,48.0681319648298,-0.0018680351701974018
1565.0,48.07,48.068193693537914,-0.0018063064620861269
1566.0,48.07,48.06825515167869,-0.001744848321308723
1567.0,48.07,48.06831634043801,-0.0016836595619906802
1568.0,48.07,48.068377260996606,-0.0016227390033947131
1569.0,48.07,48.068437914530094,-0.001562085469906549
1570.0,48.07,48.06849830220887,-0.0015016977911272988
1571.0,48.07,48.06855842519823,-0.0014415748017668761
1572.0,48.07,48.06861828465833,-0.0013817153416724182
1573.0,48.07,48.068677881744264,-0.0013221182557359157
1574.0,48.07,48.068737217606085,-0.0012627823939155292
1575.0,48.07,48.06879629338877,-0.0012037066112284833
1576.0,48.07,48.06885511023229,-0.0011448897677084346
1577.0,48.07,48.06891366927164,-0.0010863307283628387
1578.0,48.07,48.06897197163677,-0.0010280283632297937
1579.0,48.07,48.06903001845274,-0.0009699815472572482
1580.0,48.07,48.06908781083971,-0.0009121891602887899
1581.0,48.07,48.06914534991286,-0.0008546500871418061
1582.0,48.07,48.06920263678251,-0.0007973632174937961
1583.0,48.07,48.06925967255407,-0.0007403274459321096
1584.0,48.07,48.069316458328174,-0.000683541671826049
1585.0,48.07,48.06937299520066,-0.0006270047993410799
1586.0,48.07,48.069429284262405,-0.000570715737595151
1587.0,48.07,48.06948532659969,-0.000514673400310528
1588.0,48.07,48.069541123293895,-0.00045887670610511577
1589.0,48.07,48.069596675421764,-0.00040332457823666346
1590.0,48.07,48.06965198405522,-0.0003480159447803999
1591.0,48.07,48.06970705026157,-0.00029294973843008165
1592.0,48.07,48.0697618751034,-0.00023812489659746916
1593.0,48.07,48.06981645963866,-0.00018354036134127227
1594.0,48.07,48.06987080492067,-0.00012919507933162322
1595.0,48.07,48.06992491199812,-7.508800187849829e-05
1596.0,48.07,48.06997878191505,-2.1218084953034122e-05
1597.0,48.07,48.070032415711026,3.241571102563512e-05
1598.0,48.07,48.07008581442098,8.581442097721492e-05
1599.0,48.07,48.07013897907532,0.00013897907531656983
1600.0,48.07,48.070191910700004,0.00019191070000346144
1601.0,48.07,48.070244610316394,0.0002446103163933344
1602.0,48.07,48.0702970789414,0.0002970789414007413
1603.0,48.07,48.07034931758758,0.0003493175875775023
1604.0,48.07,48.07040132726291,0.0004013272629066478
1605.0,48.07,48.07045310897102,0.00045310897102268655
1606.0,48.07,48.07050466371115,0.0005046637111476571
1607.0,48.07,48.07055599247809,0.0005559924780911274
1608.0,48.07,48.070607096262364,0.000607096262363882
1609.0,48.07,48.07065797605009,0.0006579760500926568
1610.0,48.07,48.070708632823106,0.000708632823105404
1611.0,48.07,48.070759067558896,0.0007590675588957652
1612.0,48.07,48.07080928123065,0.0008092812306514929
1613.0,48.07,48.07085927480741,0.0008592748074107703
1614.0,48.07,48.07090904925383,0.0009090492538277317
1615.0,48.07,48.070958605530436,0.0009586055304353636
1616.0,48.07,48.07100794459348,0.0010079445934820797
1617.0,48.07,48.07105706739506,0.0010570673950596188
1618.0,48.07,48.07110597488306,0.0011059748830604121
1619.0,48.07,48.071154668001284,0.0011546680012841648
1620.0,48.07,48.07120314768931,0.001203147689309958
1621.0,48.07,48.07125141488267,0.0012514148826667792
1622.0,48.07,48.07129947051271,0.0012994705127127304
1623.0,48.07,48.071347315506785,0.0013473155067842413
1624.0,48.07,48.07139495078815,0.0013949507881463319
1625.0,48.07,48.07144237727601,0.0014423772760068232
1626.0,48.07,48.07148959588556,0.0014895958855589697
1627.0,48.07,48.07153660752792,0.0015366075279175107
1628.0,48.07,48.071583413110275,0.0015834131102749893
1629.0,48.07,48.07163001353585,0.0016300135358520151
1630.0,48.07,48.07167640970386,0.0016764097038617365
1631.0,48.07,48.071722602509595,0.0017226025095951059
1632.0,48.07,48.07176859284444,0.0017685928444421961
1633.0,48.07,48.071814381595885,0.001814381595885095
1634.0,48.07,48.07185996964744,0.001859969647441062
1635.0,48.07,48.07190535787886,0.00190535787886148
1636.0,48.07,48.071950547165976,0.0019505471659755358
1637.0,48.07,48.07199553838077,0.00199553838076838
1638.0,48.07,48.07204033239145,0.002040332391452182
1639.0,48.07,48.072084930062395,0.002084930062395074
1640.0,48.07,48.07212933225422,0.0021293322542206283
1641.0,48.07,48.07217353982369,0.002173539823687065
1642.0,48.07,48.07221755362391,0.00221755362390752
1643.0,48.07,48.07226137450416,0.002261374504158198
1644.0,48.07,48.07230500331009,0.0023050033100915357
1645.0,48.08,48.07234844088352,-0.007651559116474971
1646.0,48.08,48.07239168806275,-0.007608311937246981
1647.0,48.08,48.07243474568226,-0.0075652543177398
1648.0,48.08,48.07247761457295,-0.007522385427044753
1649.0,48.08,48.07252029556199,-0.0074797044380048305
1650.0,48.08,48.072562789473054,-0.007437210526944682
1651.0,48.08,48.07260509712608,-0.007394902873919307
1652.0,48.08,48.07264721933751,-0.00735278066248668
1653.0,48.08,48.07268915692015,-0.00731084307984986
1654.0,48.08,48.07273091068327,-0.007269089316729094
1655.0,48.08,48.07277248143255,-0.007227518567447078
1656.0,48.08,48.07281386997021,-0.0071861300297868524
1657.0,48.08,48.07285507709492,-0.007144922905077067
1658.0,48.08,48.072896103601785,-0.007103896398213294
1659.0,48.08,48.07293695028252,-0.007063049717480396
1660.0,48.08,48.07297761792537,-0.007022382074630684
1661.0,48.08,48.07301810731499,-0.006981892685011815
1662.0,48.08,48.073058419232794,-0.006941580767204414
1663.0,48.08,48.0730985544566,-0.0069014455433986654
1664.0,48.08,48.073138513760966,-0.006861486239031933
1665.0,48.08,48.073178297916925,-0.006821702083072978
1666.0,48.08,48.07321790769218,-0.006782092307815901
1667.0,48.08,48.073257343851076,-0.0067426561489227765
1668.0,48.08,48.073296607154596,-0.006703392845402334
1669.0,48.08,48.0733356983604,-0.006664301639595749
1670.0,48.08,48.07337461822283,-0.006625381777169537
1671.0,48.08,48.073413367492904,-0.006586632507094237
1672.0,48.08,48.07345194691838,-0.00654805308161599
1673.0,48.08,48.0734903572437,-0.006509642756299172
1674.0,48.08,48.07352859921005,-0.006471400789948234
1675.0,48.08,48.073566673555376,-0.006433326444621912
1676.0,48.08,48.07360458101441,-0.006395418985590595
1677.0,48.08,48.07364232231863,-0.006357677681364748
1678.0,48.08,48.073679898196296,-0.006320101803702016
1679.0,48.08,48.07371730937254,-0.00628269062745801
1680.0,48.08,48.07375455656925,-0.006245443430749731
1681.0,48.08,48.073791640505206,-0.006208359494792148
1682.0,48.08,48.07382856189597,-0.006171438104026095
1683.0,48.08,48.07386532145402,-0.006134678545976158
1684.0,48.08,48.073901919888726,-0.006098080111271997
1685.0,48.08,48.073938357906265,-0.00606164209373361
1686.0,48.08,48.07397463620981,-0.006025363790186589
1687.0,48.08,48.07401075549939,-0.005989244500611335
1688.0,48.08,48.07404671647202,-0.005953283527979636
1689.0,48.08,48.07408251982162,-0.005917480178375456
1690.0,48.08,48.07411816623906,-0.005881833760938093
1691.0,48.08,48.07415365641223,-0.005846343587769809
1692.0,48.08,48.07418899102593,-0.00581100897407083
1693.0,48.08,48.07422417076204,-0.005775829237961716
1694.0,48.08,48.074259196299415,-0.0057408037005828305
1695.0,48.08,48.07429406831392,-0.005705931686080135
1696.0,48.08,48.07432878747849,-0.0056712125215057085
1697.0,48.08,48.07436335446307,-0.0056366455369314394
1698.0,48.08,48.07439776993469,-0.005602230065306912
1699.0,48.08,48.074432034557496,-0.005567965442502043
1700.0,48.08,48.07446614899261,-0.005533851007385238
1701.0,48.08,48.07450011389839,-0.00549988610161023
1702.0,48.08,48.07453392993021,-0.0054660700697866105
1703.0,48.08,48.074567597740696,-0.005432402259302194
1704.0,48.08,48.07460111797944,-0.005398882020557494
1705.0,48.08,48.074634491293295,-0.005365508706702826
1706.0,48.08,48.07466771832627,-0.005332281673730677
1707.0,48.08,48.07470079971951,-0.005299200280489913
1708.0,48.08,48.07473373611141,-0.005266263888586309
1709.0,48.08,48.07476652813753,-0.005233471862467809
1710.0,48.08,48.074799176430645,-0.005200823569353474
1711.0,48.08,48.07483168162074,-0.005168318379254799
1712.0,48.08,48.07486404433511,-0.005135955664890446
1713.0,48.08,48.074896265198184,-0.0051037348018141415
1714.0,48.08,48.07492834483178,-0.005071655168215727
1715.0,48.08,48.074960283854935,-0.005039716145063267
1716.0,48.08,48.07499208288387,-0.005007917116131466
1717.0,48.08,48.07502374253231,-0.004976257467689038
1718.0,48.08,48.07505526341114,-0.004944736588861076
1719.0,48.08,48.075086646128625,-0.0049133538713732605
1720.0,48.08,48.07511789129034,-0.004882108709658439
1721.0,48.08,48.07514899949921,-0.004851000500785574
1722.0,48.08,48.075179971355524,-0.00482002864447395
1723.0,48.08,48.07521080745697,-0.00478919254302923
1724.0,48.08,48.07524150839853,-0.0047584916014713485
1725.0,48.08,48.0752720747727,-0.004727925227300034
1726.0,48.08,48.07530250716924,-0.00469749283075771
1727.0,48.08,48.07533280617546,-0.004667193824538174
1728.0,48.08,48.07536297237598,-0.004637027624021073
1729.0,48.08,48.075393006352925,-0.0046069936470729544
1730.0,48.08,48.07542290868587,-0.0045770913141254255
1731.0,48.08,48.07545267995184,-0.004547320048160941
1732.0,48.08,48.07548232072527,-0.004517679274727016
1733.0,48.08,48.0755118315782,-0.00448816842180122
1734.0,48.08,48.07554121308004,-0.00445878691996171
1735.0,48.08,48.07557046579778,-0.004429534202216701
1736.0,48.08,48.075599590295916,-0.0044004097040826196
1737.0,48.08,48.07562858713645,-0.004371412863548585
1738.0,48.08,48.075657456878915,-0.004342543121083509
1739.0,48.08,48.07568620008038,-0.00431379991961478
1740.0,48.08,48.07571481729557,-0.004285182704428792
1741.0,48.08,48.075743309076636,-0.0042566909233627825
1742.0,48.08,48.075771675973414,-0.004228324026584573
1743.0,48.08,48.075799918533235,-0.004200081466763095
1744.0,48.08,48.07582803730116,-0.004171962698841014
1745.0,48.08,48.07585603281974,-0.004143967180255004
1746.0,48.08,48.075883905629226,-0.004116094370772316
1747.0,48.08,48.0759116562675,-0.00408834373249789
1748.0,48.08,48.075939285269975,-0.004060714730023562
1749.0,48.08,48.07596679316989,-0.004033206830108327
1750.0,48.08,48.07599418049801,-0.00400581950199097
1751.0,48.08,48.07602144778283,-0.003978552217169806
1752.0,48.08,48.0760485955505,-0.003951404449495044
1753.0,48.08,48.076075624324915,-0.003924375675083525
1754.0,48.08,48.07610253462763,-0.0038974653723684582
1755.0,48.08,48.07612932697795,-0.0038706730220496866
1756.0,48.08,48.076156001892855,-0.0038439981071434204
1757.0,48.08,48.07618255988708,-0.003817440112918291
1758.0,48.08,48.07620900147309,-0.0037909985269095614
1759.0,48.08,48.0762353271612,-0.003764672838798333
1760.0,48.08,48.07626153745932,-0.003738462540681553
1761.0,48.08,48.07628763287327,-0.0037123671267309533
1762.0,48.08,48.076313613906606,-0.0036863860933920023
1763.0,48.08,48.07633948106067,-0.003660518939327062
1764.0,48.08,48.07636523483461,-0.003634765165386966
1765.0,48.08,48.076390875725394,-0.0036091242746039143
1766.0,48.08,48.07641640422783,-0.003583595772170156
1767.0,48.08,48.07644182083448,-0.003558179165516151
1768.0,48.08,48.07646712603588,-0.0035328739641187212
1769.0,48.08,48.07649232032026,-0.0035076796797355314
1770.0,48.08,48.076517404173835,-0.0034825958261635037
1771.0,48.08,48.07654237808065,-0.0034576219193453994
1772.0,48.08,48.076567242522586,-0.0034327574774124514
1773.0,48.08,48.076591997979456,-0.0034080020205422557
1774.0,48.08,48.07661664492896,-0.003383355071036931
1775.0,48.08,48.07664118384671,-0.0033588161532875915
1776.0,48.08,48.076665615206224,-0.0033343847937743476
1777.0,48.08,48.07668993947895,-0.0033100605210449885
1778.0,48.08,48.076714157134276,-0.0032858428657220884
1779.0,48.08,48.07673826863951,-0.0032617313604887954
1780.0,48.08,48.07676227445992,-0.003237725540081726
1781.0,48.08,48.07678617505877,-0.003213824941227017
1782.0,48.08,48.07680997089725,-0.003190029102746905
1783.0,48.08,48.076833662434524,-0.003166337565474464
1784.0,48.08,48.07685725012778,-0.0031427498722180758
1785.0,48.08,48.07688073443219,-0.003119265567811169
1786.0,48.08,48.07690411580089,-0.0030958841991051145
1787.0,48.08,48.0769273946851,-0.003072605314898169
1788.0,48.08,48.07695057153404,-0.003049428465956794
1789.0,48.08,48.07697364679489,-0.0030263532051080233
1790.0,48.08,48.076996620912986,-0.0030033790870120924
1791.0,48.08,48.077019494331616,-0.0029805056683827047
1792.0,48.08,48.077042267492175,-0.002957732507823607
1793.0,48.08,48.07706494083411,-0.002935059165885434
1794.0,48.08,48.07708751479497,-0.0029124852050301797
1795.0,48.08,48.077109989810296,-0.0028900101897022523
1796.0,48.08,48.07713236631384,-0.0028676336861579443
1797.0,48.08,48.07715464473741,-0.0028453552625862244
1798.0,48.08,48.07717682551087,-0.0028231744891300536
1799.0,48.08,48.07719890906223,-0.0028010909377655935
1800.0,48.08,48.07722089581763,-0.0027791041823661544
1801.0,48.08,48.077242786201346,-0.002757213798652458
1802.0,48.08,48.07726458063581,-0.0027354193641855318
1803.0,48.08,48.07728627954157,-0.0027137204584306573
1804.0,48.08,48.077307883337376,-0.002692116662622368
1805.0,48.08,48.07732939244009,-0.002670607559906557
1806.0,48.08,48.07735080726472,-0.0026491927352765288
1807.0,48.08,48.07737212822455,-0.002627871775445101
1808.0,48.08,48.07739335573104,-0.0026066442689582914
1809.0,48.08,48.077414490193775,-0.0025855098062237403
1810.0,48.08,48.07743553202054,-0.0025644679794609715
1811.0,48.08,48.07745648161744,-0.0025435183825592844
1812.0,48.08,48.0774773393887,-0.002522660611298022
1813.0,48.08,48.07749810573681,-0.002501894263190252
1814.0,48.08,48.077518781062494,-0.0024812189375040816
1815.0,48.08,48.07753936576474,-0.0024606342352555544
1816.0,48.08,48.07755986024075,-0.002440139759251281
1817.0,48.08,48.07758026488595,-0.0024197351140458068
1818.0,48.08,48.077600580094185,-0.0023994199058137156
1819.0,48.08,48.077620806257414,-0.002379193742584107
1820.0,48.08,48.07764094376593,-0.002359056234070067
1821.0,48.08,48.07766099300831,-0.0023390069916899847
1822.0,48.08,48.077680954371516,-0.002319045628482286
1823.0,48.08,48.07770082824065,-0.0022991717593470185
1824.0,48.08,48.077720614999244,-0.00227938500075453
1825.0,48.08,48.07774031502915,-0.002259684970844944
1826.0,48.08,48.07775992871047,-0.0022400712895276342
1827.0,48.08,48.07777945642172,-0.0022205435782751692
1828.0,48.08,48.07779889853968,-0.002201101460315158
1829.0,48.08,48.07781825543954,-0.0021817445604597197
1830.0,48.08,48.07783752749483,-0.0021624725051694327
1831.0,48.08,48.07785671507745,-0.002143284922546229
1832.0,48.08,48.07787581855766,-0.0021241814423405003
1833.0,48.08,48.07789483830403,-0.0021051616959653074
1834.0,48.08,48.07791377468371,-0.0020862253162903244
1835.0,48.08,48.07793262806196,-0.0020673719380397415
1836.0,48.08,48.07795139880268,-0.002048601197316202
1837.0,48.08,48.07797008726807,-0.002029912731927652
1838.0,48.08,48.07798869381874,-0.0020113061812594424
1839.0,48.08,48.07800721881376,-0.001992781186238801
1840.0,48.08,48.07802566261057,-0.0019743373894272054
1841.0,48.08,48.078044025565106,-0.0019559744348924823
1842.0,48.08,48.078062308031704,-0.0019376919682940752
1843.0,48.08,48.078080510363144,-0.001919489636854621
1844.0,48.08,48.07809863291068,-0.0019013670893173185
1845.0,48.08,48.07811667602401,-0.00188332397598856
1846.0,48.08,48.07813464005133,-0.0018653599486668782
1847.0,48.08,48.07815252533927,-0.00184747466072821
1848.0,48.08,48.078170332232965,-0.001829667767033527
1849.0,48.08,48.07818806107603,-0.0018119389239714678
1850.0,48.08,48.07820571221057,-0.0017942877894299158
1851.0,48.08,48.07822328597721,-0.0017767140227888945
1852.0,48.08,48.07824078271505,-0.0017592172849489884
1853.0,48.08,48.078258202761695,-0.0017417972383029223
1854.0,48.08,48.078275546453355,-0.0017244535466431898
1855.0,48.08,48.078292814124666,-0.0017071858753325841
1856.0,48.08,48.078310006108865,-0.0016899938911336676
1857.0,48.08,48.07832712273766,-0.0016728772623366694
1858.0,48.08,48.078344164341374,-0.0016558356586244827
1859.0,48.08,48.07836113124886,-0.001638868751136613
1860.0,48.08,48.07837802378751,-0.0016219762124904946
1861.0,48.08,48.078394842283316,-0.0016051577166820152
1862.0,48.08,48.0784115870608,-0.001588412939199202
1863.0,48.08,48.0784282584431,-0.0015717415569014292
1864.0,48.08,48.07844485675189,-0.00155514324811179
1865.0,48.08,48.07846138230744,-0.0015386176925602513
1866.0,48.08,48.078477835428735,-0.0015221645712628629
1867.0,48.08,48.078494216433164,-0.0015057835668343955
1868.0,48.08,48.078510525636915,-0.0014894743630833318
1869.0,48.08,48.07852676335466,-0.0014732366453387158
1870.0,48.08,48.078542929899726,-0.0014570701002725173
1871.0,48.08,48.07855902558409,-0.0014409744159067372
1872.0,48.08,48.07857505071837,-0.0014249492816276188
1873.0,48.08,48.078591005611756,-0.0014089943882424905
1874.0,48.08,48.078606890572146,-0.0013931094278518685
1875.0,48.08,48.07862270590603,-0.0013772940939702494
1876.0,48.08,48.07863845191861,-0.0013615480813911063
1877.0,48.08,48.07865412891377,-0.001345871086229522
1878.0,48.08,48.07866973719403,-0.0013302628059648214
1879.0,48.08,48.07868527706054,-0.0013147229394547821
1880.0,48.08,48.07870074881316,-0.001299251186836159
1881.0,48.08,48.078716152750516,-0.0012838472494820508
1882.0,48.08,48.07873148916979,-0.0012685108302079584
1883.0,48.08,48.0787467583669,-0.0012532416331012541
1884.0,48.08,48.078761960636555,-0.001238039363443022
1885.0,48.08,48.07877709627208,-0.0012229037279212207
1886.0,48.08,48.078792165565574,-0.0012078344344246261
1887.0,48.08,48.078807168807785,-0.0011928311922133616
1888.0,48.08,48.07882210628827,-0.0011778937117270516
1889.0,48.08,48.078836978295215,-0.0011630217047837732
1890.0,48.08,48.07885178511564,-0.0011482148843597884
1891.0,48.08,48.07886652703526,-0.0011334729647387576
1892.0,48.08,48.07888120433855,-0.0011187956614477912
1893.0,48.08,48.078895817308734,-0.0011041826912645547
1894.0,48.08,48.07891036622779,-0.0010896337722101634
1895.0,48.08,48.07892485137647,-0.0010751486235278662
1896.0,48.08,48.078939273034294,-0.0010607269657043616
1897.0,48.08,48.07895363147957,-0.0010463685204271655
1898.0,48.08,48.0789679269893,-0.0010320730106982978
1899.0,48.08,48.07898215983942,-0.001017840160578487
1900.0,48.08,48.078996330304534,-0.001003669695464282
1901.0,48.08,48.07901043865813,-0.000989561341867784
1902.0,48.08,48.0790244851724,-0.000975514827601387
1903.0,48.08,48.07903847011841,-0.0009615298815859319
1904.0,48.08,48.079052393766034,-0.0009476062339643931
1905.0,48.08,48.07906625638395,-0.0009337436160450352
1906.0,48.08,48.07908005823967,-0.0009199417603298343
1907.0,48.08,48.079093799599505,-0.0009062004004931623
1908.0,48.08,48.07910748072865,-0.0008925192713462593
1909.0,48.08,48.07912110189109,-0.0008788981089082881
1910.0,48.08,48.07913466334965,-0.0008653366503494908
1911.0,48.08,48.07914816536604,-0.0008518346339556615
1912.0,48.08,48.079161608200806,-0.0008383917991920953
1913.0,48.08,48.07917499211335,-0.0008250078866467447
1914.0,48.08,48.07918831736197,-0.00081168263803022
1915.0,48.08,48.07920158420373,-0.0007984157962681593
1916.0,48.08,48.07921479289469,-0.0007852071053093823
1917.0,48.08,48.07922794368972,-0.0007720563102751044
1918.0,48.08,48.07924103684255,-0.0007589631574518307
1919.0,48.08,48.079254072605934,-0.0007459273940639832
1920.0,48.08,48.079267051231305,-0.0007329487686931202
1921.0,48.08,48.07927997296923,-0.0007200270307663459
1922.0,48.08,48.07929283806892,-0.0007071619310750066
1923.0,48.08,48.079305646778735,-0.0006943532212630998
1924.0,48.08,48.079318399345794,-0.0006816006542038622
1925.0,48.08,48.079331096016205,-0.0006689039837937116
1926.0,48.08,48.07934373703492,-0.0006562629650801455
1927.0,48.08,48.07935632264594,-0.0006436773540556828
1928.0,48.08,48.07936885309209,-0.0006311469079065546
1929.0,48.08,48.07938132861518,-0.0006186713848208569
1930.0,48.08,48.07939374945592,-0.0006062505440809218
1931.0,48.08,48.07940611585401,-0.0005938841459851574
1932.0,48.08,48.079418428048086,-0.0005815719519119966
1933.0,48.08,48.07943068627577,-0.000569313724227527
1934.0,48.08,48.079442890773535,-0.0005571092264631261
1935.0,48.08,48.0794550417769,-0.0005449582230951933
1936.0,48.08,48.07946713952038,-0.000532860479616204
1937.0,48.08,48.079479184237414,-0.0005208157625844478
1938.0,48.08,48.07949117616037,-0.000508823839631134
1939.0,48.08,48.07950311552072,-0.0004968844792756499
1940.0,48.08,48.079515002548845,-0.00048499745115293535
1941.0,48.08,48.079526837474106,-0.0004731625258926897
1942.0,48.08,48.07953862052486,-0.00046137947514068856
1943.0,48.08,48.079550351928496,-0.0004496480715019402
1944.0,48.08,48.07956203191145,-0.000437968088547791
1945.0,48.08,48.079573660699005,-0.0004263393009935612
1946.0,48.08,48.07958523851565,-0.00041476148435037885
1947.0,48.08,48.07959676558477,-0.00040323441523071324
1948.0,48.08,48.07960824212878,-0.00039175787122047723
1949.0,48.08,48.07961966836915,-0.0003803316308506055
1950.0,48.08,48.07963104452638,-0.0003689554736183709
1951.0,48.08,48.07964237081998,-0.000357629180015806
1952.0,48.08,48.07965364746852,-0.00034635253147996536
1953.0,48.08,48.079664874689584,-0.00033512531041424154
1954.0,48.08,48.079676052699845,-0.0003239473001528381
1955.0,48.08,48.079687181715016,-0.00031281828498208597
1956.0,48.08,48.0796982619498,-0.0003017380501972866
1957.0,48.08,48.079709293618066,-0.000290706381932182
1958.0,48.08,48.079720276932626,-0.0002797230673721174
1959.0,48.08,48.07973121210547,-0.0002687878945266675
1960.0,48.08,48.079742099347605,-0.0002579006523930616
1961.0,48.08,48.07975293886908,-0.00024706113092065607
1962.0,48.08,48.079763730879144,-0.00023626912085461527
1963.0,48.08,48.07977447558594,-0.0002255244140556556
1964.0,48.08,48.07978517319695,-0.00021482680304529822
1965.0,48.08,48.07979582391846,-0.0002041760815387761
1966.0,48.08,48.07980642795606,-0.0001935720439405486
1967.0,48.08,48.079816985514384,-0.0001830144856143079
1968.0,48.08,48.07982749679712,-0.00017250320287587328
1969.0,48.08,48.07983796200713,-0.00016203799286529375
1970.0,48.08,48.07984838134638,-0.00015161865361790205
1971.0,48.08,48.07985875501585,-0.00014124498414957998
1972.0,48.08,48.07986908321581,-0.000130916784186752
1973.0,48.08,48.079879366145505,-0.00012063385449323505
1974.0,48.08,48.079889604003384,-0.00011039599661444299
1975.0,48.08,48.079899796987,-0.00010020301299817902
1976.0,48.08,48.07990994529301,-9.005470698753015e-05
1977.0,48.08,48.079920049117305,-7.995088269296957e-05
1978.0,48.08,48.07993010865482,-6.989134517709772e-05
1979.0,48.08,48.07994012409967,-5.987590032674461e-05
1980.0,48.08,48.079950095645124,-4.990435487428613e-05
1981.0,48.08,48.079960023483636,-3.9976516362116854e-05
1982.0,48.08,48.07996990780672,-3.0092193277653223e-05
1983.0,48.08,48.07997974880517,-2.025119482595983e-05
1984.0,48.08,48.07998954666883,-1.0453331171333957e-05
1985.0,48.08,48.079999301586795,-6.984132028264867e-07
1986.0,48.08,48.08000901374733,9.013747330754995e-06
1987.0,48.08,48.080018683337805,1.8683337806635336e-05
1988.0,48.08,48.080028310544805,2.831054480623152e-05
1989.0,48.08,48.08003789555413,3.789555412936352e-05
1990.0,48.08,48.080047438550736,4.743855073741088e-05
1991.0,48.08,48.08005693971879,5.6939718788839855e-05
1992.0,48.08,48.08006639924161,6.63992416107817e-05
1993.0,48.08,48.08007581730173,7.58173017345598e-05
1994.0,48.08,48.08008519408091,8.519408090990055e-05
1995.0,48.08,48.08009452976006,9.452976006230074e-05
1996.0,48.08,48.080103824519355,0.00010382451935697645
1997.0,48.08,48.08011307853815,0.00011307853814912505
1998.0,48.08,48.080122291994996,0.00012229199499813603
1999.0,48.08,48.080131465067716,0.00013146506771732902
2000.0,48.08,48.08014059793332,0.00014059793332421577
2001.0,48.08,48.080149690767996,0.00014969076799786762
2002.0,48.08,48.08015874374726,0.0001587437472636566
2003.0,48.08,48.080167757045764,0.00016775704576588168
2004.0,48.08,48.080176730837465,0.00017673083746672091
2005.0,48.08,48.08018566529552,0.00018566529551833355
2006.0,48.08,48.08019456059231,0.00019456059231259815
2007.0,48.08,48.08020341689952,0.0002034168995237451
2008.0,48.08,48.08021223438803,0.0002122343880301969
2009.0,48.08,48.080221013228,0.00022101322799983336
2010.0,48.08,48.08022975358885,0.0002297535888544644
2011.0,48.08,48.08023845563916,0.00023845563916324863
2012.0,48.08,48.08024711954694,0.00024711954694112137
2013.0,48.08,48.08025574547937,0.0002557454793716829
2014.0,48.08,48.08026433360285,0.0002643336028498311
2015.0,48.08,48.08027288408315,0.0002728840831522916
2016.0,48.08,48.08028139708523,0.0002813970852315606
2017.0,48.08,48.080289872773356,0.0002898727733580131
2018.0,48.08,48.080298311311125,0.0002983113111270086
2019.0,48.08,48.08030671286136,0.000306712861359415
2020.0,48.08,48.08031507758619,0.0003150775861939792
2021.0,48.08,48.08032340564696,0.0003234056469594293
2022.0,48.08,48.080331697204485,0.0003316972044871136
2023.0,48.08,48.0803399524187,0.0003399524186988856
2024.0,48.08,48.080348171448875,0.0003481714488771104
2025.0,48.08,48.0803563544537,0.0003563544537001917
2026.0,48.08,48.08036450159099,0.000364501590993882
2027.0,48.08,48.080372613018014,0.0003726130180154996
2028.0,48.08,48.08038068889128,0.00038068889128339833
2029.0,48.08,48.080388729366625,0.00038872936662670554
2030.0,48.08,48.0803967345992,0.000396734599199533
2031.0,48.08,48.08040470474347,0.00040470474347387153
2032.0,48.08,48.08041263995327,0.00041263995327511793
2033.0,48.08,48.080420540381695,0.00042054038169681007
2034.0,48.08,48.08042840618121,0.0004284061812143136
2035.0,48.08,48.08043623750359,0.0004362375035924515
2036.0,48.08,48.08044403449995,0.00044403449994945277
2037.0,48.08,48.08045179732075,0.00045179732074984713
2038.0,48.08,48.0804595261158,0.000459526115804465
2039.0,48.08,48.08046722103423,0.00046722103423491035
2040.0,48.08,48.080474882224514,0.0004748822245161932
2041.0,48.08,48.08048250983451,0.00048250983451225693
2042.0,48.08,48.08049010401143,0.0004901040114333455
2043.0,48.08,48.08049766490174,0.000497664901743633
2044.0,48.08,48.08050519265142,0.0005051926514241245
2045.0,48.08,48.08051268740569,0.000512687405688439
2046.0,48.08,48.08052014930918,0.0005201493091817611
2047.0,48.08,48.08052757850588,0.0005275785058813653
2048.0,48.08,48.08053497513915,0.0005349751391534596
2049.0,48.08,48.08054233935172,0.0005423393517247632
2050.0,48.08,48.08054967128572,0.0005496712857251396
2051.0,48.08,48.08055697108257,0.0005569710825739094
2052.0,48.08,48.08056423888323,0.0005642388832285405
2053.0,48.08,48.08057147482783,0.0005714748278293769
2054.0,48.08,48.080578679056096,0.0005786790560975419
2055.0,48.08,48.08058585170701,0.0005858517070151947
2056.0,48.08,48.080592992918994,0.0005929929189960603
2057.0,48.08,48.08060010282979,0.0006001028297930588
2058.0,48.08,48.08060718157668,0.0006071815766830468
2059.0,48.08,48.08061422929617,0.0006142292961683893
2060.0,48.08,48.08062124612437,0.0006212461243748635
2061.0,48.08,48.080628232196574,0.0006282321965755955
2062.0,48.08,48.08063518764768,0.0006351876476813345
2063.0,48.08,48.08064211261188,0.0006421126118851816
2064.0,48.08,48.080649007222746,0.0006490072227478549
2065.0,48.08,48.08065587161339,0.0006558716133895359
2066.0,48.08,48.08066270591623,0.0006627059162340743
2067.0,48.08,48.08066951026317,0.0006695102631724126
2068.0,48.08,48.08067628478548,0.0006762847854844267
2069.0,48.08,48.08068302961394,0.0006830296139384018
2070.0,48.08,48.08068974487868,0.0006897448786844507
2071.0,48.08,48.08069643070928,0.0006964307092829358
2072.0,48.08,48.08070308723475,0.0007030872347542072
2073.0,48.08,48.08070971458353,0.0007097145835288643
2074.0,48.08,48.08071631288351,0.000716312883511705
2075.0,48.08,48.08072288226203,0.0007228822620319875
2076.0,48.08,48.08072942284584,0.0007294228458434304
2077.0,48.08,48.08073593476119,0.0007359347611881617
2078.0,48.08,48.08074241813368,0.0007424181336830316
2079.0,48.08,48.080748873088474,0.000748873088475932
2080.0,48.08,48.0807552997501,0.0007552997501036884
2081.0,48.08,48.08076169824259,0.0007616982425915353
2082.0,48.08,48.080768068689366,0.0007680686893678512
2083.0,48.08,48.08077441121344,0.0007744112134417946
2084.0,48.08,48.08078072593712,0.0007807259371190867
2085.0,48.08,48.080787012982306,0.0007870129823075445
2086.0,48.08,48.08079327247035,0.0007932724703536564
2087.0,48.08,48.080799504521934,0.0007995045219360009
2088.0,48.08,48.080805709257426,0.0008057092574276226
2089.0,48.08,48.080811886796475,0.0008118867964768128
2090.0,48.08,48.080818037258325,0.0008180372583268536
2091.0,48.08,48.08082416076168,0.0008241607616810143
2092.0,48.08,48.08083025742467,0.0008302574246741301
2093.0,48.08,48.08083632736496,0.0008363273649649727
2094.0,48.08,48.080842370699685,0.0008423706996865121
2095.0,48.08,48.08084838754542,0.0008483875454246004
2096.0,48.08,48.080854378018344,0.0008543780183458694
2097.0,48.08,48.08086034223397,0.000860342233970357
2098.0,48.08,48.08086628030745,0.0008662803074486192
2099.0,48.08,48.080872192353354,0.0008721923533556719
2100.0,48.08,48.080878078485746,0.0008780784857478352
2101.0,48.08,48.08088393881824,0.0008839388182408925
2102.0,48.08,48.08088977346387,0.0008897734638750876
2103.0,48.08,48.08089558253528,0.0008955825352785496
2104.0,48.08,48.080901366144545,0.0009013661445465004
2105.0,48.08,48.08090712440327,0.0009071244032696768
2106.0,48.08,48.080912857422554,0.0009128574225556463
2107.0,48.08,48.08091856531307,0.00091856531307144
2108.0,48.08,48.080924248184914,0.0009242481849156547
2109.0,48.08,48.080929906147794,0.000929906147796089
2110.0,48.08,48.08093553931083,0.0009355393108307908
2111.0,48.08,48.080941147782795,0.0009411477827967474
2112.0,48.08,48.08094673167186,0.0009467316718598795
2113.0,48.08,48.080952291085794,0.0009522910857953093
2114.0,48.08,48.08095782613184,0.0009578261318452519
2115.0,48.08,48.0809633369169,0.0009633369169037564
2116.0,48.08,48.080968823547224,0.0009688235472253837
2117.0,48.08,48.08097428612872,0.0009742861287236337
2118.0,48.08,48.08097972476683,0.0009797247668288378
2119.0,48.08,48.080985139566415,0.0009851395664171037
2120.0,48.08,48.080990530632036,0.0009905306320376894
2121.0,48.08,48.0809958980677,0.0009958980676998408
2122.0,48.08,48.08100124197699,0.0010012419769935832
2123.0,48.08,48.08100656246302,0.0010065624630186676
2124.0,48.08,48.08101185962845,0.0010118596284485193
2125.0,48.08,48.081017133575514,0.0010171335755160271
2126.0,48.08,48.08102238440595,0.0010223844059495946
2127.0,48.08,48.08102761222114,0.00102761222114367
2128.0,48.08,48.081032817121915,0.0010328171219171622
2129.0,48.08,48.081037999208746,0.0010379992087479195
2130.0,48.08,48.08104315858159,0.001043158581595094
2131.0,48.08,48.08104829534005,0.0010482953400483552
2132.0,48.08,48.08105340958321,0.0010534095832142043
2133.0,48.08,48.08105850140977,0.0010585014097728163
2134.0,48.08,48.081063570918005,0.0010635709180064623
2135.0,48.08,48.08106861820575,0.0010686182057497717
2136.0,48.08,48.08107364337034,0.001073643370339994
2137.0,48.08,48.0810786465088,0.0010786465088017394
2138.0,48.08,48.08108362771765,0.0010836277176551334
2139.0,48.08,48.08108858709301,0.0010885870930081865
2140.0,48.08,48.08109352473059,0.0010935247305923212
2141.0,48.08,48.0810984407257,0.001098440725698424
2142.0,48.08,48.08110333517313,0.0011033351731342123
2143.0,48.08,48.08110820816739,0.0011082081673947641
2144.0,48.08,48.08111305980248,0.0011130598024848837
2145.0,48.08,48.08111789017204,0.0011178901720398926
2146.0,48.08,48.08112269936926,0.0011226993692616816
2147.0,48.08,48.08112748748695,0.0011274874869542373
2148.0,48.08,48.08113225461754,0.0011322546175449588
2149.0,48.08,48.08113700085299,0.001137000852992287
2150.0,48.08,48.08114172628487,0.0011417262848709697
2151.0,48.08,48.081146431004356,0.0011464310043578507
2152.0,48.08,48.08115111510229,0.0011511151022887134
2153.0,48.08,48.08115577866902,0.0011557786690232774
2154.0,48.08,48.08116042179452,0.0011604217945233586
2155.0,48.08,48.08116504456844,0.0011650445684452393
2156.0,48.08,48.081169647079975,0.0011696470799762437
2157.0,48.08,48.08117422941788,0.0011742294178844759
2158.0,48.08,48.08117879167065,0.0011787916706538226
2159.0,48.08,48.08118333392629,0.0011833339262921072
2160.0,48.08,48.08118785627247,0.0011878562724731978
2161.0,48.08,48.081192358796415,0.0011923587964162152
2162.0,48.08,48.081196841585054,0.0011968415850560632
2163.0,48.08,48.08120130472486,0.0012013047248586872
2164.0,48.08,48.08120574830196,0.0012057483019631832
2165.0,48.08,48.08121017240214,0.0012101724021391647
2166.0,48.08,48.081214577110714,0.0012145771107157088
2167.0,48.08,48.08121896251271,0.001218962512709254
2168.0,48.08,48.08122332869273,0.0012233286927312292
2169.0,48.08,48.08122767573506,0.0012276757350591083
2170.0,48.08,48.08123200372357,0.0012320037235724612
2171.0,48.08,48.08123631274176,0.0012363127417600595
2172.0,48.08,48.081240602872796,0.0012406028727980356
2173.0,48.08,48.081244874199456,0.001244874199457513
2174.0,48.08,48.08124912680417,0.0012491268041685544
2175.0,48.08,48.081253360769026,0.0012533607690272675
2176.0,48.08,48.08125757617567,0.0012575761756750126
2177.0,48.08,48.08126177310548,0.0012617731054831438
2178.0,48.08,48.08126595163944,0.0012659516394393222
2179.0,48.08,48.08127011185815,0.0012701118581546211
2180.0,48.08,48.08127425384193,0.0012742538419345806
2181.0,48.08,48.0812783776707,0.0012783776707010475
2182.0,48.08,48.081282483424054,0.0012824834240561245
2183.0,48.08,48.08128657118117,0.0012865711811684832
2184.0,48.08,48.081290641020956,0.0012906410209581054
2185.0,48.08,48.08129469302195,0.0012946930219541741
2186.0,48.08,48.08129872726231,0.001298727262309285
2187.0,48.08,48.08130274381993,0.0013027438199344488
2188.0,48.08,48.081306742772306,0.0013067427723072456
2189.0,48.08,48.081310724196605,0.0013107241966068273
2190.0,48.08,48.08131468816961,0.001314688169614442
2191.0,48.08,48.0813186347679,0.0013186347678981747
2192.0,48.08,48.08132256406755,0.0013225640675500472
2193.0,48.08,48.08132647614439,0.0013264761443920747
2194.0,48.08,48.08133037107395,0.0013303710739549501
2195.0,48.08,48.081334248931384,0.0013342489313856731
2196.0,48.08,48.08133810979151,0.0013381097915114992
2197.0,48.08,48.08134195372885,0.0013419537288541505
2198.0,48.08,48.08134578081754,0.0013457808175445507
2199.0,48.08,48.081349591131456,0.001349591131457828
2200.0,48.08,48.081353384744126,0.00135338474412805
2201.0,48.08,48.08135716172873,0.0013571617287340132
2202.0,48.08,48.08136092215817,0.0013609221581702968
2203.0,48.08,48.08136466610503,0.0013646661050330522
2204.0,48.08,48.08136839364151,0.0013683936415134212
2205.0,48.08,48.081372104839616,0.0013721048396178048
2206.0,48.08,48.0813757997709,0.0013757997709049619
2207.0,48.08,48.08137947850665,0.0013794785066494342
2208.0,48.08,48.08138314111788,0.001383141117884179
2209.0,48.08,48.081386787675285,0.0013867876752868824
2210.0,48.08,48.0813904182492,0.001390418249201275
2211.0,48.08,48.0813940329097,0.0013940329097010817
2212.0,48.08,48.081397631726524,0.0013976317265260718
2213.0,48.08,48.08140121476909,0.0014012147690891652
2214.0,48.08,48.081404782106624,0.001404782106625646
2215.0,48.08,48.0814083338079,0.0014083338079018404
2216.0,48.08,48.081411869941434,0.0014118699414353841
2217.0,48.08,48.081415390575536,0.001415390575537856
2218.0,48.08,48.0814188957781,0.0014188957781016143
2219.0,48.08,48.08142238561676,0.001422385616763222
2220.0,48.08,48.081425860158866,0.0014258601588679198
2221.0,48.08,48.08142931947147,0.0014293194714696256
2222.0,48.08,48.08143276362131,0.0014327636213096184
2223.0,48.08,48.08143619267484,0.0014361926748449605
2224.0,48.08,48.081439606698275,0.0014396066982769185
2225.0,48.08,48.081443005757464,0.0014430057574656985
2226.0,48.08,48.08144638991799,0.001446389917994395
2227.0,48.08,48.0814497592452,0.0014497592452045183
2228.0,48.08,48.081453113804024,0.0014531138040254632
2229.0,48.08,48.081456453659314,0.0014564536593155708
2230.0,48.08,48.08145977887541,0.0014597788754144858
2231.0,48.08,48.08146308951654,0.0014630895165410607
2232.0,48.08,48.081466385646536,0.0014663856465375602
2233.0,48.08,48.081469667329046,0.0014696673290472972
2234.0,48.08,48.08147293462737,0.0014729346273725241
2235.0,48.08,48.0814761876046,0.0014761876046023303
2236.0,48.08,48.081479426323476,0.0014794263234776395
2237.0,48.08,48.081482650846496,0.0014826508464977906
2238.0,48.08,48.0814858612359,0.0014858612358992218
2239.0,48.08,48.0814890575536,0.0014890575535986272
2240.0,48.08,48.08149223986129,0.0014922398612924326
2241.0,48.08,48.08149540822041,0.0014954082204141628
2242.0,48.08,48.08149856269207,0.001498562692070493
2243.0,48.08,48.08150170333714,0.0015017033371407251
2244.0,48.08,48.08150483021625,0.001504830216248365
2245.0,48.08,48.081507943389695,0.001507943389697175
2246.0,48.08,48.08151104291759,0.0015110429175919649
2247.0,48.08,48.08151412885972,0.0015141288597249059
2248.0,48.08,48.081517201275624,0.0015172012756252684
2249.0,48.08,48.081520260224664,0.0015202602246660035
2250.0,48.08,48.081523305765764,0.0015233057657653148
2251.0,48.08,48.08152633795775,0.0015263379577490355
2252.0,48.08,48.08152935685912,0.0015293568591232543
2253.0,48.08,48.08153236252815,0.0015323625281524755
2254.0,48.08,48.081535355022815,0.0015353550228169865
2255.0,48.08,48.08153833440086,0.0015383344008625954
2256.0,48.08,48.08154130071982,0.0015413007198219475
2257.0,48.08,48.08154425403686,0.0015442540368582058
2258.0,48.08,48.08154719440905,0.0015471944090492684
2259.0,48.08,48.08155012189306,0.0015501218930609184
2260.0,48.08,48.08155303654543,0.0015530365454310413
2261.0,48.08,48.08155593842238,0.0015559384223848838
2262.0,48.08,48.08155882757991,0.0015588275799132134
2263.0,48.08,48.08156170407377,0.0015617040737723187
2264.0,48.08,48.081564567959475,0.0015645679594769035
2265.0,48.08,48.08156741929224,0.001567419292243244
2266.0,48.08,48.081570258127215,0.0015702581272165617
2267.0,48.08,48.08157308451904,0.0015730845190446985
2268.0,48.08,48.08157589852231,0.0015758985223115474
2269.0,48.08,48.08157870019135,0.0015787001913523113
2270.0,48.08,48.081581489580216,0.0015814895802179763
2271.0,48.08,48.081584266742674,0.001584266742675311
2272.0,48.08,48.08158703173238,0.001587031732384503
2273.0,48.08,48.081589784602656,0.0015897846026575735
2274.0,48.08,48.08159252540665,0.0015925254066502248
2275.0,48.08,48.081595254197225,0.0015952541972268364
2276.0,48.08,48.08159797102703,0.0015979710270315195
2277.0,48.08,48.08160067594854,0.0016006759485449606
2278.0,48.08,48.0816033690139,0.0016033690138996803
2279.0,48.08,48.081606050275106,0.0016060502751074068
2280.0,48.08,48.08160871978389,0.0016087197838885459
2281.0,48.08,48.08161137759179,0.001611377591792973
2282.0,48.08,48.08161402375005,0.0016140237500508192
2283.0,48.08,48.08161665830975,0.0016166583097501075
2284.0,48.08,48.08161928132172,0.001619281321723065
2285.0,48.08,48.08162189283659,0.0016218928365887564
2286.0,48.08,48.081624492904744,0.0016244929047459777
2287.0,48.08,48.081627081576364,0.0016270815763661517
2288.0,48.08,48.081629658901406,0.001629658901407538
2289.0,48.08,48.08163222492958,0.0016322249295797064
2290.0,48.08,48.081634779710406,0.0016347797104074857
2291.0,48.08,48.08163732329322,0.001637323293223858
2292.0,48.08,48.0816398557271,0.0016398557270989045
2293.0,48.08,48.08164237706083,0.0016423770608327004
2294.0,48.08,48.081644887343174,0.0016448873431755828
2295.0,48.08,48.08164738662251,0.0016473866225084066
2296.0,48.08,48.081649874947075,0.0016498749470770235
2297.0,48.08,48.08165235236489,0.0016523523648928062
2298.0,48.08,48.08165481892379,0.0016548189237894917
2299.0,48.08,48.081657274671315,0.0016572746713165998
2300.0,48.08,48.08165971965491,0.0016597196549099635
2301.0,48.08,48.08166215392171,0.0016621539217140935
2302.0,48.08,48.081664577518715,0.0016645775187171807
2303.0,48.08,48.08166699049269,0.0016669904926942536
2304.0,48.08,48.08166939289016,0.001669392890164545
2305.0,48.08,48.08167178475753,0.001671784757533601
2306.0,48.08,48.08167416614097,0.0016741661409724884
2307.0,48.08,48.081676537086366,0.0016765370863680573
2308.0,48.08,48.081678897639534,0.0016788976395361033
2309.0,48.08,48.08168124784597,0.0016812478459726776
2310.0,48.08,48.081683587751066,0.0016835877510672503
2311.0,48.08,48.08168591739998,0.0016859173999819177
2312.0,48.08,48.08168823683763,0.001688236837630086
2313.0,48.08,48.08169054610876,0.0016905461087617368
2314.0,48.08,48.081692845258004,0.0016928452580060593
2315.0,48.08,48.08169513432968,0.001695134329679604
2316.0,48.08,48.08169741336796,0.001697413367963918
2317.0,48.08,48.08169968241684,0.001699682416841597
2318.0,48.08,48.08170194152007,0.0017019415200749677
2319.0,48.08,48.081704190721304,0.0017041907213055651
2320.0,48.08,48.0817064300639,0.001706430063904918
2321.0,48.08,48.081708659591065,0.001708659591066919
2322.0,48.08,48.08171087934586,0.0017108793458646687
2323.0,48.08,48.081713089371036,0.001713089371037313
2324.0,48.08,48.08171528970933,0.0017152897093311026
2325.0,48.08,48.08171748040319,0.0017174804031938606
2326.0,48.08,48.081719661494844,0.0017196614948460365
2327.0,48.08,48.081721833026386,0.0017218330263872872
2328.0,48.08,48.08172399503975,0.001723995039753845
2329.0,48.08,48.08172614757666,0.001726147576661674
2330.0,48.08,48.081728290678626,0.0017282906786277863
2331.0,48.08,48.08173042438702,0.0017304243870199798
2332.0,48.08,48.081732548743,0.0017325487429999953
2333.0,48.08,48.08173466378759,0.0017346637875945703
2334.0,48.08,48.08173676956154,0.0017367695615391199
2335.0,48.08,48.081738866105546,0.0017388661055477428
2336.0,48.08,48.081740953460056,0.0017409534600574261
2337.0,48.08,48.08174303166534,0.0017430316653417322
2338.0,48.08,48.08174510076149,0.001745100761489482
2339.0,48.08,48.081747160788424,0.001747160788426072
2340.0,48.08,48.08174921178592,0.0017492117859205791
2341.0,48.08,48.08175125379356,0.0017512537935644445
2342.0,48.08,48.08175328685074,0.0017532868507430521
2343.0,48.08,48.081755310996655,0.0017553109966570446
2344.0,48.08,48.08175732627042,0.0017573262704217996
2345.0,48.08,48.0817593327109,0.0017593327109040047
2346.0,48.08,48.081761330356805,0.0017613303568069227
2347.0,48.08,48.08176331924667,0.0017633192466703917
2348.0,48.08,48.08176529941892,0.0017652994189205629
2349.0,48.08,48.08176727091174,0.0017672709117420027
2350.0,48.08,48.081769233763126,0.0017692337631274313
2351.0,48.08,48.08177118801105,0.0017711880110482525
2352.0,48.08,48.081773133693176,0.0017731336931774422
2353.0,48.08,48.081775070847044,0.0017750708470458676
2354.0,48.08,48.08177699951003,0.001776999510035182
2355.0,48.08,48.08177891971933,0.0017789197193351924
2356.0,48.08,48.08178083151206,0.0017808315120646512
2357.0,48.08,48.08178273492509,0.0017827349250936209
2358.0,48.08,48.08178462999513,0.0017846299951287392
2359.0,48.08,48.08178651675876,0.0017865167587629571
2360.0,48.08,48.08178839525238,0.001788395252383168
2361.0,48.08,48.081790265512225,0.0017902655122270517
2362.0,48.08,48.08179212757442,0.0017921275744186005
2363.0,48.08,48.08179398147486,0.001793981474861539
2364.0,48.08,48.08179582724939,0.0017958272493885374
2365.0,48.08,48.08179766493353,0.001797664933533838
2366.0,48.08,48.081799494562816,0.0017994945628174719
2367.0,48.08,48.081801316172495,0.0018013161724965698
2368.0,48.08,48.08180312979777,0.001803129797771419
2369.0,48.08,48.08180493547364,0.0018049354736433543
2370.0,48.08,48.081806733234906,0.0018067332349076537
2371.0,48.08,48.08180852311627,0.0018085231162743298
2372.0,48.08,48.081810305152295,0.001810305152297076
2373.0,48.08,48.08181207937734,0.001812079377344844
2374.0,48.08,48.081813845825685,0.0018138458256871104
2375.0,48.08,48.08181560453134,0.0018156045313446612
2376.0,48.08,48.08181735552832,0.0018173555283240717
2377.0,48.08,48.08181909885039,0.0018190988503903327
2378.0,48.08,48.08182083453119,0.0018208345311947483
2379.0,48.08,48.08182256260419,0.0018225626041896703
2380.0,48.08,48.08182428310275,0.0018242831027492912
2381.0,48.08,48.081825996060076,0.0018259960600772729
2382.0,48.08,48.08182770150924,0.0018277015092422744
2383.0,48.08,48.08182939948312,0.001829399483121108
2384.0,48.08,48.0818310900145,0.0018310900144982156
2385.0,48.08,48.081832773135964,0.0018327731359661925
2386.0,48.08,48.081834448880066,0.001834448880067896
2387.0,48.08,48.08183611727906,0.0018361172790619662
2388.0,48.08,48.081837778365184,0.0018377783651857271
2389.0,48.08,48.08183943217051,0.0018394321705130778
2390.0,48.08,48.08184107872691,0.00184107872691186
2391.0,48.08,48.08184271806616,0.0018427180661646503
2392.0,48.08,48.08184435021991,0.0018443502199119166
2393.0,48.08,48.08184597521968,0.0018459752196804402
2394.0,48.08,48.08184759309676,0.0018475930967625231
2395.0,48.08,48.08184920388245,0.0018492038824504675
2396.0,48.08,48.081850807607786,0.0018508076077878854
2397.0,48.08,48.08185240430372,0.001852404303718913
2398.0,48.08,48.08185399400105,0.0018539940010526834
2399.0,48.08,48.08185557673048,0.0018555767304846427
2400.0,48.08,48.081857152522545,0.0018571525225468122
2401.0,48.08,48.08185872140765,0.001858721407650421
2402.0,48.08,48.08186028341604,0.0018602834160432735
2403.0,48.08,48.081861838577915,0.0018618385779163305
2404.0,48.08,48.08186338692323,0.001863386923233179
2405.0,48.08,48.08186492848186,0.0018649284818650358
2406.0,48.08,48.08186646328362,0.0018664632836191686
2407.0,48.08,48.08186799135806,0.0018679913580612606
2408.0,48.08,48.08186951273472,0.001869512734721468
2409.0,48.08,48.081871027442894,0.0018710274428954676
2410.0,48.08,48.08187253551188,0.0018725355118789366
2411.0,48.08,48.08187403697072,0.001874036970718862
2412.0,48.08,48.081875531848404,0.0018755318484053873
2413.0,48.08,48.08187702017379,0.0018770201737936532
2414.0,48.08,48.0818785019756,0.0018785019756037968
2415.0,48.08,48.08187997728242,0.0018799772824209526
2416.0,48.08,48.08188144612273,0.0018814461227307788
2417.0,48.08,48.08188290852486,0.0018829085248626143
2418.0,48.08,48.081884364517045,0.001884364517046322
2419.0,48.08,48.08188581412736,0.0018858141273625506
2420.0,48.08,48.081887257383784,0.001887257383785368
2421.0,48.08,48.08188869431419,0.0018886943141893653
2422.0,48.08,48.081890124946256,0.0018901249462572878
2423.0,48.08,48.08189154930763,0.0018915493076292478
2424.0,48.08,48.08189296742577,0.0018929674257748275
2425.0,48.08,48.081894379328084,0.0018943793280854493
2426.0,48.08,48.0818957850418,0.0018957850418033217
2427.0,48.08,48.08189718459404,0.0018971845940427556
2428.0,48.08,48.081898578011774,0.0018985780117759532
2429.0,48.08,48.08189996532193,0.0018999653219324841
2430.0,48.08,48.08190134655128,0.0019013465512784933
2431.0,48.08,48.08190272172644,0.0019027217264451224
2432.0,48.08,48.08190409087399,0.001904090873992459
2433.0,48.08,48.081905454020344,0.0019054540203455872
2434.0,48.08,48.081906811191836,0.001906811191837221
2435.0,48.08,48.08190816241455,0.0019081624145513842
2436.0,48.08,48.08190950771464,0.001909507714643155
2437.0,48.08,48.08191084711806,0.0019108471180615538
2438.0,48.08,48.08191218065066,0.001912180650663231
2439.0,48.08,48.081913508338125,0.0019135083381272011
2440.0,48.08,48.08191483020613,0.0019148302061324785
2441.0,48.08,48.08191614628018,0.0019161462801804419
2442.0,48.08,48.08191745658563,0.0019174565856303616
2443.0,48.08,48.08191876114779,0.0019187611477917699
2444.0,48.08,48.08192005999183,0.0019200599918320904
2445.0,48.08,48.081921353142846,0.0019213531428476927
2446.0,48.08,48.08192264062574,0.0019226406257430995
2447.0,48.08,48.081923922465386,0.0019239224653873066
2448.0,48.08,48.081925198686505,0.0019251986865072013
2449.0,48.08,48.08192646931373,0.0019264693137301947
2450.0,48.08,48.08192773437159,0.0019277343715913275
2451.0,48.08,48.08192899388449,0.0019289938844906374
2452.0,48.08,48.08193024787673,0.0019302478767286857
2453.0,48.08,48.081931496372505,0.0019314963725065581
2454.0,48.08,48.08193273939591,0.0019327393959116534
2455.0,48.08,48.081933976970944,0.0019339769709461052
2456.0,48.08,48.081935209121475,0.001935209121477044
2457.0,48.08,48.081936435871256,0.0019364358712579133
2458.0,48.08,48.081937657244,0.0019376572439995243
2459.0,48.08,48.08193887326325,0.0019388732632492633
2460.0,48.08,48.08194008395252,0.0019400839525189895
2461.0,48.08,48.08194128933509,0.0019412893350931881
2462.0,48.08,48.08194248943429,0.001942489434291872
2463.0,48.08,48.08194368427324,0.001943684273243207
2464.0,48.08,48.081944873875,0.0019448738750043049
2465.0,48.08,48.081946058262545,0.0019460582625470124
2466.0,48.08,48.08194723745874,0.0019472374587437002
2467.0,48.08,48.08194841148629,0.0019484114862891033
2468.0,48.08,48.081949580367876,0.0019495803678779566
2469.0,48.08,48.081950744126054,0.0019507441260557812
2470.0,48.08,48.08195190278332,0.00195190278331836
2471.0,48.08,48.081953056361954,0.0019530563619554187
2472.0,48.08,48.081954204884255,0.001954204884256683
2473.0,48.08,48.081955348372425,0.001955348372426613
2474.0,48.08,48.08195648684847,0.0019564868484707176
2475.0,48.08,48.08195762033438,0.0019576203343802945
2476.0,48.08,48.08195874885202,0.0019587488520187435
2477.0,48.08,48.08195987242318,0.0019598724231784104
2478.0,48.08,48.08196099106959,0.0019609910695947974
2479.0,48.08,48.0819621048127,0.001962104812704979
2480.0,48.08,48.08196321367416,0.001963213674159192
2481.0,48.08,48.08196431767526,0.001964317675259508
2482.0,48.08,48.081965416837306,0.0019654168373079983
2483.0,48.08,48.08196651118158,0.001966511181578312
2484.0,48.08,48.08196760072914,0.001967600729145147
2485.0,48.08,48.08196868550104,0.001968685501040568
2486.0,48.08,48.08196976551819,0.0019697655181900586
2487.0,48.08,48.081970840801446,0.0019708408014480483
2488.0,48.08,48.08197191137155,0.001971911371548174
2489.0,48.08,48.08197297724916,0.001972977249160124
2490.0,48.08,48.081974038454874,0.0019740384548754264
2491.0,48.08,48.08197509500911,0.00197509500911508
2492.0,48.08,48.081976146932305,0.001976146932307188
2493.0,48.08,48.08197719424474,0.001977194244744851
2494.0,48.08,48.081978236966634,0.0019782369666359045
2495.0,48.08,48.08197927511809,0.001979275118088708
2496.0,48.08,48.08198030871915,0.0019803087191547775
2497.0,48.08,48.08198133778977,0.001981337789771942
2498.0,48.08,48.08198236234979,0.0019823623497927656
2499.0,48.08,48.081983382419004,0.0019833824190058635
2500.0,48.08,48.081984398017084,0.001984398017086164
2501.0,48.08,48.08198540916363,0.001985409163630436
2502.0,48.08,48.08198641587814,0.0019864158781430774
2503.0,48.08,48.081987418180034,0.0019874181800361157
2504.0,48.08,48.08198841608868,0.001988416088678946
2505.0,48.08,48.08198940962334,0.001989409623341487
2506.0,48.08,48.08199039880314,0.001990398803144444
2507.0,48.08,48.081991383647214,0.0019913836472156277
2508.0,48.08,48.08199236417456,0.0019923641745620557
2509.0,48.08,48.08199334040406,0.001993340404062849
2510.0,48.08,48.08199431235459,0.001994312354590022
2511.0,48.08,48.081995280044914,0.0019952800449161145
2512.0,48.08,48.0819962434937,0.0019962434936999784
2513.0,48.08,48.08199720271949,0.0019972027194938846
2514.0,48.08,48.08199815774083,0.0019981577408287876
2515.0,48.08,48.081999108576156,0.0019991085761574823
2516.0,48.08,48.08200005524382,0.0020000552438190766
2517.0,48.08,48.082000997762094,0.0020009977620958352
2518.0,48.08,48.08200193614915,0.0020019361491492305
2519.0,48.08,48.082002870423075,0.0020028704230767858
2520.0,48.08,48.08200380060193,0.002003800601933392
2521.0,48.08,48.082004726703616,0.002004726703617621
2522.0,48.08,48.08200564874608,0.002005648746084887
2523.0,48.08,48.08200656674707,0.0020065667470703374
2524.0,48.08,48.082007480724315,0.002007480724316224
2525.0,48.08,48.082008390695435,0.0020083906954369013
2526.0,48.08,48.082009296677995,0.0020092966779969856
2527.0,48.08,48.08201019868947,0.002010198689468723
2528.0,48.08,48.08201109674731,0.002011096747310148
2529.0,48.08,48.082011990868814,0.0020119908688158716
2530.0,48.08,48.08201288107117,0.002012881071173922
2531.0,48.08,48.08201376737165,0.002013767371650488
2532.0,48.08,48.082014649787325,0.0020146497873270164
2533.0,48.08,48.08201552833522,0.0020155283352210063
2534.0,48.08,48.082016403032306,0.0020164030323073234
2535.0,48.08,48.082017273895424,0.0020172738954258307
2536.0,48.08,48.08201814094142,0.0020181409414234963
2537.0,48.08,48.082019004187,0.00201900418700518
2538.0,48.08,48.08201986364884,0.0020198636488402144
2539.0,48.08,48.082020719343504,0.0020207193435055615
2540.0,48.08,48.08202157128749,0.002021571287492918
2541.0,48.08,48.08202241949731,0.002022419497308192
2542.0,48.08,48.082023263989235,0.002023263989237023
2543.0,48.08,48.08202410477962,0.0020241047796218936
2544.0,48.08,48.082024941884676,0.0020249418846773892
2545.0,48.08,48.08202577532056,0.0020257753205612516
2546.0,48.08,48.08202660510338,0.0020266051033814847
2547.0,48.08,48.08202743124908,0.0020274312490826674
2548.0,48.08,48.08202825377367,0.0020282537736733275
2549.0,48.08,48.08202907269299,0.0020290726929914626
2550.0,48.08,48.082029888022866,0.002029888022867965
2551.0,48.08,48.08203069977898,0.0020306997789845127
2552.0,48.08,48.08203150797705,0.0020315079770512057
2553.0,48.08,48.082032312632656,0.0020323126326573515
2554.0,48.08,48.08203311376131,0.002033113761314098
2555.0,48.08,48.08203391137846,0.0020339113784615392
2556.0,48.08,48.082034705499545,0.002034705499546874
2557.0,48.08,48.08203549613987,0.0020354961398751925
2558.0,48.08,48.08203628331468,0.0020362833146805315
2559.0,48.08,48.08203706703915,0.0020370670391542944
2560.0,48.08,48.082037847328465,0.002037847328466569
2561.0,48.08,48.08203862419759,0.00203862419758849
2562.0,48.08,48.0820393976616,0.0020393976616048803
2563.0,48.08,48.08204016773536,0.0020401677353589776
2564.0,48.08,48.082040934433785,0.00204093443378639
2565.0,48.08,48.082041697771615,0.0020416977716166684
2566.0,48.08,48.08204245776362,0.0020424577636219965
2567.0,48.08,48.08204321442445,0.0020432144244537653
2568.0,48.08,48.082043967768705,0.0020439677687065227
2569.0,48.08,48.08204471781091,0.0020447178109108677
2570.0,48.08,48.08204546456557,0.0020454645655689774
2571.0,48.08,48.08204620804709,0.0020462080470906585
2572.0,48.08,48.08204694826978,0.0020469482697791364
2573.0,48.08,48.08204768524796,0.0020476852479589525
2574.0,48.08,48.08204841899584,0.0020484189958409615
2575.0,48.08,48.08204914952758,0.002049149527579175
2576.0,48.08,48.08204987685728,0.0020498768572849713
2577.0,48.08,48.08205060099894,0.0020506009989418317
2578.0,48.08,48.082051321966595,0.002051321966597186
2579.0,48.08,48.08205203977412,0.0020520397741208285
2580.0,48.08,48.08205275443537,0.0020527544353683425
2581.0,48.08,48.08205346596413,0.0020534659641313624
2582.0,48.08,48.08205417437416,0.0020541743741588903
2583.0,48.08,48.082054879679106,0.0020548796791075574
2584.0,48.08,48.08205558189255,0.00205558189254873
2585.0,48.08,48.082056281028095,0.0020562810280964072
2586.0,48.08,48.0820569770992,0.0020569770992011627
2587.0,48.08,48.08205767011933,0.0020576701193348867
2588.0,48.08,48.08205836010184,0.002058360101841572
2589.0,48.08,48.08205904706001,0.0020590470600083677
2590.0,48.08,48.082059731007135,0.0020597310071366337
2591.0,48.08,48.082060411956434,0.0020604119564353596
2592.0,48.08,48.082061089920984,0.002061089920985637
2593.0,48.08,48.0820617649139,0.002061764913904085
2594.0,48.08,48.08206243694821,0.002062436948214952
2595.0,48.08,48.08206310603687,0.0020631060368714316
2596.0,48.08,48.08206377219282,0.002063772192819613
2597.0,48.08,48.08206443542891,0.002064435428913214
2598.0,48.08,48.08206509575793,0.0020650957579348983
2599.0,48.08,48.0820657531926,0.002065753192603381
2600.0,48.08,48.08206640774561,0.002066407745608956
2601.0,48.08,48.082067059429605,0.0020670594296063882
2602.0,48.08,48.08206770825717,0.002067708257172285
2603.0,48.08,48.08206835424082,0.0020683542408193034
2604.0,48.08,48.082068997393,0.002068997393003258
2605.0,48.08,48.082069637726136,0.00206963772613733
2606.0,48.08,48.0820702752526,0.002070275252599174
2607.0,48.08,48.08207090998464,0.002070909984638547
2608.0,48.08,48.08207154193457,0.0020715419345691544
2609.0,48.08,48.08207217111455,0.0020721711145483823
2610.0,48.08,48.082072797536725,0.0020727975367265117
2611.0,48.08,48.082073421213174,0.0020734212131756635
2612.0,48.08,48.082074042155966,0.002074042155967959
2613.0,48.08,48.08207466037705,0.0020746603770547267
2614.0,48.08,48.08207527588838,0.0020752758883801903
2615.0,48.08,48.082075888701794,0.0020758887017962024
2616.0,48.08,48.08207649882916,0.0020764988291617215
2617.0,48.08,48.08207710628221,0.0020771062822149133
2618.0,48.08,48.082077711072714,0.0020777110727152603
2619.0,48.08,48.082078313212335,0.0020783132123369796
2620.0,48.08,48.082078912712646,0.002078912712647707
2621.0,48.08,48.082079509585256,0.0020795095852577106
2622.0,48.08,48.082080103841676,0.002080103841677783
2623.0,48.08,48.08208069549337,0.002080695493368978
2624.0,48.08,48.082081284551734,0.002081284551735507
2625.0,48.08,48.08208187102818,0.002081871028181581
2626.0,48.08,48.08208245493398,0.002082454933983513
2627.0,48.08,48.08208303628045,0.0020830362804531433
2628.0,48.08,48.082083615078766,0.002083615078767309
2629.0,48.08,48.08208419134011,0.002084191340109953
2630.0,48.08,48.082084765075585,0.0020847650755868585
2631.0,48.08,48.08208533629631,0.0020853362963109134
2632.0,48.08,48.08208590501326,0.002085905013260003
2633.0,48.08,48.08208647123743,0.0020864712374333294
2634.0,48.08,48.08208703497975,0.002087034979751934
2635.0,48.08,48.082087596251085,0.0020875962510871204
2636.0,48.08,48.082088155062266,0.0020881550622675604
2637.0,48.08,48.0820887114241,0.002088711424100609
2638.0,48.08,48.08208926534729,0.0020892653472941447
2639.0,48.08,48.08208981684257,0.002089816842570258
2640.0,48.08,48.082090365920536,0.0020903659205373515
2641.0,48.08,48.08209091259179,0.0020909125917896176
2642.0,48.08,48.08209145686688,0.002091456866878616
2643.0,48.08,48.082091998756354,0.002091998756355906
2644.0,48.08,48.082092538270615,0.0020925382706167284
2645.0,48.08,48.082093075420076,0.002093075420077639
2646.0,48.08,48.082093610215146,0.0020936102151480895
2647.0,48.08,48.08209414266611,0.002094142666109633
2648.0,48.08,48.08209467278324,0.0020946727832438228
2649.0,48.08,48.08209520057679,0.00209520057678958
2650.0,48.08,48.08209572605695,0.002095726056950298
2651.0,48.08,48.082096249233814,0.0020962492338156835
2652.0,48.08,48.0820967701175,0.0020967701175038655
2653.0,48.08,48.08209728871809,0.00209728871809034
2654.0,48.08,48.08209780504556,0.002097805045558232
2655.0,48.08,48.08209831910986,0.0020983191098622456
2656.0,48.08,48.08209883092095,0.002098830920949979
2657.0,48.08,48.08209934048868,0.002099340488683765
2658.0,48.08,48.08209984782286,0.002099847822861989
2659.0,48.08,48.08210035293336,0.0021003529333611937
2660.0,48.08,48.08210085582985,0.0021008558298518665
2661.0,48.08,48.08210135652207,0.0021013565220684427
2662.0,48.08,48.08210185501966,0.0021018550196600927
2663.0,48.08,48.08210235133227,0.0021023513322688814
2664.0,48.08,48.08210284546941,0.002102845469408976
2665.0,48.08,48.0821033374407,0.002103337440701125
2666.0,48.08,48.082103827255594,0.0021038272555955473
2667.0,48.08,48.082104314923555,0.0021043149235566716
2668.0,48.08,48.082104800453955,0.002104800453956557
2669.0,48.08,48.08210528385623,0.0021052838562312104
2670.0,48.08,48.08210576513964,0.0021057651396390042
2671.0,48.08,48.08210624431351,0.0021062443135093645
2672.0,48.08,48.08210672138709,0.0021067213870935575
2673.0,48.08,48.08210719636955,0.002107196369550479
2674.0,48.08,48.082107669270115,0.002107669270117185
2675.0,48.08,48.082108140097844,0.0021081400978459897
2676.0,48.08,48.08210860886187,0.0021086088618744725
2677.0,48.08,48.082109075571225,0.0021090755712265263
2678.0,48.08,48.08210954023491,0.002109540234911833
2679.0,48.08,48.082110002861896,0.002110002861897442
2680.0,48.08,48.0821104634611,0.0021104634611006645
2681.0,48.08,48.08211092204142,0.002110922041424601
2682.0,48.08,48.082111378611714,0.0021113786117155087
2683.0,48.08,48.082111833180825,0.00211183318082675
2684.0,48.08,48.082112285757454,0.0021122857574553677
2685.0,48.08,48.08211273635037,0.0021127363503694596
2686.0,48.08,48.08211318496822,0.002113184968223436
2687.0,48.08,48.08211363161974,0.002113631619742762
2688.0,48.08,48.08211407631348,0.0021140763134823715
2689.0,48.08,48.082114519058095,0.0021145190580966755
2690.0,48.08,48.08211495986205,0.002114959862048238
2691.0,48.08,48.08211539873391,0.0021153987339133096
2692.0,48.08,48.0821158356821,0.0021158356821047164
2693.0,48.08,48.082116270715076,0.002116270715077917
2694.0,48.08,48.08211670384122,0.002116703841224421
2695.0,48.08,48.08211713506892,0.0021171350689215274
2696.0,48.08,48.08211756440647,0.002117564406468375
2697.0,48.08,48.082117991862155,0.002117991862156998
2698.0,48.08,48.08211841744422,0.0021184174442225867
2699.0,48.08,48.08211884116091,0.002118841160914542
2700.0,48.08,48.08211926302035,0.002119263020354367
2701.0,48.08,48.08211968303072,0.0021196830307204095
2702.0,48.08,48.08212010120013,0.0021201012001341724
2703.0,48.08,48.08212051753664,0.0021205175366389994
2704.0,48.08,48.08212093204825,0.002120932048249813
2705.0,48.08,48.08212134474299,0.00212134474298864
2706.0,48.08,48.08212175562882,0.002121755628820665
2707.0,48.08,48.082122164713674,0.002122164713675545
2708.0,48.08,48.08212257200543,0.0021225720054331987
2709.0,48.08,48.08212297751197,0.002122977511973545
2710.0,48.08,48.08212338124109,0.002123381241091238
2711.0,48.08,48.0821237832006,0.0021237832006022472
2712.0,48.08,48.082124183398236,0.002124183398237278
2713.0,48.08,48.08212458184179,0.0021245818417909845
2714.0,48.08,48.082124978538886,0.0021249785388874898
2715.0,48.08,48.082125373497156,0.002125373497158023
2716.0,48.08,48.082125766724275,0.0021257667242764455
2717.0,48.08,48.08212615822781,0.0021261582278100377
2718.0,48.08,48.08212654801532,0.002126548015318974
2719.0,48.08,48.08212693609435,0.002126936094349219
2720.0,48.08,48.08212732247234,0.002127322472340154
2721.0,48.08,48.08212770715676,0.002127707156759584
2722.0,48.08,48.08212809015504,0.0021280901550397857
2723.0,48.08,48.08212847147458,0.0021284714745846145
2724.0,48.08,48.08212885112277,0.002128851122769504
2725.0,48.08,48.08212922910685,0.0021292291068490954
2726.0,48.08,48.082129605434176,0.002129605434177506
2727.0,48.08,48.08212998011201,0.0021299801120093775
2728.0,48.08,48.08213035314754,0.0021303531475425075
2729.0,48.08,48.08213072454803,0.0021307245480315373
2730.0,48.08,48.08213109432059,0.002131094320589
2731.0,48.08,48.08213146247236,0.002131462472362955
2732.0,48.08,48.08213182901049,0.002131829010494357
2733.0,48.08,48.082132193941966,0.0021321939419678415
2734.0,48.08,48.08213255727392,0.0021325572739243626
2735.0,48.08,48.082132919013326,0.002132919013327239
2736.0,48.08,48.08213327916717,0.0021332791671682116
2737.0,48.08,48.082133637742395,0.002133637742396388
2738.0,48.08,48.08213399474593,0.002133994745932455
2739.0,48.08,48.082134350184646,0.00213435018464736
2740.0,48.08,48.082134704065425,0.002134704065426263
2741.0,48.08,48.082135056395096,0.002135056395097479
2742.0,48.08,48.08213540718043,0.0021354071804324803
2743.0,48.08,48.0821357564282,0.0021357564282027397
2744.0,48.08,48.082136104145185,0.0021361041451868346
2745.0,48.08,48.08213645033805,0.002136450338049656
2746.0,48.08,48.08213679501351,0.0021367950135129377
2747.0,48.08,48.08213713817819,0.002137138178191833
2748.0,48.08,48.082137479838735,0.002137479838737022
2749.0,48.08,48.082137820001705,0.002137820001706814
2750.0,48.08,48.0821381586737,0.0021381586737021507
2751.0,48.08,48.082138495861216,0.002138495861217393
2752.0,48.08,48.08213883157078,0.002138831570782429
2753.0,48.08,48.08213916580891,0.002139165808912935
2754.0,48.08,48.08213949858201,0.0021394985820109014
2755.0,48.08,48.08213982989648,0.002139829896478318
2756.0,48.08,48.08214015975874,0.0021401597587384913
2757.0,48.08,48.082140488175156,0.002140488175157884
2758.0,48.08,48.0821408151521,0.0021408151521029595
2759.0,48.08,48.08214114069581,0.0021411406958122825
2760.0,48.08,48.08214146481262,0.0021414648126238944
2761.0,48.08,48.082141787508775,0.0021417875087763605
2762.0,48.08,48.0821421087905,0.0021421087905011404
2763.0,48.08,48.082142428664,0.0021424286640012724
2764.0,48.08,48.08214274713543,0.0021427471354300565
2765.0,48.08,48.08214306421094,0.0021430642109407927
2766.0,48.08,48.08214337989665,0.002143379896651254
2767.0,48.08,48.08214369419868,0.0021436941986792135
2768.0,48.08,48.08214400712306,0.0021440071230642843
2769.0,48.08,48.08214431867586,0.0021443186758602906
2770.0,48.08,48.08214462886308,0.002144628863078424
2771.0,48.08,48.08214493769066,0.0021449376906588213
2772.0,48.08,48.0821452451646,0.002145245164598464
2773.0,48.08,48.08214555129081,0.002145551290809067
2774.0,48.08,48.08214585607523,0.0021458560752307676
2775.0,48.08,48.08214615952376,0.002146159523761071
2776.0,48.08,48.08214646164219,0.0021464616421909
2777.0,48.08,48.0821467624364,0.0021467624364035487
2778.0,48.08,48.08214706191216,0.0021470619121615186
2779.0,48.08,48.0821473600753,0.0021473600752983657
2780.0,48.08,48.082147656931504,0.002147656931505537
2781.0,48.08,48.082147952486565,0.002147952486566851
2782.0,48.08,48.08214824674616,0.0021482467461595434
2783.0,48.08,48.08214853971595,0.0021485397159537456
2784.0,48.08,48.0821488314016,0.0021488314015982724
2785.0,48.08,48.082149121808754,0.0021491218087561492
2786.0,48.08,48.08214941094302,0.0021494109430193475
2787.0,48.08,48.08214969880994,0.0021496988099443115
2788.0,48.08,48.082149985415086,0.0021499854150874853
2789.0,48.08,48.08215027076399,0.0021502707639911023
2790.0,48.08,48.08215055486218,0.002150554862183185
2791.0,48.08,48.082150837715105,0.0021508377151064906
2792.0,48.08,48.08215111932823,0.0021511193282321983
2793.0,48.08,48.08215139970703,0.002151399707031487
2794.0,48.08,48.08215167885686,0.0021516788568618495
2795.0,48.08,48.082151956783136,0.0021519567831376207
2796.0,48.08,48.082152233491215,0.0021522334912162933
2797.0,48.08,48.082152508986425,0.0021525089864269376
2798.0,48.08,48.0821527832741,0.002152783274098624
2799.0,48.08,48.0821530563595,0.00215305635950358
2800.0,48.08,48.08215332824795,0.0021533282479495597
2801.0,48.08,48.082153598944664,0.0021535989446661574
2802.0,48.08,48.08215386845486,0.0021538684548616516
2803.0,48.08,48.08215413678378,0.0021541367837798475
2804.0,48.08,48.08215440393653,0.0021544039365295475
2805.0,48.08,48.08215466991831,0.0021546699183119244
2806.0,48.08,48.08215493473425,0.0021549347342499914
2807.0,48.08,48.08215519838946,0.002155198389459656
2808.0,48.08,48.08215546088901,0.0021554608890141935
2809.0,48.08,48.082155722238,0.00215572223800109
2810.0,48.08,48.082155982441435,0.0021559824414367768
2811.0,48.08,48.082156241504364,0.0021562415043661076
2812.0,48.08,48.08215649943176,0.0021564994317628816
2813.0,48.08,48.08215675622865,0.002156756228650636
2814.0,48.08,48.08215701189994,0.0021570118999392207
2815.0,48.08,48.08215726645058,0.002157266450581119
2816.0,48.08,48.08215751988549,0.0021575198854932864
2817.0,48.08,48.082157772209555,0.0021577722095571517
2818.0,48.08,48.082158023427645,0.002158023427647038
2819.0,48.08,48.082158273544565,0.002158273544566214
2820.0,48.08,48.0821585225652,0.0021585225652032136
2821.0,48.08,48.08215877049434,0.00215877049433999
2822.0,48.08,48.08215901733676,0.0021590173367584953
2823.0,48.08,48.08215926309723,0.002159263097233577
2824.0,48.08,48.082159507780474,0.002159507780476133
2825.0,48.08,48.08215975139126,0.002159751391261011
2826.0,48.08,48.08215999393424,0.002159993934242266
2827.0,48.08,48.082160235414115,0.0021602354141165847
2828.0,48.08,48.08216047583554,0.002160475835545128
2829.0,48.08,48.08216071520316,0.0021607152031606347
2830.0,48.08,48.08216095352159,0.0021609535215887377
2831.0,48.08,48.082161190795446,0.0021611907954479648
2832.0,48.08,48.082161427029284,0.0021614270292857896
2833.0,48.08,48.08216166222765,0.0021616622276496855
2834.0,48.08,48.08216189639513,0.0021618963951297587
2835.0,48.08,48.082162129536194,0.002162129536195323
2836.0,48.08,48.082162361655364,0.00216236165536543
2837.0,48.08,48.08216259275712,0.0021625927571236048
2838.0,48.08,48.082162822845916,0.0021628228459178445
2839.0,48.08,48.08216305192619,0.0021630519261890413
2840.0,48.08,48.082163280002376,0.0021632800023780874
2841.0,48.08,48.08216350707886,0.002163507078861926
2842.0,48.08,48.082163733160044,0.002163733160045922
2843.0,48.08,48.082163958250256,0.0021639582502572807
2844.0,48.08,48.08216418235385,0.002164182353851629
2845.0,48.08,48.08216440547518,0.0021644054751845943
2846.0,48.08,48.08216462761852,0.0021646276185194324
2847.0,48.08,48.08216484878816,0.0021648487881620326
2848.0,48.08,48.08216506898841,0.0021650689884111785
2849.0,48.08,48.08216528822348,0.0021652882234803883
2850.0,48.08,48.0821655064976,0.002165506497604497
2851.0,48.08,48.08216572381496,0.0021657238149614955
2852.0,48.08,48.082165940179806,0.002165940179807535
2853.0,48.08,48.0821661555963,0.0021661555962992907
2854.0,48.08,48.08216637006855,0.0021663700685508047
2855.0,48.08,48.082166583600774,0.0021665836007755956
2856.0,48.08,48.08216679619702,0.002166796197023757
2857.0,48.08,48.082167007861436,0.002167007861437753
2858.0,48.08,48.08216721859806,0.002167218598060572
2859.0,48.08,48.082167428411,0.0021674284109991504
2860.0,48.08,48.08216763730433,0.002167637304332004
2861.0,48.08,48.082167845281994,0.0021678452819955396
2862.0,48.08,48.08216805234809,0.0021680523480895886
2863.0,48.08,48.08216825850657,0.002168258506571874
2864.0,48.08,48.08216846376145,0.002168463761449857
2865.0,48.08,48.08216866811663,0.0021686681166315225
2866.0,48.08,48.082168871576094,0.00216887157609591
2867.0,48.08,48.08216907414377,0.0021690741437723204
2868.0,48.08,48.082169275823546,0.002169275823547423
2869.0,48.08,48.08216947661933,0.0021694766193292025
2870.0,48.08,48.08216967653499,0.002169676534990117
2871.0,48.08,48.082169875574394,0.002169875574395519
2872.0,48.08,48.082170073741366,0.002170073741368128
2873.0,48.08,48.08217027103973,0.0021702710397306646
2874.0,48.08,48.08217046747334,0.0021704674733413754
2875.0,48.08,48.08217066304591,0.0021706630459092935
2876.0,48.08,48.08217085776124,0.002170857761242928
2877.0,48.08,48.08217105162315,0.002171051623150788
2878.0,48.08,48.08217124463528,0.0021712446352850634
2879.0,48.08,48.082171436801445,0.0021714368014471574
2880.0,48.08,48.08217162812529,0.00217162812528926
2881.0,48.08,48.082171818610554,0.002171818610555931
2882.0,48.08,48.082172008260855,0.002172008260856728
2883.0,48.08,48.08217219707989,0.0021721970798935786
2884.0,48.08,48.08217238507132,0.002172385071318672
2885.0,48.08,48.082172572238754,0.0021725722387557767
2886.0,48.08,48.08217275858582,0.002172758585821555
2887.0,48.08,48.08217294411607,0.00217294411606872
2888.0,48.08,48.0821731288331,0.0021731288330997245
2889.0,48.08,48.08217331274047,0.002173312740474387
2890.0,48.08,48.08217349584177,0.0021734958417738426
2891.0,48.08,48.08217367814051,0.002173678140508173
2892.0,48.08,48.082173859640186,0.002173859640187459
2893.0,48.08,48.08217404034433,0.002174040344328887
2894.0,48.08,48.082174220256405,0.0021742202564070112
2895.0,48.08,48.08217439937991,0.0021743993799105965
2896.0,48.08,48.08217457771827,0.002174577718271564
2897.0,48.08,48.082174755274934,0.0021747552749360466
2898.0,48.08,48.082174932053384,0.002174932053385703
2899.0,48.08,48.08217510805696,0.0021751080569600845
2900.0,48.08,48.08217528328908,0.002175283289084007
2901.0,48.08,48.08217545775313,0.002175457753132548
2902.0,48.08,48.08217563145244,0.0021756314524381537
2903.0,48.08,48.082175804390474,0.0021758043904753777
2904.0,48.08,48.08217597657041,0.0021759765704132406
2905.0,48.08,48.08217614799568,0.002176147995683664
2906.0,48.08,48.08217631866958,0.0021763186695835657
2907.0,48.08,48.082176488595394,0.0021764885953956536
2908.0,48.08,48.08217665777636,0.0021766577763600026
2909.0,48.08,48.082176826215814,0.0021768262158161633
2910.0,48.08,48.082176993916946,0.0021769939169473673
2911.0,48.08,48.08217716088302,0.002177160883022111
2912.0,48.08,48.08217732711723,0.002177327117230732
2913.0,48.08,48.08217749262285,0.002177492622848831
2914.0,48.08,48.082177657402994,0.002177657402995692
2915.0,48.08,48.082177821460895,0.002177821460897178
2916.0,48.08,48.082177984799735,0.002177984799736521
2917.0,48.08,48.08217814742258,0.0021781474225832653
2918.0,48.08,48.08217830933263,0.0021783093326348535
2919.0,48.08,48.08217847053303,0.0021784705330318843
2920.0,48.08,48.08217863102685,0.002178631026851008
2921.0,48.08,48.08217879081718,0.002178790817183085
2922.0,48.08,48.082178949907146,0.0021789499071473983
2923.0,48.08,48.0821791082998,0.0021791082997992817
2924.0,48.08,48.082179265998164,0.002179265998165647
2925.0,48.08,48.082179423005314,0.002179423005316039
2926.0,48.08,48.08217957932427,0.0021795793242702644
2927.0,48.08,48.08217973495808,0.0021797349580836567
2928.0,48.08,48.082179889909696,0.002179889909697863
2929.0,48.08,48.082180044182145,0.0021800441821469008
2930.0,48.08,48.082180197778385,0.0021801977783866278
2931.0,48.08,48.0821803507014,0.0021803507014013235
2932.0,48.08,48.08218050295413,0.002180502954132635
2933.0,48.08,48.08218065453948,0.002180654539479576
2934.0,48.08,48.08218080546044,0.002180805460440638
2935.0,48.08,48.08218095571988,0.0021809557198793073
2936.0,48.08,48.082181105320714,0.002181105320715915
2937.0,48.08,48.08218125426578,0.0021812542657784206
2938.0,48.08,48.08218140255802,0.0021814025580226826
2939.0,48.08,48.082181550200275,0.0021815502002766607
2940.0,48.08,48.08218169719539,0.0021816971953896314
2941.0,48.08,48.08218184354621,0.002181843546210871
2942.0,48.08,48.08218198925554,0.002181989255539918
2943.0,48.08,48.082182134326196,0.0021821343261976267
2944.0,48.08,48.082182278760975,0.0021822787609764305
2945.0,48.08,48.08218242256269,0.0021824225626900784
2946.0,48.08,48.082182565734094,0.0021825657340954763
2947.0,48.08,48.08218270827793,0.0021827082779282136
2948.0,48.08,48.08218285019702,0.002182850197023356
2949.0,48.08,48.08218299149403,0.002182991494031228
2950.0,48.08,48.0821831321717,0.0021831321717016294
2951.0,48.08,48.08218327223277,0.0021832722327701504
2952.0,48.08,48.08218341167991,0.0021834116799084313
2953.0,48.08,48.082183550515836,0.002183550515837851
2954.0,48.08,48.082183688743235,0.0021836887432371554
2955.0,48.08,48.082183826364734,0.002183826364735353
2956.0,48.08,48.082183963383045,0.0021839633830467164
2957.0,48.08,48.082184099800756,0.0021840998007576218
2958.0,48.08,48.08218423562056,0.002184235620561026
2959.0,48.08,48.08218437084503,0.0021843708450290933
2960.0,48.08,48.082184505476775,0.0021845054767766214
2961.0,48.08,48.08218463951841,0.002184639518411302
2962.0,48.08,48.082184772972504,0.0021847729725053
2963.0,48.08,48.082184905841665,0.002184905841666307
2964.0,48.08,48.082185038128415,0.0021850381284167497
2965.0,48.08,48.08218516983536,0.00218516983536432
2966.0,48.08,48.082185300964994,0.0021853009649959176
2967.0,48.08,48.08218543151987,0.0021854315198694962
2968.0,48.08,48.082185561502506,0.0021855615025074826
2969.0,48.08,48.082185690915374,0.00218569091537546
2970.0,48.08,48.08218581976104,0.0021858197610384877
2971.0,48.08,48.08218594804193,0.0021859480419337274
2972.0,48.08,48.082186075760596,0.0021860757605978165
2973.0,48.08,48.08218620291941,0.0021862029194110733
2974.0,48.08,48.08218632952086,0.0021863295208603972
2975.0,48.08,48.082186455567395,0.002186455567397161
2976.0,48.08,48.08218658106145,0.0021865810614514203
2977.0,48.08,48.08218670600543,0.0021867060054319154
2978.0,48.08,48.08218683040178,0.002186830401782913
2979.0,48.08,48.08218695425289,0.0021869542528918373
2980.0,48.08,48.0821870775611,0.0021870775611034787
2981.0,48.08,48.08218720032886,0.0021872003288621045
2982.0,48.08,48.08218732255851,0.0021873225585125056
2983.0,48.08,48.0821874442524,0.002187444252399473
2984.0,48.08,48.08218756541288,0.002187565412882009
2985.0,48.08,48.082187686042296,0.0021876860422977984
2986.0,48.08,48.08218780614298,0.0021878061429845275
2987.0,48.08,48.08218792571725,0.00218792571725146
2988.0,48.08,48.08218804476737,0.0021880447673723324
2989.0,48.08,48.08218816329568,0.0021881632956848307
2990.0,48.08,48.08218828130448,0.0021882813044840077
2991.0,48.08,48.08218839879602,0.002188398796022284
2992.0,48.08,48.08218851577259,0.0021885157725947124
2993.0,48.08,48.082188632236424,0.002188632236425292
2994.0,48.08,48.08218874818977,0.0021887481897735483
2995.0,48.08,48.082188863634876,0.0021888636348776913
2996.0,48.08,48.08218897857397,0.002188978573968825
2997.0,48.08,48.082189093009255,0.0021890930092567373
2998.0,48.08,48.08218920694296,0.0021892069429583216
2999.0,48.08,48.08218932037727,0.002189320377269155
3000.0,48.08,48.08218943331437,0.0021894333143706035
3001.0,48.08,48.082189545756464,0.0021895457564653498
3002.0,48.08,48.08218965770572,0.002189657705720549
3003.0,48.08,48.08218976916423,0.0021897691642323025
3004.0,48.08,48.082189880134244,0.002189880134245925
3005.0,48.08,48.08218999061782,0.0021899906178219908
3006.0,48.08,48.082190100617154,0.0021901006171560766
3007.0,48.08,48.082190210134364,0.0021902101343656
3008.0,48.08,48.08219031917151,0.0021903191715111348
3009.0,48.08,48.082190427730744,0.0021904277307456255
3010.0,48.08,48.08219053581413,0.002190535814129646
3011.0,48.08,48.08219064342379,0.0021906434237948247
3012.0,48.08,48.082190750561765,0.002190750561766208
3013.0,48.08,48.082190857230124,0.0021908572301256868
3014.0,48.08,48.08219096343096,0.002190963430962256
3015.0,48.08,48.08219106916627,0.0021910691662725412
3016.0,48.08,48.08219117443814,0.0021911744381384324
3017.0,48.08,48.08219127924858,0.0021912792485849764
3018.0,48.08,48.08219138359965,0.002191383599651431
3019.0,48.08,48.082191487493304,0.002191487493305999
3020.0,48.08,48.082191590931586,0.002191590931587939
3021.0,48.08,48.08219169391647,0.002191693916472559
3022.0,48.08,48.08219179644996,0.00219179644996359
3023.0,48.08,48.08219189853402,0.0021918985340221298
3024.0,48.08,48.08219200017064,0.0021920001706448033
3025.0,48.08,48.082192101361755,0.0021921013617571816
3026.0,48.08,48.082192202109354,0.0021922021093558897
3027.0,48.08,48.08219230241534,0.002192302415345182
3028.0,48.08,48.08219240228166,0.0021924022816648403
3029.0,48.08,48.08219250171027,0.002192501710268857
3030.0,48.08,48.082192600703046,0.002192600703047276
3031.0,48.08,48.082192699261924,0.002192699261925668
3032.0,48.08,48.08219279738882,0.0021927973888224983
3033.0,48.08,48.08219289508558,0.002192895085585178
3034.0,48.08,48.08219299235415,0.002192992354153489
3035.0,48.08,48.082193089196345,0.0021930891963464205
3036.0,48.08,48.08219318561406,0.0021931856140611217
3037.0,48.08,48.08219328160919,0.0021932816091947416
3038.0,48.08,48.08219337718354,0.0021933771835449534
3039.0,48.08,48.082193472339,0.0021934723390018007
3040.0,48.08,48.08219356707737,0.002193567077370062
3041.0,48.08,48.08219366140047,0.002193661400468727
3042.0,48.08,48.08219375531015,0.002193755310152312
3043.0,48.08,48.08219384880819,0.0021938488081900687
3044.0,48.08,48.08219394189643,0.0021939418964294077
3045.0,48.08,48.08219403457664,0.002194034576639581
3046.0,48.08,48.082194126850595,0.0021941268505969447
3047.0,48.08,48.08219421872013,0.0021942187201346997
3048.0,48.08,48.08219431018698,0.0021943101869794646
3049.0,48.08,48.08219440125293,0.0021944012529289125
3050.0,48.08,48.082194491919665,0.00219449191966703
3051.0,48.08,48.082194582189025,0.0021945821890270167
3052.0,48.08,48.08219467206273,0.0021946720627283867
3053.0,48.08,48.08219476154248,0.0021947615424835476
3054.0,48.08,48.08219485063006,0.002194850630061751
3055.0,48.08,48.082194939327145,0.002194939327146983
3056.0,48.08,48.08219502763546,0.0021950276354587572
3057.0,48.08,48.082195115556665,0.002195115556666849
3058.0,48.08,48.082195203092525,0.002195203092526299
3059.0,48.08,48.082195290244705,0.0021952902447068823
3060.0,48.08,48.08219537701486,0.002195377014864164
3061.0,48.08,48.08219546340469,0.002195463404689235
3062.0,48.08,48.0821955494159,0.00219554941590161
3063.0,48.08,48.082195635050084,0.002195635050085798
3064.0,48.08,48.08219572030891,0.002195720308911575
3065.0,48.08,48.08219580519404,0.0021958051940416112
3066.0,48.08,48.08219588970706,0.0021958897070604166
3067.0,48.08,48.08219597384972,0.002195973849723032
3068.0,48.08,48.082196057623534,0.0021960576235358076
3069.0,48.08,48.08219614103015,0.0021961410301543083
3070.0,48.08,48.08219622407116,0.0021962240711630443
3071.0,48.08,48.08219630674823,0.002196306748231791
3072.0,48.08,48.08219638906286,0.0021963890628597937
3073.0,48.08,48.08219647101674,0.0021964710167452495
3074.0,48.08,48.0821965526114,0.0021965526114016143
3075.0,48.08,48.0821966338484,0.0021966338483991876
3076.0,48.08,48.08219671472934,0.002196714729343796
3077.0,48.08,48.08219679525574,0.0021967952557417902
3078.0,48.08,48.08219687542921,0.0021968754292132076
3079.0,48.08,48.082196955251234,0.002196955251235977
3080.0,48.08,48.08219703472341,0.0021970347234088194
3081.0,48.08,48.0821971138472,0.0021971138472025586
3082.0,48.08,48.082197192624214,0.0021971926242159157
3083.0,48.08,48.08219727105592,0.002197271055919714
3084.0,48.08,48.08219734914387,0.002197349143870042
3085.0,48.08,48.08219742688954,0.002197426889544829
3086.0,48.08,48.08219750429443,0.002197504294429109
3087.0,48.08,48.08219758136008,0.0021975813600789706
3088.0,48.08,48.08219765808788,0.0021976580878799723
3089.0,48.08,48.08219773447941,0.002197734479409519
3090.0,48.08,48.08219781053607,0.002197810536074485
3091.0,48.08,48.08219788625937,0.0021978862593741155
3092.0,48.08,48.08219796165079,0.002197961650793445
3093.0,48.08,48.08219803671171,0.0021980367117109267
3094.0,48.08,48.08219811144366,0.0021981114436613325
3095.0,48.08,48.08219818584803,0.0021981858480302208
3096.0,48.08,48.0821982599263,0.002198259926302626
3097.0,48.08,48.08219833367983,0.002198333679828579
3098.0,48.08,48.082198407110106,0.0021984071101073255
3099.0,48.08,48.08219848021852,0.0021984802185244234
3100.0,48.08,48.08219855300653,0.00219855300652938
3101.0,48.08,48.08219862547546,0.0021986254754651213
3102.0,48.08,48.08219869762675,0.0021986976267527325
3103.0,48.08,48.08219876946177,0.0021987694617706666
3104.0,48.08,48.082198840981945,0.0021988409819471144
3105.0,48.08,48.08219891218863,0.0021989121886321072
3106.0,48.08,48.08219898308321,0.0021989830832112034
3107.0,48.08,48.082199053667026,0.0021990536670273286
3108.0,48.08,48.08219912394148,0.002199123941480252
3109.0,48.08,48.082199193907904,0.0021991939079057943
3110.0,48.08,48.082199263567674,0.0021992635676753025
3111.0,48.08,48.08219933292208,0.0021993329220819646
3112.0,48.08,48.08219940197252,0.0021994019725184444
3113.0,48.08,48.08219947072028,0.002199470720285035
3114.0,48.08,48.08219953916674,0.002199539166738873
3115.0,48.08,48.08219960731314,0.0021996073131447247
3116.0,48.08,48.082199675160865,0.002199675160866832
3117.0,48.08,48.082199742711225,0.002199742711226804
3118.0,48.08,48.08219980996547,0.002199809965475197
3119.0,48.08,48.082199876924946,0.00219987692494783
3120.0,48.08,48.08219994359092,0.002199943590923681
3121.0,48.08,48.08220000996471,0.002200009964710148
3122.0,48.08,48.08220007604751,0.0022000760475151537
3123.0,48.08,48.082200141840715,0.0022001418407171514
3124.0,48.08,48.0822002073455,0.002200207345502747
3125.0,48.08,48.0822002725632,0.002200272563200656
3126.0,48.08,48.082200337495024,0.002200337495025906
3127.0,48.08,48.08220040214223,0.002200402142229052
3128.0,48.08,48.08220046650608,0.002200466506081966
3129.0,48.08,48.08220053058782,0.0022005305878209924
3130.0,48.08,48.08220059438868,0.0022005943886824753
3131.0,48.08,48.08220065790988,0.0022006579098814427
3132.0,48.08,48.08220072115266,0.0022007211526613446
3133.0,48.08,48.082200784118264,0.0022007841182656307
3134.0,48.08,48.08220084680785,0.0022008468078524857
3135.0,48.08,48.08220090922266,0.002200909222658254
3136.0,48.08,48.08220097136389,0.002200971363890858
3137.0,48.08,48.08220103323274,0.0022010332327440096
3138.0,48.08,48.082201094830424,0.0022010948304256317
3139.0,48.08,48.082201156158085,0.0022011561580868033
3140.0,48.08,48.082201217216976,0.0022012172169780797
3141.0,48.08,48.08220127800823,0.002201278008229224
3142.0,48.08,48.08220133853301,0.002201338533012631
3143.0,48.08,48.08220139879251,0.002201398792514908
3144.0,48.08,48.08220145878789,0.0022014587878942393
3145.0,48.08,48.08220151852029,0.0022015185202945986
3146.0,48.08,48.08220157799087,0.0022015779908741706
3147.0,48.08,48.08220163720078,0.0022016372007840346
3148.0,48.08,48.08220169615118,0.002201696151182375
3149.0,48.08,48.08220175484315,0.0022017548431492173
3150.0,48.08,48.082201813277905,0.0022018132779066946
3151.0,48.08,48.08220187145649,0.0022018714564921993
3152.0,48.08,48.0822019293801,0.0022019293800994433
3153.0,48.08,48.08220198704982,0.0022019870498226624
3154.0,48.08,48.082202044466754,0.0022020444667560923
3155.0,48.08,48.08220210163206,0.0022021016320650233
3156.0,48.08,48.08220215854678,0.002202158546779742
3157.0,48.08,48.08220221521199,0.002202215211994485
3158.0,48.08,48.08220227162886,0.0022022716288603306
3159.0,48.08,48.082202327798434,0.002202327798435988
3160.0,48.08,48.08220238372181,0.0022023837218085873
3161.0,48.08,48.08220243940004,0.002202439400043943
3162.0,48.08,48.08220249483428,0.002202494834278923
3163.0,48.08,48.082202550025514,0.002202550025515393
3164.0,48.08,48.08220260497485,0.002202604974854694
3165.0,48.08,48.082202659683304,0.0022026596833057965
3166.0,48.08,48.082202714151975,0.0022027141519771476
3167.0,48.08,48.082202768381876,0.0022027683818777177
3168.0,48.08,48.082202822374086,0.002202822374087532
3169.0,48.08,48.08220287612968,0.0022028761296795096
3170.0,48.08,48.082202929649625,0.0022029296496270945
3171.0,48.08,48.08220298293497,0.0022029829349747843
3172.0,48.08,48.08220303598678,0.0022030359867812876
3173.0,48.08,48.082203088806054,0.0022030888060555753
3174.0,48.08,48.08220314139383,0.0022031413938350397
3175.0,48.08,48.082203193751056,0.002203193751057597
3176.0,48.08,48.08220324587883,0.0022032458788316944
3177.0,48.08,48.08220329777809,0.002203297778095248
3178.0,48.08,48.08220334944991,0.0022033494499140716
3179.0,48.08,48.08220340089524,0.002203400895240293
3180.0,48.08,48.08220345211504,0.0022034521150402497
3181.0,48.08,48.082203503110364,0.0022035031103655456
3182.0,48.08,48.08220355388215,0.0022035538821540968
3183.0,48.08,48.082203604431385,0.0022036044313864522
3184.0,48.08,48.08220365475907,0.0022036547590715827
3185.0,48.08,48.08220370486616,0.0022037048661616154
3186.0,48.08,48.0822037547536,0.0022037547536015722
3187.0,48.08,48.08220380442239,0.0022038044223933184
3188.0,48.08,48.08220385387349,0.002203853873488981
3189.0,48.08,48.08220390310782,0.0022039031078193716
3190.0,48.08,48.08220395212635,0.0022039521263508277
3191.0,48.08,48.082204000930034,0.002204000930035477
3192.0,48.08,48.08220404951982,0.0022040495198183407
3193.0,48.08,48.0822040978966,0.0022040978966018088
3194.0,48.08,48.082204146061336,0.002204146061338008
3195.0,48.08,48.08220419401495,0.0022041940149506445
3196.0,48.08,48.08220424175836,0.0022042417583634233
3197.0,48.08,48.082204289292534,0.0022042892925355773
3198.0,48.08,48.082204336618375,0.002204336618376601
3199.0,48.08,48.08220438373674,0.002204383736739146
3200.0,48.08,48.08220443064862,0.0022044306486250775
3201.0,48.08,48.08220447735484,0.002204477354844414
3202.0,48.08,48.08220452385636,0.002204523856363494
3203.0,48.08,48.08220457015405,0.002204570154049179
3204.0,48.08,48.0822046162488,0.002204616248803859
3205.0,48.08,48.082204662141514,0.002204662141515712
3206.0,48.08,48.08220470783307,0.0022047078330729164
3207.0,48.08,48.08220475332435,0.00220475332434944
3208.0,48.08,48.08220479861626,0.0022047986162618827
3209.0,48.08,48.0822048437096,0.002204843709598947
3210.0,48.08,48.08220488860531,0.0022048886053127603
3211.0,48.08,48.08220493330423,0.0022049333042346575
3212.0,48.08,48.08220497780725,0.002204977807252817
3213.0,48.08,48.08220502211519,0.0022050221151914684
3214.0,48.08,48.08220506622893,0.0022050662289316847
3215.0,48.08,48.08220511014932,0.0022051101493190117
3216.0,48.08,48.08220515387716,0.0022051538771634682
3217.0,48.08,48.08220519741336,0.002205197413360338
3218.0,48.08,48.08220524075871,0.0022052407587125344
3219.0,48.08,48.08220528391411,0.002205283914108236
3220.0,48.08,48.08220532688035,0.0022053268803503556
3221.0,48.08,48.08220536965821,0.0022053696582133853
3222.0,48.08,48.0822054122486,0.002205412248599714
3223.0,48.08,48.082205454652325,0.002205454652326466
3224.0,48.08,48.082205496870145,0.002205496870146817
3225.0,48.08,48.08220553890295,0.0022055389029489447
3226.0,48.08,48.08220558075154,0.0022055807515428683
3227.0,48.08,48.08220562241666,0.0022056224166604466
3228.0,48.08,48.082205663899174,0.002205663899175647
3229.0,48.08,48.08220570519985,0.002205705199848751
3230.0,48.08,48.08220574631952,0.002205746319518198
3231.0,48.08,48.08220578725894,0.0022057872589442695
3232.0,48.08,48.08220582801893,0.0022058280189298785
3233.0,48.08,48.08220586860023,0.0022058686002282
3234.0,48.08,48.082205909003676,0.002205909003677675
3235.0,48.08,48.08220594923003,0.0022059492300314787
3236.0,48.08,48.08220598928006,0.0022059892800641023
3237.0,48.08,48.082206029154555,0.002206029154557143
3238.0,48.08,48.08220606885426,0.0022060688542637763
3239.0,48.08,48.08220610837994,0.0022061083799442827
3240.0,48.08,48.08220614773239,0.00220614773239447
3241.0,48.08,48.08220618691237,0.002206186912374619
3242.0,48.08,48.082206225920615,0.002206225920616589
3243.0,48.08,48.08220626475786,0.002206264757859344
3244.0,48.08,48.08220630342487,0.0022063034248702706
3245.0,48.08,48.082206341922415,0.0022063419224167546
3246.0,48.08,48.08220638025122,0.0022063802512235497
3247.0,48.08,48.08220641841202,0.002206418412022515
3248.0,48.08,48.08220645640551,0.0022064564055099822
3249.0,48.08,48.082206494232516,0.0022064942325172865
3250.0,48.08,48.08220653189372,0.0022065318937194434
3251.0,48.08,48.08220656938984,0.0022065693898412064
3252.0,48.08,48.0822066067216,0.002206606721600224
3253.0,48.08,48.082206643889734,0.00220664388973546
3254.0,48.08,48.08220668089495,0.0022066808949503525
3255.0,48.08,48.08220671773799,0.002206717737990971
3256.0,48.08,48.08220675441949,0.002206754419489698
3257.0,48.08,48.08220679094023,0.002206790940235237
3258.0,48.08,48.08220682730091,0.0022068273009097084
3259.0,48.08,48.08220686350221,0.002206863502209444
3260.0,48.08,48.082206899544815,0.002206899544816565
3261.0,48.08,48.08220693542947,0.002206935429470036
3262.0,48.08,48.082206971156836,0.002206971156837767
3263.0,48.08,48.08220700672757,0.0022070067275734573
3264.0,48.08,48.08220704214241,0.002207042142408966
3265.0,48.08,48.082207077402025,0.002207077402026414
3266.0,48.08,48.082207112507064,0.0022071125070652897
3267.0,48.08,48.08220714745826,0.002207147458264558
3268.0,48.08,48.082207182256255,0.0022071822562566012
3269.0,48.08,48.082207216901736,0.002207216901737752
3270.0,48.08,48.08220725139533,0.0022072513953332873
3271.0,48.08,48.08220728573774,0.0022072857377395394
3272.0,48.08,48.08220731992963,0.002207319929631524
3273.0,48.08,48.082207353971675,0.0022073539716771506
3274.0,48.08,48.082207387864486,0.0022073878644874867
3275.0,48.08,48.08220742160873,0.002207421608730442
3276.0,48.08,48.08220745520509,0.0022074552050952434
3277.0,48.08,48.08220748865418,0.0022074886541787464
3278.0,48.08,48.08220752195663,0.0022075219566346505
3279.0,48.08,48.08220755511314,0.0022075551131450766
3280.0,48.08,48.08220758812433,0.002207588124328197
3281.0,48.08,48.08220762099079,0.0022076209907950783
3282.0,48.08,48.082207653713226,0.0022076537132278418
3283.0,48.08,48.0822076862922,0.002207686292202027
3284.0,48.08,48.08220771872843,0.0022077187284281763
3285.0,48.08,48.08220775102244,0.002207751022439197
3286.0,48.08,48.08220778317491,0.002207783174910105
3287.0,48.08,48.08220781518644,0.0022078151864448614
3288.0,48.08,48.08220784705767,0.0022078470576687437
3289.0,48.08,48.08220787878919,0.0022078787891928187
3290.0,48.08,48.08220791038164,0.002207910381642364
3291.0,48.08,48.082207941835605,0.00220794183560713
3292.0,48.08,48.08220797315174,0.0022079731517408163
3293.0,48.08,48.08220800433058,0.002208004330583435
3294.0,48.08,48.08220803537276,0.002208035372760264
3295.0,48.08,48.08220806627885,0.0022080662788539485
3296.0,48.08,48.0822080970495,0.0022080970495039765
3297.0,48.08,48.08220812768527,0.002208127685271677
3298.0,48.08,48.08220815818677,0.002208158186775222
3299.0,48.08,48.08220818855458,0.002208188554583046
3300.0,48.08,48.08220821878926,0.002208218789263583
3301.0,48.08,48.08220824889141,0.002208248891413689
3302.0,48.08,48.08220827886167,0.002208278861672852
3303.0,48.08,48.082208308700515,0.0022083087005171365
3304.0,48.08,48.082208338408606,0.0022083384086073465
3305.0,48.08,48.08220836798645,0.002208367986455073
3306.0,48.08,48.08220839743466,0.0022083974346642776
3307.0,48.08,48.082208426753816,0.002208426753817605
3308.0,48.08,48.082208455944425,0.002208455944426646
3309.0,48.08,48.0822084850071,0.0022084850071024675
3310.0,48.08,48.082208513942405,0.002208513942406398
3311.0,48.08,48.08220854275086,0.0022085427508642397
3312.0,48.08,48.082208571433036,0.0022085714330373207
3313.0,48.08,48.0822085999895,0.002208599989501181
3314.0,48.08,48.0822086284208,0.0022086284208029383
3315.0,48.08,48.08220865672748,0.0022086567274826052
3316.0,48.08,48.08220868491009,0.002208684910094405
3317.0,48.08,48.08220871296918,0.0022087129691783502
3318.0,48.08,48.08220874090528,0.0022087409052815588
3319.0,48.08,48.08220876871892,0.0022087687189227267
3320.0,48.08,48.08220879641065,0.002208796410648972
3321.0,48.08,48.08220882398102,0.0022088239810216237
3322.0,48.08,48.082208851430536,0.0022088514305380613
3323.0,48.08,48.082208878759744,0.002208878759745403
3324.0,48.08,48.08220890596914,0.0022089059691410284
3325.0,48.08,48.08220893305928,0.002208933059279161
3326.0,48.08,48.08220896003069,0.002208960030692708
3327.0,48.08,48.08220898688388,0.0022089868838790494
3328.0,48.08,48.082209013619334,0.0022090136193355647
3329.0,48.08,48.08220904023764,0.002209040237644899
3330.0,48.08,48.08220906673927,0.0022090667392689056
3331.0,48.08,48.0822090931247,0.002209093124704964
3332.0,48.08,48.08220911939452,0.002209119394521508
3333.0,48.08,48.08220914554918,0.0022091455491803913
3334.0,48.08,48.0822091715892,0.0022091715892003094
3335.0,48.08,48.0822091975151,0.0022091975150999588
3336.0,48.08,48.08220922332735,0.0022092233273482975
3337.0,48.08,48.08220924902645,0.002209249026449811
3338.0,48.08,48.082209274612914,0.00220927461291609
3339.0,48.08,48.08220930008726,0.0022093000872587254
3340.0,48.08,48.08220932544991,0.002209325449911148
3341.0,48.08,48.08220935070136,0.0022093507013636327
3342.0,48.08,48.082209375842176,0.002209375842177508
3343.0,48.08,48.082209400872756,0.002209400872757783
3344.0,48.08,48.08220942579368,0.0022094257936799977
3345.0,48.08,48.08220945060535,0.0022094506053491614
3346.0,48.08,48.08220947530825,0.002209475308248443
3347.0,48.08,48.08220949990287,0.0022094999028752227
3348.0,48.08,48.082209524389725,0.00220952438972688
3349.0,48.08,48.08220954876922,0.0022095487692226357
3350.0,48.08,48.08220957304186,0.002209573041859869
3351.0,48.08,48.08220959720809,0.002209597208093328
3352.0,48.08,48.08220962126846,0.0022096212684630245
3353.0,48.08,48.08220964522331,0.0022096452233100194
3354.0,48.08,48.08220966907315,0.002209669073153009
3355.0,48.08,48.08220969281849,0.0022096928184893727
3356.0,48.08,48.08220971645973,0.0022097164597312258
3357.0,48.08,48.08220973999738,0.0022097399973830534
3358.0,48.08,48.082209763431834,0.002209763431835654
3359.0,48.08,48.082209786763556,0.002209786763557986
3360.0,48.08,48.08220980999304,0.0022098099930403237
3361.0,48.08,48.082209833120714,0.002209833120716098
3362.0,48.08,48.08220985614697,0.0022098561469690026
3363.0,48.08,48.0822098790723,0.002209879072303522
3364.0,48.08,48.082209901897194,0.0022099018971957207
3365.0,48.08,48.082209924622,0.0022099246220008695
3366.0,48.08,48.08220994724721,0.002209947247209243
3367.0,48.08,48.08220996977325,0.0022099697732542722
3368.0,48.08,48.08220999220058,0.0022099922005835992
3369.0,48.08,48.08221001452957,0.0022100145295738116
3370.0,48.08,48.0822100367607,0.002210036760700973
3371.0,48.08,48.08221005889438,0.0022100588943843036
3372.0,48.08,48.08221008093108,0.0022100809310785507
3373.0,48.08,48.082210102871166,0.0022101028711674076
3374.0,48.08,48.0822101247151,0.002210124715098516
3375.0,48.08,48.08221014646326,0.0022101464632626744
3376.0,48.08,48.082210168116085,0.0022101681160862086
3377.0,48.08,48.08221018967403,0.0022101896740309712
3378.0,48.08,48.082210211137465,0.0022102111374664446
3379.0,48.08,48.082210232506824,0.0022102325068260598
3380.0,48.08,48.082210253782534,0.0022102537825361424
3381.0,48.08,48.08221027496498,0.0022102749649803854
3382.0,48.08,48.08221029605459,0.00221029605459222
3383.0,48.08,48.08221031705175,0.002210317051748234
3384.0,48.08,48.08221033795688,0.002210337956881858
3385.0,48.08,48.08221035877037,0.0022103587703696803
3386.0,48.08,48.08221037949262,0.002210379492623815
3387.0,48.08,48.082210400124076,0.002210400124077694
3388.0,48.08,48.082210420665085,0.0022104206650865876
3389.0,48.08,48.082210441116075,0.0022104411160768223
3390.0,48.08,48.08221046147739,0.002210461477389458
3391.0,48.08,48.0822104817495,0.002210481749500559
3392.0,48.08,48.08221050193272,0.0022105019327227637
3393.0,48.08,48.08221052202748,0.002210522027482398
3394.0,48.08,48.08221054203416,0.0022105420341631543
3395.0,48.08,48.082210561953154,0.002210561953155832
3396.0,48.08,48.08221058178483,0.0022105817848299125
3397.0,48.08,48.08221060152957,0.0022106015295690895
3398.0,48.08,48.08221062118778,0.002210621187778372
3399.0,48.08,48.08221064075985,0.002210640759848559
3400.0,48.08,48.08221066024607,0.0022106602460709723
3401.0,48.08,48.082210679646934,0.002210679646935887
3402.0,48.08,48.08221069896276,0.002210698962763047
3403.0,48.08,48.08221071819393,0.00221071819392904
3404.0,48.08,48.08221073734078,0.002210737340782032
3405.0,48.08,48.08221075640371,0.0022107564037128213
3406.0,48.08,48.082210775383075,0.0022107753830766796
3407.0,48.08,48.082210794279284,0.0022107942792857216
3408.0,48.08,48.082210813092644,0.0022108130926454805
3409.0,48.08,48.08221083182352,0.0022108318235183333
3410.0,48.08,48.08221085047232,0.0022108504723235
3411.0,48.08,48.08221086903936,0.002210869039359409
3412.0,48.08,48.082210887525065,0.002210887525066596
3413.0,48.08,48.08221090592971,0.002210905929715068
3414.0,48.08,48.08221092425368,0.002210924253681412
3415.0,48.08,48.08221094249734,0.0022109424973422165
3416.0,48.08,48.08221096066103,0.002210960661031436
3417.0,48.08,48.082210978745124,0.002210978745125658
3418.0,48.08,48.08221099674993,0.002210996749930416
3419.0,48.08,48.08221101467584,0.0022110146758436144
3420.0,48.08,48.082211032523155,0.0022110325231565753
3421.0,48.08,48.08221105029225,0.0022110502922529918
3422.0,48.08,48.08221106798345,0.002211067983452608
3423.0,48.08,48.08221108559712,0.0022110855971249066
3424.0,48.08,48.082211103133574,0.0022111031335754205
3425.0,48.08,48.08221112059317,0.002211120593173632
3426.0,48.08,48.082211137976245,0.002211137976246391
3427.0,48.08,48.082211155283105,0.0022111552831063364
3428.0,48.08,48.08221117251413,0.0022111725141300553
3429.0,48.08,48.08221118966961,0.0022111896696088706
3430.0,48.08,48.082211206749896,0.0022112067498980537
3431.0,48.08,48.08221122375535,0.0022112237553528757
3432.0,48.08,48.082211240686235,0.0022112406862362377
3433.0,48.08,48.082211257542895,0.0022112575428963055
3434.0,48.08,48.0822112743257,0.0022112743257025613
3435.0,48.08,48.08221129103493,0.002211291034932117
3436.0,48.08,48.08221130767095,0.0022113076709544544
3437.0,48.08,48.082211324234024,0.002211324234025369
3438.0,48.08,48.0822113407245,0.0022113407245001326
3439.0,48.08,48.082211357142725,0.0022113571427269108
3440.0,48.08,48.08221137348893,0.002211373488933077
3441.0,48.08,48.082211389763536,0.002211389763537852
3442.0,48.08,48.082211405966774,0.0022114059667757147
3443.0,48.08,48.08221142209899,0.0022114220989948308
3444.0,48.08,48.08221143816053,0.0022114381605291555
3445.0,48.08,48.08221145415165,0.002211454151648695
3446.0,48.08,48.082211470072664,0.0022114700726660885
3447.0,48.08,48.08221148592391,0.002211485923908185
3448.0,48.08,48.082211501705686,0.002211501705687624
3449.0,48.08,48.08221151741827,0.0022115174182744113
3450.0,48.08,48.08221153306199,0.002211533061988291
3451.0,48.08,48.082211548637126,0.0022115486371276916
3452.0,48.08,48.082211564144,0.0022115641440052514
3453.0,48.08,48.0822115795829,0.0022115795829051876
3454.0,48.08,48.082211594954146,0.0022115949541472446
3455.0,48.08,48.082211610258014,0.0022116102580156394
3456.0,48.08,48.08221162549479,0.002211625494794589
3457.0,48.08,48.08221164066481,0.0022116406648109432
3458.0,48.08,48.08221165576834,0.0022116557683418137
3459.0,48.08,48.082211670805606,0.0022116708056074685
3460.0,48.08,48.08221168577701,0.0022116857770129172
3461.0,48.08,48.082211700682784,0.0022117006827855334
3462.0,48.08,48.08221171552321,0.0022117155232095342
3463.0,48.08,48.082211730298624,0.00221173029862598
3464.0,48.08,48.08221174500926,0.002211745009262245
3465.0,48.08,48.08221175965541,0.002211759655409651
3466.0,48.08,48.08221177423738,0.002211774237380837
3467.0,48.08,48.08221178875539,0.002211788755388966
3468.0,48.08,48.0822118032098,0.00221180320980352
3469.0,48.08,48.08221181760085,0.002211817600851873
3470.0,48.08,48.08221183192882,0.002211831928818242
3471.0,48.08,48.08221184619399,0.0022118461939939493
3472.0,48.08,48.08221186039663,0.0022118603966347905
3473.0,48.08,48.082211874537016,0.002211874537017877
3474.0,48.08,48.08221188861541,0.0022118886154132156
3475.0,48.08,48.08221190263213,0.0022119026321334445
3476.0,48.08,48.08221191658739,0.002211916587391727
3477.0,48.08,48.08221193048146,0.002211930481465174
3478.0,48.08,48.08221194431465,0.0022119443146522144
3479.0,48.08,48.08221195808723,0.0022119580872299593
3480.0,48.08,48.08221197179941,0.0022119717994115717
3481.0,48.08,48.0822119854515,0.002211985451502585
3482.0,48.08,48.08221199904376,0.0022119990437587944
3483.0,48.08,48.08221201257642,0.0022120125764217846
3484.0,48.08,48.08221202604979,0.0022120260497899835
3485.0,48.08,48.08221203946408,0.0022120394640836594
3486.0,48.08,48.08221205281958,0.002212052819579924
3487.0,48.08,48.082212066116526,0.002212066116527467
3488.0,48.08,48.082212079355216,0.002212079355217611
3489.0,48.08,48.08221209253588,0.0022120925358848353
3490.0,48.08,48.08221210565876,0.002212105658763619
3491.0,48.08,48.082212118724115,0.0022121187241168627
3492.0,48.08,48.08221213173222,0.0022121317322216782
3493.0,48.08,48.082212144683304,0.0022121446833054392
3494.0,48.08,48.082212157577594,0.0022121575775955193
3495.0,48.08,48.0822121704154,0.0022121704154045574
3496.0,48.08,48.082212183196894,0.002212183196895978
3497.0,48.08,48.082212195922395,0.0022121959223966314
3498.0,48.08,48.08221220859212,0.00221220859211968
3499.0,48.08,48.08221222120633,0.00221222120633513
3500.0,48.08,48.08221223376521,0.0022122337652135116
3501.0,48.08,48.08221224626909,0.00221224626908878
3502.0,48.08,48.08221225871813,0.0022122587181314657
3503.0,48.08,48.082212271112596,0.0022122711125973638
3504.0,48.08,48.08221228345272,0.0022122834527209534
3505.0,48.08,48.082212295738785,0.0022122957387864517
3506.0,48.08,48.08221230797101,0.002212307971014127
3507.0,48.08,48.08221232014958,0.0022123201495816147
3508.0,48.08,48.08221233227479,0.0022123322747944485
3509.0,48.08,48.08221234434688,0.002212344346880002
3510.0,48.08,48.082212356366036,0.002212356366037227
3511.0,48.08,48.08221236833249,0.0022123683324934973
3512.0,48.08,48.08221238024652,0.002212380246518819
3513.0,48.08,48.08221239210832,0.00221239210831925
3514.0,48.08,48.08221240391812,0.0022124039181221633
3515.0,48.08,48.08221241567614,0.002212415676140722
3516.0,48.08,48.08221242738267,0.0022124273826733543
3517.0,48.08,48.082212439037846,0.0022124390378479575
3518.0,48.08,48.082212450641954,0.0022124506419558543
3519.0,48.08,48.0822124621952,0.002212462195203102
3520.0,48.08,48.082212473697794,0.002212473697795758
3521.0,48.08,48.082212485149974,0.0022124851499754072
3522.0,48.08,48.08221249655195,0.002212496551955212
3523.0,48.08,48.08221250790398,0.0022125079039838624
3524.0,48.08,48.08221251920623,0.002212519206231889
3525.0,48.08,48.08221253045893,0.00221253045893377
3526.0,48.08,48.08221254166232,0.0022125416623239857
3527.0,48.08,48.08221255281659,0.002212552816594382
3528.0,48.08,48.08221256392197,0.0022125639219723325
3529.0,48.08,48.082212574978726,0.0022125749787278437
3530.0,48.08,48.082212585986944,0.0022125859869461806
3531.0,48.08,48.082212596946945,0.0022125969469470874
3532.0,48.08,48.082212607858914,0.0022126078589153053
3533.0,48.08,48.08221261872305,0.0022126187230497862
3534.0,48.08,48.08221262953957,0.0022126295395707984
3535.0,48.08,48.08221264030867,0.0022126403086701885
3536.0,48.08,48.082212651030574,0.00221265103057533
3537.0,48.08,48.082212661705476,0.0022126617054780695
3538.0,48.08,48.08221267233357,0.0022126723335702536
3539.0,48.08,48.08221268291511,0.002212682915114783
3540.0,48.08,48.08221269345027,0.002212693450275083
3541.0,48.08,48.08221270393923,0.0022127039392287884
3542.0,48.08,48.08221271438222,0.00221271438222459
3543.0,48.08,48.082212724779424,0.002212724779425912
3544.0,48.08,48.082212735131094,0.0022127351310956556
3545.0,48.08,48.08221274543739,0.00221274543739014
3546.0,48.08,48.08221275569848,0.0022127556984798957
3547.0,48.08,48.0822127659146,0.0022127659145994016
3548.0,48.08,48.08221277608595,0.002212776085954715
3549.0,48.08,48.08221278621272,0.002212786212723472
3550.0,48.08,48.08221279629509,0.0022127962950904134
3551.0,48.08,48.08221280633329,0.0022128063332900183
3552.0,48.08,48.08221281632748,0.002212816327478606
3553.0,48.08,48.08221282627785,0.002212826277855129
3554.0,48.08,48.08221283618462,0.0022128361846185385
3555.0,48.08,48.08221284604798,0.002212846047981998
3556.0,48.08,48.08221285586808,0.00221285586808051
3557.0,48.08,48.08221286564513,0.002212865645134343
3558.0,48.08,48.08221287537936,0.0022128753793637657
3559.0,48.08,48.08221288507092,0.002212885070925097
3560.0,48.08,48.08221289471997,0.0022128947199746563
3561.0,48.08,48.082212904326745,0.002212904326746923
3562.0,48.08,48.08221291389141,0.002212913891412427
3563.0,48.08,48.08221292341415,0.002212923414148804
3564.0,48.08,48.082212932895125,0.0022129328951265848
3565.0,48.08,48.082212942334586,0.0022129423345873533
3566.0,48.08,48.08221295173265,0.002212951732651902
3567.0,48.08,48.08221296108951,0.0022129610895120777
3568.0,48.08,48.08221297040537,0.0022129704053739374
3569.0,48.08,48.08221297968043,0.002212979680429328
3570.0,48.08,48.082212988914804,0.0022129889148061466
3571.0,48.08,48.0822129981087,0.0022129981087033457
3572.0,48.08,48.08221300726233,0.002213007262334088
3573.0,48.08,48.08221301637579,0.002213016375790744
3574.0,48.08,48.08221302544932,0.0022130254493220036
3575.0,48.08,48.082213034483075,0.002213034483077081
3576.0,48.08,48.08221304347724,0.002213043477240717
3577.0,48.08,48.08221305243197,0.0022130524319692313
3578.0,48.08,48.082213061347474,0.0022130613474757865
3579.0,48.08,48.08221307022389,0.0022130702238882805
3580.0,48.08,48.08221307906137,0.002213079061370138
3581.0,48.08,48.08221308786015,0.0022130878601487325
3582.0,48.08,48.08221309662034,0.0022130966203448565
3583.0,48.08,48.082213105342184,0.0022131053421858837
3584.0,48.08,48.08221311402574,0.0022131140257428683
3585.0,48.08,48.08221312267127,0.0022131226712716057
3586.0,48.08,48.082213131278884,0.0022131312788857826
3587.0,48.08,48.08221313984878,0.002213139848784351
3588.0,48.08,48.08221314838111,0.00221314838110942
3589.0,48.08,48.08221315687604,0.0022131568760386244
3590.0,48.08,48.08221316533373,0.002213165333728284
3591.0,48.08,48.082213173754376,0.002213173754377351
3592.0,48.08,48.08221318213809,0.0022131821380924066
3593.0,48.08,48.082213190485035,0.0022131904850368755
3594.0,48.08,48.08221319879542,0.0022131987954239207
3595.0,48.08,48.08221320706937,0.0022132070693743344
3596.0,48.08,48.082213215307064,0.0022132153070657523
3597.0,48.08,48.082213223508646,0.0022132235086473884
3598.0,48.08,48.08221323167428,0.0022132316742826674
3599.0,48.08,48.08221323980415,0.002213239804149225
3600.0,48.08,48.08221324789834,0.002213247898339432
3601.0,48.08,48.08221325595707,0.0022132559570735566
3602.0,48.08,48.0822132639805,0.0022132639805008125
3603.0,48.08,48.08221327196873,0.0022132719687348867
3604.0,48.08,48.08221327992196,0.0022132799219605204
3605.0,48.08,48.08221328784033,0.002213287840334033
3606.0,48.08,48.08221329572398,0.0022132957239833217
3607.0,48.08,48.0822133035731,0.0022133035731002337
3608.0,48.08,48.0822133113878,0.0022133113877984556
3609.0,48.08,48.08221331916824,0.002213319168241412
3610.0,48.08,48.082213326914584,0.002213326914585423
3611.0,48.08,48.08221333462697,0.002213334626972596
3612.0,48.08,48.08221334230557,0.0022133423055734625
3613.0,48.08,48.082213349950514,0.0022133499505159193
3614.0,48.08,48.082213357561905,0.002213357561906548
3615.0,48.08,48.082213365139985,0.0022133651399869336
3616.0,48.08,48.08221337268479,0.0022133726847926027
3617.0,48.08,48.082213380196585,0.0022133801965864563
3618.0,48.08,48.08221338767541,0.002213387675411127
3619.0,48.08,48.0822133951215,0.002213395121501094
3620.0,48.08,48.08221340253492,0.0022134025349203057
3621.0,48.08,48.082213409915845,0.0022134099158463982
3622.0,48.08,48.08221341726444,0.0022134172644427963
3623.0,48.08,48.08221342458082,0.0022134245808231867
3624.0,48.08,48.082213431865114,0.002213431865115467
3625.0,48.08,48.08221343911746,0.0022134391174617463
3626.0,48.08,48.082213446338066,0.0022134463380680813
3627.0,48.08,48.082213453527004,0.0022134535270055267
3628.0,48.08,48.08221346068442,0.0022134606844232962
3629.0,48.08,48.082213467810504,0.002213467810506131
3630.0,48.08,48.0822134749053,0.0022134749053037694
3631.0,48.08,48.08221348196901,0.002213481969015163
3632.0,48.08,48.08221348900179,0.002213489001789526
3633.0,48.08,48.082213496003746,0.0022134960037476503
3634.0,48.08,48.08221350297498,0.002213502974981907
3635.0,48.08,48.08221350991568,0.002213509915684142
3636.0,48.08,48.082213516825945,0.0022135168259467264
3637.0,48.08,48.0822135237059,0.002213523705904663
3638.0,48.08,48.08221353055574,0.002213530555742693
3639.0,48.08,48.08221353737554,0.0022135373755389764
3640.0,48.08,48.08221354416543,0.002213544165428516
3641.0,48.08,48.082213550925566,0.002213550925567631
3642.0,48.08,48.08221355765609,0.002213557656091325
3643.0,48.08,48.082213564357104,0.002213564357106179
3644.0,48.08,48.082213571028745,0.0022135710287471966
3645.0,48.08,48.08221357767114,0.002213577671142275
3646.0,48.08,48.08221358428442,0.002213584284419312
3647.0,48.08,48.0822135908687,0.0022135908686991
3648.0,48.08,48.082213597424136,0.0022135974241379586
3649.0,48.08,48.08221360395084,0.0022136039508424687
3650.0,48.08,48.082213610448946,0.002213610448947634
3651.0,48.08,48.08221361691855,0.0022136169185529297
3652.0,48.08,48.08221362335979,0.0022136233597933597
3653.0,48.08,48.08221362977281,0.002213629772811032
3654.0,48.08,48.08221363615773,0.002213636157733845
3655.0,48.08,48.082213642514645,0.002213642514647063
3656.0,48.08,48.08221364884372,0.0022136488437212165
3657.0,48.08,48.08221365514502,0.0022136551450202546
3658.0,48.08,48.08221366141872,0.002213661418721813
3659.0,48.08,48.08221366766492,0.002213667664918262
3660.0,48.08,48.08221367388375,0.00221367388375171
3661.0,48.08,48.08221368007532,0.0022136800753216335
3662.0,48.08,48.08221368623975,0.0022136862397488244
3663.0,48.08,48.08221369237715,0.002213692377154075
3664.0,48.08,48.08221369848768,0.002213698487679494
3665.0,48.08,48.08221370457141,0.0022137045714103465
3666.0,48.08,48.082213710628444,0.0022137106284461083
3667.0,48.08,48.08221371665896,0.0022137166589644153
3668.0,48.08,48.08221372266301,0.0022137226630150053
3669.0,48.08,48.082213728640795,0.0022137286407968304
3670.0,48.08,48.08221373459235,0.002213734592352523
3671.0,48.08,48.08221374051779,0.002213740517788665
3672.0,48.08,48.0822137464173,0.0022137464173042076
3673.0,48.08,48.08221375229092,0.0022137522909204677
3674.0,48.08,48.08221375813882,0.002213758138822186
3675.0,48.08,48.08221376396109,0.002213763961094628
3676.0,48.08,48.08221376975784,0.002213769757844375
3677.0,48.08,48.08221377552917,0.0022137755291709027
3678.0,48.08,48.082213781275186,0.0022137812751878982
3679.0,48.08,48.08221378699605,0.002213786996051681
3680.0,48.08,48.0822137926918,0.0022137926918048834
3681.0,48.08,48.08221379836262,0.002213798362625141
3682.0,48.08,48.082213804008575,0.0022138040085764032
3683.0,48.08,48.0822138096298,0.002213809629800778
3684.0,48.08,48.08221381522637,0.00221381522636932
3685.0,48.08,48.08221382079839,0.0022138207983886105
3686.0,48.08,48.082213826346006,0.0022138263460078633
3687.0,48.08,48.08221383186932,0.002213831869319449
3688.0,48.08,48.082213837368414,0.0022138373684157386
3689.0,48.08,48.08221384284338,0.0022138428433819968
3690.0,48.08,48.08221384829437,0.002213848294374543
3691.0,48.08,48.08221385372147,0.002213853721471537
3692.0,48.08,48.08221385912477,0.002213859124772455
3693.0,48.08,48.08221386450439,0.0022138645043909833
3694.0,48.08,48.08221386986045,0.00221386986045502
3695.0,48.08,48.08221387519301,0.002213875193014303
3696.0,48.08,48.08221388050221,0.002213880502210941
3697.0,48.08,48.08221388578815,0.002213885788151515
3698.0,48.08,48.08221389105088,0.002213891050878658
3699.0,48.08,48.08221389629055,0.002213896290548689
3700.0,48.08,48.08221390150728,0.002213901507282401
3701.0,48.08,48.082213906701135,0.0022139067011366365
3702.0,48.08,48.0822139118722,0.0022139118722037665
3703.0,48.08,48.08221391702064,0.0022139170206401104
3704.0,48.08,48.08221392214647,0.00221392214647409
3705.0,48.08,48.08221392724987,0.00221392724986913
3706.0,48.08,48.082213932330866,0.0022139323308678627
3707.0,48.08,48.0822139373896,0.002213937389598186
3708.0,48.08,48.08221394242618,0.0022139424261808927
3709.0,48.08,48.08221394744071,0.0022139474407083526
3710.0,48.08,48.08221395243321,0.0022139524332089877
3711.0,48.08,48.08221395740385,0.0022139574038533283
3712.0,48.08,48.082213962352654,0.002213962352655585
3713.0,48.08,48.08221396727985,0.0022139672798502374
3714.0,48.08,48.082213972185414,0.002213972185415969
3715.0,48.08,48.08221397706945,0.0022139770694522554
3716.0,48.08,48.082213981932114,0.0022139819321154164
3717.0,48.08,48.08221398677345,0.00221398677345519
3718.0,48.08,48.08221399159359,0.002213991593592368
3719.0,48.08,48.08221399639258,0.0022139963925837947
3720.0,48.08,48.08221400117053,0.0022140011705289453
3721.0,48.08,48.08221400592755,0.0022140059275486124
3722.0,48.08,48.082214010663705,0.0022140106637067447
3723.0,48.08,48.082214015379094,0.002214015379095713
3724.0,48.08,48.08221402007384,0.0022140200738434146
3725.0,48.08,48.08221402474798,0.0022140247479782715
3726.0,48.08,48.082214029401655,0.002214029401656603
3727.0,48.08,48.08221403403492,0.002214034034921042
3728.0,48.08,48.08221403864787,0.002214038647871064
3729.0,48.08,48.08221404324063,0.0022140432406345667
3730.0,48.08,48.082214047813245,0.0022140478132470776
3731.0,48.08,48.08221405236583,0.0022140523658293887
3732.0,48.08,48.08221405689844,0.0022140568984383435
3733.0,48.08,48.082214061411165,0.0022140614111663126
3734.0,48.08,48.08221406590414,0.0022140659041411936
3735.0,48.08,48.082214070377425,0.0022140703774269355
3736.0,48.08,48.082214074831086,0.002214074831087487
3737.0,48.08,48.08221407926522,0.002214079265222324
3738.0,48.08,48.082214083679936,0.002214083679938028
3739.0,48.08,48.082214088075304,0.0022140880753056535
3740.0,48.08,48.08221409245141,0.0022140924514104654
3741.0,48.08,48.08221409680832,0.002214096808323518
3742.0,48.08,48.08221410114612,0.002214101146122971
3743.0,48.08,48.082214105464914,0.0022141054649154057
3744.0,48.08,48.08221410976478,0.002214109764778982
3745.0,48.08,48.08221411404582,0.0022141140458202813
3746.0,48.08,48.08221411830807,0.0022141183080748306
3747.0,48.08,48.082214122551655,0.0022141225516563168
3748.0,48.08,48.082214126776655,0.0022141267766571104
3749.0,48.08,48.08221413098311,0.0022141309831127387
3750.0,48.08,48.082214135171114,0.002214135171115572
3751.0,48.08,48.08221413934077,0.002214139340772192
3752.0,48.08,48.082214143492166,0.0022141434921678638
3753.0,48.08,48.082214147625365,0.002214147625366536
3754.0,48.08,48.08221415174045,0.002214151740453474
3755.0,48.08,48.082214155837484,0.002214155837485521
3756.0,48.08,48.08221415991656,0.002214159916562153
3757.0,48.08,48.082214163977774,0.0022141639777757405
3758.0,48.08,48.08221416802117,0.0022141680211689163
3759.0,48.08,48.08221417204682,0.00221417204681984
3760.0,48.08,48.08221417605487,0.00221417605487062
3761.0,48.08,48.082214180045355,0.002214180045356784
3762.0,48.08,48.082214184018326,0.002214184018328069
3763.0,48.08,48.082214187973875,0.0022141879738768466
3764.0,48.08,48.0822141919121,0.002214191912102592
3765.0,48.08,48.08221419583306,0.002214195833062149
3766.0,48.08,48.08221419973685,0.0022141997368549937
3767.0,48.08,48.08221420362352,0.0022142036235237583
3768.0,48.08,48.08221420749313,0.002214207493132392
3769.0,48.08,48.0822142113458,0.0022142113458016865
3770.0,48.08,48.08221421518159,0.002214215181588486
3771.0,48.08,48.08221421900056,0.002214219000563844
3772.0,48.08,48.08221422280276,0.002214222802763288
3773.0,48.08,48.08221422658832,0.0022142265883218215
3774.0,48.08,48.08221423035728,0.0022142303572820765
3775.0,48.08,48.08221423410971,0.0022142341097151075
3776.0,48.08,48.08221423784572,0.0022142378457203904
3777.0,48.08,48.08221424156535,0.0022142415653547687
3778.0,48.08,48.08221424526867,0.0022142452686750858
3779.0,48.08,48.082214248955765,0.0022142489557666067
3780.0,48.08,48.082214252626706,0.0022142526267074913
3781.0,48.08,48.08221425628153,0.0022142562815332667
3782.0,48.08,48.08221425992033,0.002214259920329198
3783.0,48.08,48.082214263543186,0.0022142635431876556
3784.0,48.08,48.0822142671502,0.0022142671502010103
3785.0,48.08,48.08221427074137,0.002214270741369262
3786.0,48.08,48.08221427431679,0.0022142743167918866
3787.0,48.08,48.082214277876595,0.002214277876596782
3788.0,48.08,48.08221428142075,0.0022142814207484207
3789.0,48.08,48.08221428494937,0.0022142849493747008
3790.0,48.08,48.08221428846254,0.002214288462539571
3791.0,48.08,48.082214291960284,0.0022142919602856637
3792.0,48.08,48.08221429544271,0.002214295442712455
3793.0,48.08,48.082214298909875,0.0022142989098767885
3794.0,48.08,48.082214302361855,0.0022143023618568236
3795.0,48.08,48.0822143057987,0.0022143057987022985
3796.0,48.08,48.08221430922047,0.0022143092204700565
3797.0,48.08,48.08221431262723,0.002214312627231152
3798.0,48.08,48.082214316019076,0.0022143160190779554
3799.0,48.08,48.08221431939606,0.0022143193960602048
3800.0,48.08,48.08221432275822,0.0022143227582205327
3801.0,48.08,48.08221432610566,0.002214326105658415
3802.0,48.08,48.08221432943842,0.00221432943842359
3803.0,48.08,48.08221433275658,0.0022143327565800064
3804.0,48.08,48.082214336060176,0.002214336060177402
3805.0,48.08,48.08221433934932,0.0022143393493223584
3806.0,48.08,48.08221434262407,0.002214342624071719
3807.0,48.08,48.082214345884424,0.0022143458844254837
3808.0,48.08,48.082214349130496,0.0022143491304973395
3809.0,48.08,48.08221435236234,0.0022143523623441297
3810.0,48.08,48.08221435558003,0.002214355580029803
3811.0,48.08,48.0822143587836,0.002214358783604098
3812.0,48.08,48.08221436197312,0.0022143619731238573
3813.0,48.08,48.08221436514869,0.0022143651486885574
3814.0,48.08,48.08221436831032,0.0022143683103195144
3815.0,48.08,48.08221437145808,0.0022143714580806773
3816.0,48.08,48.082214374592056,0.002214374592057311
3817.0,48.08,48.08221437771232,0.00221437771232047
3818.0,48.08,48.08221438081887,0.002214380818870154
3819.0,48.08,48.08221438391181,0.002214383911812945
3820.0,48.08,48.08221438699118,0.0022143869911843694
3821.0,48.08,48.082214390057075,0.0022143900570767983
3822.0,48.08,48.08221439310956,0.0022143931095612857
3823.0,48.08,48.08221439614862,0.0022143961486236208
3824.0,48.08,48.08221439917438,0.002214399174384596
3825.0,48.08,48.08221440218688,0.002214402186879738
3826.0,48.08,48.08221440518618,0.0022144051861801017
3827.0,48.08,48.08221440817232,0.002214408172321214
3828.0,48.08,48.082214411145344,0.002214411145345707
3829.0,48.08,48.082214414105394,0.00221441410539569
3830.0,48.08,48.08221441705243,0.00221441705242853
3831.0,48.08,48.08221441998657,0.002214419986572125
3832.0,48.08,48.08221442290783,0.0022144229078335798
3833.0,48.08,48.082214425816304,0.0022144258163052655
3834.0,48.08,48.082214428712,0.002214428712001393
3835.0,48.08,48.082214431595034,0.0022144315950356486
3836.0,48.08,48.08221443446543,0.002214434465429349
3837.0,48.08,48.08221443732322,0.002214437323225127
3838.0,48.08,48.0822144401685,0.0022144401685011417
3839.0,48.08,48.08221444300132,0.0022144430013213423
3840.0,48.08,48.08221444582173,0.0022144458217283614
3841.0,48.08,48.082214448629735,0.0022144486297364097
3842.0,48.08,48.08221445142546,0.002214451425459174
3843.0,48.08,48.08221445420892,0.0022144542089250763
3844.0,48.08,48.08221445698019,0.0022144569801909597
3845.0,48.08,48.082214459739305,0.0022144597393065624
3846.0,48.08,48.082214462486355,0.0022144624863571494
3847.0,48.08,48.08221446522133,0.00221446522132851
3848.0,48.08,48.08221446794436,0.0022144679443627524
3849.0,48.08,48.082214470655416,0.0022144706554172444
3850.0,48.08,48.08221447335458,0.0022144733545843565
3851.0,48.08,48.08221447604195,0.0022144760419493537
3852.0,48.08,48.08221447871752,0.0022144787175193414
3853.0,48.08,48.08221448138136,0.0022144813813582687
3854.0,48.08,48.082214484033514,0.0022144840335158733
3855.0,48.08,48.08221448667405,0.002214486674048999
3856.0,48.08,48.08221448930305,0.0022144893030500157
3857.0,48.08,48.08221449192047,0.002214491920469186
3858.0,48.08,48.08221449452644,0.002214494526441513
3859.0,48.08,48.08221449712097,0.0022144971209741016
3860.0,48.08,48.082214499704165,0.0022144997041664283
3861.0,48.08,48.08221450227599,0.002214502275990071
3862.0,48.08,48.08221450483659,0.0022145048365942444
3863.0,48.08,48.08221450738595,0.002214507385950526
3864.0,48.08,48.08221450992414,0.0022145099241441812
3865.0,48.08,48.082214512451195,0.0022145124511965264
3866.0,48.08,48.08221451496719,0.0022145149671928266
3867.0,48.08,48.08221451747214,0.0022145174721401872
3868.0,48.08,48.08221451996613,0.002214519966130979
3869.0,48.08,48.08221452244916,0.0022145224491652016
3870.0,48.08,48.082214524921326,0.0022145249213281204
3871.0,48.08,48.082214527382625,0.002214527382626841
3872.0,48.08,48.082214529833166,0.002214529833167944
3873.0,48.08,48.08221453227296,0.002214532272958536
3874.0,48.08,48.082214534702054,0.0022145347020554595
3875.0,48.08,48.08221453712053,0.0022145371205297693
3876.0,48.08,48.08221453952835,0.0022145395283530434
3877.0,48.08,48.08221454192565,0.0022145419256531795
3878.0,48.08,48.08221454431245,0.002214544312451494
3879.0,48.08,48.08221454668879,0.0022145466887906196
3880.0,48.08,48.0822145490547,0.0022145490546989777
3881.0,48.08,48.08221455141026,0.0022145514102618336
3882.0,48.08,48.08221455375547,0.0022145537554720818
3883.0,48.08,48.082214556090406,0.002214556090407882
3884.0,48.08,48.082214558415096,0.002214558415097656
3885.0,48.08,48.0822145607296,0.0022145607295982472
3886.0,48.08,48.08221456303396,0.0022145630339593936
3887.0,48.08,48.08221456532822,0.0022145653282237276
3888.0,48.08,48.082214567612425,0.0022145676124267766
3889.0,48.08,48.08221456988665,0.0022145698866538055
3890.0,48.08,48.08221457215088,0.002214572150883498
3891.0,48.08,48.082214574405185,0.0022145744051869087
3892.0,48.08,48.08221457664962,0.0022145766496208807
3893.0,48.08,48.082214578884205,0.0022145788842067304
3894.0,48.08,48.082214581108985,0.0022145811089870904
3895.0,48.08,48.082214583324046,0.0022145833240472257
3896.0,48.08,48.08221458552937,0.0022145855293729255
3897.0,48.08,48.08221458772504,0.0022145877250423496
3898.0,48.08,48.08221458991111,0.0022145899111123413
3899.0,48.08,48.08221459208757,0.0022145920875686897
3900.0,48.08,48.08221459425446,0.002214594254461133
3901.0,48.08,48.08221459641189,0.002214596411889147
3902.0,48.08,48.08221459855987,0.002214598559874048
3903.0,48.08,48.08221460069842,0.0022146006984229416
3904.0,48.08,48.082214602827605,0.002214602827606882
3905.0,48.08,48.08221460494746,0.002214604947461396
3906.0,48.08,48.08221460705801,0.0022146070580149058
3907.0,48.08,48.08221460915931,0.0022146091593100437
3908.0,48.08,48.08221461125139,0.0022146112513894423
3909.0,48.08,48.082214613334315,0.0022146133343170504
3910.0,48.08,48.082214615408105,0.002214615408107079
3911.0,48.08,48.08221461747283,0.0022146174728305823
3912.0,48.08,48.082214619528486,0.0022146195284875603
3913.0,48.08,48.08221462157512,0.0022146215751206455
3914.0,48.08,48.08221462361281,0.002214623612815103
3915.0,48.08,48.08221462564154,0.0022146256415425114
3916.0,48.08,48.0822146276614,0.0022146276614023463
3917.0,48.08,48.0822146296724,0.0022146296724017134
3918.0,48.08,48.08221463167457,0.002214631674569034
3919.0,48.08,48.082214633667974,0.002214633667975363
3920.0,48.08,48.08221463565264,0.0022146356526420163
3921.0,48.08,48.08221463762861,0.0022146376286116265
3922.0,48.08,48.08221463959592,0.0022146395959197207
3923.0,48.08,48.08221464155461,0.0022146415546089315
3924.0,48.08,48.082214643504706,0.0022146435047076807
3925.0,48.08,48.08221464544625,0.0022146454462514953
3926.0,48.08,48.08221464737929,0.0022146473792901133
3927.0,48.08,48.08221464930388,0.0022146493038803783
3928.0,48.08,48.08221465121999,0.0022146512199938684
3929.0,48.08,48.08221465312772,0.002214653127722954
3930.0,48.08,48.08221465502711,0.0022146550271102683
3931.0,48.08,48.082214656918175,0.002214656918177127
3932.0,48.08,48.082214658800915,0.0022146588009164248
3933.0,48.08,48.082214660675426,0.0022146606754276377
3934.0,48.08,48.08221466254173,0.002214662541732082
3935.0,48.08,48.082214664399814,0.002214664399815547
3936.0,48.08,48.0822146662498,0.0022146662497988245
3937.0,48.08,48.08221466809165,0.0022146680916534933
3938.0,48.08,48.082214669925435,0.0022146699254363966
3939.0,48.08,48.08221467175119,0.002214671751190167
3940.0,48.08,48.082214673568906,0.002214673568907699
3941.0,48.08,48.08221467537868,0.0022146753786813633
3942.0,48.08,48.082214677180524,0.0022146771805253707
3943.0,48.08,48.08221467897449,0.002214678974489459
3944.0,48.08,48.08221468076056,0.0022146807605594176
3945.0,48.08,48.08221468253882,0.0022146825388205116
3946.0,48.08,48.082214684309285,0.0022146843092869517
3947.0,48.08,48.08221468607198,0.0022146860719800543
3948.0,48.08,48.08221468782693,0.002214687826928241
3949.0,48.08,48.08221468957421,0.0022146895742096717
3950.0,48.08,48.082214691313865,0.002214691313866979
3951.0,48.08,48.08221469304586,0.0022146930458646352
3952.0,48.08,48.08221469477023,0.0022146947702310626
3953.0,48.08,48.08221469648709,0.002214696487094159
3954.0,48.08,48.08221469819642,0.0022146981964183965
3955.0,48.08,48.08221469989826,0.002214699898260619
3956.0,48.08,48.082214701592626,0.0022147015926279323
3957.0,48.08,48.082214703279575,0.0022147032795771793
3958.0,48.08,48.08221470495912,0.002214704959122571
3959.0,48.08,48.082214706631305,0.00221470663130674
3960.0,48.08,48.08221470829618,0.002214708296179424
3961.0,48.08,48.08221470995374,0.0022147099537406234
3962.0,48.08,48.082214711603996,0.0022147116039974435
3963.0,48.08,48.082214713247076,0.002214713247077782
3964.0,48.08,48.08221471488291,0.0022147148829105845
3965.0,48.08,48.082214716511615,0.0022147165116166434
3966.0,48.08,48.08221471813318,0.002214718133181748
3967.0,48.08,48.08221471974761,0.002214719747613003
3968.0,48.08,48.08221472135497,0.0022147213549743583
3969.0,48.08,48.08221472295529,0.002214722955294235
3970.0,48.08,48.082214724548614,0.0022147245486152656
3971.0,48.08,48.08221472613491,0.0022147261349090286
3972.0,48.08,48.082214727714295,0.002214727714296316
3973.0,48.08,48.08221472928675,0.0022147292867487067
3974.0,48.08,48.08221473085231,0.0022147308523088327
3975.0,48.08,48.08221473241099,0.002214732410990905
3976.0,48.08,48.082214733962836,0.002214733962837556
3977.0,48.08,48.08221473550792,0.0022147355079198405
3978.0,48.08,48.08221473704619,0.0022147370461951255
3979.0,48.08,48.08221473857773,0.0022147385777344653
3980.0,48.08,48.082214740102565,0.0022147401025662816
3981.0,48.08,48.0822147416207,0.0022147416207047854
3982.0,48.08,48.08221474313223,0.0022147431322352418
3983.0,48.08,48.082214744637085,0.0022147446370865964
3984.0,48.08,48.08221474613535,0.00221474613535122
3985.0,48.08,48.08221474762705,0.0022147476270504285
3986.0,48.08,48.082214749112254,0.0022147491122552765
3987.0,48.08,48.08221475059089,0.0022147505908947096
3988.0,48.08,48.082214752063074,0.0022147520630753093
3989.0,48.08,48.082214753528795,0.0022147535287970754
3990.0,48.08,48.08221475498807,0.002214754988074219
3991.0,48.08,48.08221475644098,0.0022147564409848997
3992.0,48.08,48.0822147578875,0.0022147578875006957
3993.0,48.08,48.082214759327705,0.0022147593277068722
3994.0,48.08,48.08221476076159,0.0022147607615892184
3995.0,48.08,48.08221476218917,0.0022147621891690505
3996.0,48.08,48.08221476361051,0.0022147636105103174
3997.0,48.08,48.082214765025626,0.00221476502562723
3998.0,48.08,48.08221476643451,0.0022147664345126827
3999.0,48.08,48.08221476783726,0.0022147678372590462
4000.0,48.08,48.082214769233815,0.0022147692338165825
4001.0,48.08,48.08221477062429,0.002214770624291873
4002.0,48.08,48.08221477200864,0.002214772008642285
4003.0,48.08,48.08221477338695,0.002214773386953084
4004.0,48.08,48.082214774759215,0.002214774759217164
4005.0,48.08,48.08221477612547,0.0022147761254700526
4006.0,48.08,48.08221477748572,0.002214777485718855
4007.0,48.08,48.08221477884,0.0022147788399990986
4008.0,48.08,48.08221478018836,0.002214780188360521
4009.0,48.08,48.08221478153082,0.002214781530824439
4010.0,48.08,48.08221478286736,0.0022147828673624304
4011.0,48.08,48.082214784198065,0.002214784198066866
4012.0,48.08,48.08221478552296,0.002214785522959062
4013.0,48.08,48.08221478684201,0.0022147868420105965
4014.0,48.08,48.08221478815529,0.002214788155292524
4015.0,48.08,48.08221478946283,0.0022147894628332665
4016.0,48.08,48.082214790764624,0.002214790764625718
4017.0,48.08,48.082214792060675,0.0022147920606769844
4018.0,48.08,48.08221479335111,0.002214793351114963
4019.0,48.08,48.08221479463586,0.0022147946358614945
4020.0,48.08,48.082214795914965,0.0022147959149663166
4021.0,48.08,48.08221479718847,0.002214797188472062
4022.0,48.08,48.082214798456405,0.002214798456407152
4023.0,48.08,48.082214799718756,0.0022147997187573765
4024.0,48.08,48.08221480097559,0.002214800975593789
4025.0,48.08,48.08221480222692,0.0022148022269234957
4026.0,48.08,48.082214803472795,0.002214803472796234
4027.0,48.08,48.08221480471316,0.002214804713162266
4028.0,48.08,48.08221480594813,0.0022148059481281734
4029.0,48.08,48.08221480717765,0.0022148071776513234
4030.0,48.08,48.082214808401794,0.002214808401795665
4031.0,48.08,48.08221480962057,0.002214809620568303
4032.0,48.08,48.08221481083401,0.002214810834011871
4033.0,48.08,48.08221481204214,0.0022148120421405793
4034.0,48.08,48.08221481324494,0.002214813244940217
4035.0,48.08,48.082214814442494,0.002214814442496049
4036.0,48.08,48.08221481563481,0.0022148156348151815
4037.0,48.08,48.082214816821896,0.002214816821897614
4038.0,48.08,48.08221481800376,0.0022148180037646625
4039.0,48.08,48.08221481918046,0.00221481918045896
4040.0,48.08,48.082214820351986,0.002214820351987612
4041.0,48.08,48.082214821518384,0.0022148215183861453
4042.0,48.08,48.082214822679674,0.0022148226796758763
4043.0,48.08,48.08221482383587,0.002214823835871016
4044.0,48.08,48.08221482498702,0.002214824987021302
4045.0,48.08,48.08221482613313,0.0022148261331338404
4046.0,48.08,48.08221482727416,0.0022148272741588926
4047.0,48.08,48.0822148284102,0.0022148284102030402
4048.0,48.08,48.0822148295413,0.0022148295413018104
4049.0,48.08,48.08221483066741,0.0022148306674125706
4050.0,48.08,48.082214831788605,0.002214831788606375
4051.0,48.08,48.082214832904874,0.0022148329048761184
4052.0,48.08,48.08221483401624,0.002214834016243117
4053.0,48.08,48.08221483512275,0.002214835122750003
4054.0,48.08,48.08221483622442,0.0022148362244251985
4055.0,48.08,48.08221483732129,0.0022148373212900196
4056.0,48.08,48.082214838413286,0.002214838413287623
4057.0,48.08,48.08221483950052,0.0022148395005245902
4058.0,48.08,48.08221484058298,0.0022148405829796047
4059.0,48.08,48.082214841660694,0.002214841660695299
4060.0,48.08,48.08221484273371,0.002214842733714306
4061.0,48.08,48.082214843802014,0.0022148438020153094
4062.0,48.08,48.08221484486563,0.002214844865633836
4063.0,48.08,48.082214845924575,0.0022148459245769914
4064.0,48.08,48.08221484697889,0.0022148469788945135
4065.0,48.08,48.0822148480286,0.0022148480286006134
4066.0,48.08,48.08221484907368,0.00221484907368108
4067.0,48.08,48.0822148501142,0.0022148501141998622
4068.0,48.08,48.082214851150155,0.00221485115015696
4069.0,48.08,48.08221485218155,0.0022148521815523736
4070.0,48.08,48.08221485320845,0.0022148532084500516
4071.0,48.08,48.08221485423084,0.0022148542308428887
4072.0,48.08,48.08221485524872,0.0022148552487237794
4073.0,48.08,48.082214856262155,0.0022148562621566725
4074.0,48.08,48.08221485727117,0.00221485727116999
4075.0,48.08,48.08221485827575,0.0022148582757495205
4076.0,48.08,48.082214859275936,0.002214859275937897
4077.0,48.08,48.082214860271726,0.002214860271728014
4078.0,48.08,48.08221486126315,0.0022148612631482933
4079.0,48.08,48.08221486225022,0.002214862250220051
4080.0,48.08,48.08221486323297,0.002214863232971709
4081.0,48.08,48.08221486421143,0.0022148642114316885
4082.0,48.08,48.08221486518559,0.0022148651855928847
4083.0,48.08,48.082214866155454,0.0022148661554552973
4084.0,48.08,48.08221486712109,0.0022148671210899806
4085.0,48.08,48.08221486808249,0.0022148680824898292
4086.0,48.08,48.08221486903967,0.002214869039669054
4087.0,48.08,48.082214869992654,0.0022148699926560766
4088.0,48.08,48.082214870941485,0.0022148709414864243
4089.0,48.08,48.08221487188615,0.0022148718861529915
4090.0,48.08,48.082214872826654,0.0022148728266557782
4091.0,48.08,48.08221487376307,0.0022148737630729443
4092.0,48.08,48.08221487469537,0.0022148746953689624
4093.0,48.08,48.08221487562355,0.002214875623550938
4094.0,48.08,48.08221487654768,0.0022148765476828203
4095.0,48.08,48.08221487746775,0.002214877467750398
4096.0,48.08,48.0822148783838,0.002214878383803409
4097.0,48.08,48.08221487929584,0.002214879295841854
4098.0,48.08,48.08221488020389,0.002214880203894154
4099.0,48.08,48.08221488110795,0.002214881107953204
4100.0,48.08,48.08221488200805,0.0022148820080545306
4101.0,48.08,48.08221488290421,0.0022148829042123452
4102.0,48.08,48.08221488379642,0.0022148837964195423
4103.0,48.08,48.082214884684745,0.002214884684747176
4104.0,48.08,48.08221488556918,0.0022148855691810354
4105.0,48.08,48.08221488644972,0.0022148864497211207
4106.0,48.08,48.0822148873264,0.002214887326402959
4107.0,48.08,48.082214888199246,0.0022148881992478664
4108.0,48.08,48.082214889068254,0.002214889068255843
4109.0,48.08,48.08221488993346,0.002214889933462416
4110.0,48.08,48.08221489079486,0.00221489079486048
4111.0,48.08,48.082214891652505,0.0022148916525068785
4112.0,48.08,48.0822148925064,0.002214892506401611
4113.0,48.08,48.08221489335655,0.0022148933565517837
4114.0,48.08,48.08221489420294,0.002214894202943185
4115.0,48.08,48.08221489504565,0.002214895045653975
4116.0,48.08,48.08221489588464,0.002214895884641521
4117.0,48.08,48.08221489671997,0.0022148967199697722
4118.0,48.08,48.08221489755162,0.0022148975516245173
4119.0,48.08,48.08221489837962,0.0022148983796199673
4120.0,48.08,48.08221489920402,0.002214899204020071
4121.0,48.08,48.08221490002481,0.0022149000248106177
4122.0,48.08,48.082214900841976,0.0022149008419773963
4123.0,48.08,48.0822149016556,0.0022149016555985668
4124.0,48.08,48.08221490246565,0.0022149024656528127
4125.0,48.08,48.0822149032721,0.002214903272104607
4126.0,48.08,48.082214904075045,0.00221490407504632
4127.0,48.08,48.08221490487446,0.002214904874463741
4128.0,48.08,48.08221490567039,0.0022149056703923975
4129.0,48.08,48.08221490646282,0.0022149064628251836
4130.0,48.08,48.082214907251796,0.0022149072517976265
4131.0,48.08,48.082214908037315,0.0022149080373168317
4132.0,48.08,48.08221490881938,0.0022149088193827993
4133.0,48.08,48.08221490959799,0.0022149095979884237
4134.0,48.08,48.08221491037321,0.0022149103732118647
4135.0,48.08,48.08221491114502,0.0022149111450247005
4136.0,48.08,48.08221491191346,0.0022149119134624584
4137.0,48.08,48.08221491267855,0.00221491267855356
4138.0,48.08,48.08221491344026,0.002214913440262478
4139.0,48.08,48.082214914198616,0.0022149141986176346
4140.0,48.08,48.082214914953674,0.0022149149536758728
4141.0,48.08,48.08221491570543,0.002214915705430087
4142.0,48.08,48.08221491645388,0.002214916453880278
4143.0,48.08,48.08221491719905,0.0022149171990548666
4144.0,48.08,48.08221491794096,0.0022149179409609587
4145.0,48.08,48.08221491867961,0.002214918679612765
4146.0,48.08,48.08221491941502,0.0022149194150244966
4147.0,48.08,48.08221492014724,0.002214920147238786
4148.0,48.08,48.08221492087621,0.002214920876213
4149.0,48.08,48.082214921601995,0.0022149216019968776
4150.0,48.08,48.0822149223246,0.002214922324604629
4151.0,48.08,48.08221492304403,0.002214923044029149
4152.0,48.08,48.08221492376032,0.0022149237603201755
4153.0,48.08,48.08221492447345,0.0022149244734492868
4154.0,48.08,48.082214925183486,0.002214925183487537
4155.0,48.08,48.08221492589037,0.002214925890370978
4156.0,48.08,48.08221492659418,0.002214926594184874
4157.0,48.08,48.08221492729491,0.0022149272949150145
4158.0,48.08,48.08221492799256,0.0022149279925613996
4159.0,48.08,48.08221492868714,0.00221492868713824
4160.0,48.08,48.08221492937871,0.002214929378709485
4161.0,48.08,48.08221493006723,0.002214930067232501
4162.0,48.08,48.08221493075272,0.0022149307527215
4163.0,48.08,48.082214931435225,0.0022149314352262195
4164.0,48.08,48.08221493211474,0.002214932114739554
4165.0,48.08,48.08221493279125,0.002214932791254398
4166.0,48.08,48.0822149334648,0.0022149334647991736
4167.0,48.08,48.08221493413542,0.0022149341354236185
4168.0,48.08,48.08221493480309,0.0022149348030922056
4169.0,48.08,48.082214935467846,0.0022149354678475675
4170.0,48.08,48.082214936129674,0.0022149361296754932
4171.0,48.08,48.08221493678859,0.002214936788590194
4172.0,48.08,48.08221493744465,0.0022149374446485126
4173.0,48.08,48.082214938097806,0.002214938097807817
4174.0,48.08,48.08221493874811,0.0022149387481107397
4175.0,48.08,48.08221493939557,0.0022149393955714913
4176.0,48.08,48.08221494004017,0.002214940040168756
4177.0,48.08,48.082214940681965,0.002214940681966482
4178.0,48.08,48.082214941320935,0.002214941320936248
4179.0,48.08,48.082214941957105,0.0022149419571064755
4180.0,48.08,48.082214942590475,0.0022149425904771647
4181.0,48.08,48.08221494322109,0.002214943221090948
4182.0,48.08,48.082214943848925,0.0022149438489265094
4183.0,48.08,48.08221494447401,0.0022149444740122703
4184.0,48.08,48.082214945096375,0.0022149450963766526
4185.0,48.08,48.08221494571598,0.002214945715984129
4186.0,48.08,48.082214946332925,0.00221494633292707
4187.0,48.08,48.082214946947126,0.0022149469471273164
4188.0,48.08,48.08221494755863,0.0022149475586346057
4189.0,48.08,48.08221494816746,0.002214948167463149
4190.0,48.08,48.08221494877364,0.0022149487736413676
4191.0,48.08,48.082214949377146,0.0022149493771479456
4192.0,48.08,48.082214949978024,0.0022149499780255155
4193.0,48.08,48.082214950576244,0.0022149505762456556
4194.0,48.08,48.082214951171856,0.002214951171858104
4195.0,48.08,48.08221495176484,0.002214951764841544
4196.0,48.08,48.08221495235522,0.0022149523552243977
4197.0,48.08,48.08221495294305,0.0022149529430492976
4198.0,48.08,48.08221495352828,0.0022149535282807165
4199.0,48.08,48.082214954110924,0.0022149541109257598
4200.0,48.08,48.082214954691025,0.00221495469102706
4201.0,48.08,48.08221495526859,0.002214955268591723
4202.0,48.08,48.082214955843654,0.002214955843655275
4203.0,48.08,48.08221495641617,0.0022149564161750845
4204.0,48.08,48.08221495698618,0.0022149569861795726
4205.0,48.08,48.0822149575537,0.0022149575537042665
4206.0,48.08,48.08221495811872,0.0022149581187207446
4207.0,48.08,48.08221495868126,0.002214958681264534
4208.0,48.08,48.082214959241355,0.0022149592413569508
4209.0,48.08,48.08221495979896,0.002214959798962468
4210.0,48.08,48.082214960354136,0.0022149603541379292
4211.0,48.08,48.082214960906896,0.002214960906897545
4212.0,48.08,48.08221496145721,0.002214961457212894
4213.0,48.08,48.082214962005125,0.0022149620051266083
4214.0,48.08,48.08221496255064,0.0022149625506386883
4215.0,48.08,48.08221496309377,0.00221496309377045
4216.0,48.08,48.08221496363451,0.0022149636345147883
4217.0,48.08,48.08221496417286,0.0022149641728645975
4218.0,48.08,48.08221496470888,0.0022149647088838265
4219.0,48.08,48.082214965242535,0.002214965242536948
4220.0,48.08,48.08221496577388,0.002214965773880806
4221.0,48.08,48.08221496630286,0.0022149663028585564
4222.0,48.08,48.08221496682955,0.0022149668295483593
4223.0,48.08,48.082214967353885,0.0022149673538862658
4224.0,48.08,48.082214967875956,0.002214967875957541
4225.0,48.08,48.08221496839574,0.0022149683957408683
4226.0,48.08,48.082214968913235,0.0022149689132362482
4227.0,48.08,48.08221496942848,0.0022149694284792076
4228.0,48.08,48.08221496994142,0.0022149699414200086
4229.0,48.08,48.082214970452156,0.002214970452158127
4230.0,48.08,48.08221497096064,0.002214970960643825
4231.0,48.08,48.0822149714669,0.002214971466898419
4232.0,48.08,48.082214971970934,0.0022149719709361193
4233.0,48.08,48.082214972472755,0.0022149724727569264
4234.0,48.08,48.08221497297239,0.002214972972389262
4235.0,48.08,48.08221497346983,0.002214973469833126
4236.0,48.08,48.08221497396508,0.0022149739650814126
4237.0,48.08,48.082214974458154,0.0022149744581554387
4238.0,48.08,48.082214974949075,0.0022149749490765203
4239.0,48.08,48.08221497543789,0.0022149754378943953
4240.0,48.08,48.082214975924515,0.0022149759245166933
4241.0,48.08,48.08221497640902,0.002214976409021574
4242.0,48.08,48.08221497689141,0.0022149768914090373
4243.0,48.08,48.08221497737166,0.0022149773716648724
4244.0,48.08,48.08221497784982,0.0022149778498246064
4245.0,48.08,48.082214978325865,0.002214978325866923
4246.0,48.08,48.08221497879984,0.0022149787998415604
4247.0,48.08,48.082214979271754,0.002214979271755624
4248.0,48.08,48.08221497974157,0.002214979741573586
4249.0,48.08,48.08221498020934,0.0022149802093451854
4250.0,48.08,48.08221498067507,0.0022149806750704215
4251.0,48.08,48.08221498113873,0.0022149811387350837
4252.0,48.08,48.08221498160037,0.002214981600374699
4253.0,48.08,48.08221498205998,0.0022149820599821624
4254.0,48.08,48.0822149825176,0.002214982517600106
4255.0,48.08,48.0822149829732,0.002214982973200108
4256.0,48.08,48.08221498342683,0.002214983426831907
4257.0,48.08,48.08221498387846,0.002214983878459975
4258.0,48.08,48.08221498432807,0.002214984328070102
4259.0,48.08,48.082214984775725,0.0022149847757262364
4260.0,48.08,48.08221498522144,0.002214985221442589
4261.0,48.08,48.082214985665175,0.0022149856651765276
4262.0,48.08,48.08221498610699,0.0022149861069920007
4263.0,48.08,48.08221498654685,0.0022149865468534813
4264.0,48.08,48.082214986984795,0.0022149869847964965
4265.0,48.08,48.08221498742081,0.002214987420813941
4266.0,48.08,48.08221498785492,0.0022149878549200253
4267.0,48.08,48.08221498828711,0.0022149882871147497
4268.0,48.08,48.08221498871743,0.0022149887174336413
4269.0,48.08,48.082214989145875,0.0022149891458767
4270.0,48.08,48.08221498957241,0.002214989572408399
4271.0,48.08,48.08221498999707,0.0022149899970713705
4272.0,48.08,48.08221499041991,0.002214990419908247
4273.0,48.08,48.082214990840896,0.0022149908408977126
4274.0,48.08,48.08221499125999,0.002214991259990029
4275.0,48.08,48.08221499167729,0.0022149916772917777
4276.0,48.08,48.08221499209273,0.0022149920927319044
4277.0,48.08,48.08221499250638,0.0022149925063814635
4278.0,48.08,48.0822149929182,0.0022149929182049277
4279.0,48.08,48.082214993328215,0.002214993328216508
4280.0,48.08,48.08221499373643,0.002214993736430415
4281.0,48.08,48.082214994142845,0.002214994142846649
4282.0,48.08,48.0822149945475,0.002214994547500737
4283.0,48.08,48.08221499495038,0.0022149949503784683
4284.0,48.08,48.08221499535148,0.0022149953514798426
4285.0,48.08,48.08221499575081,0.0022149957508119655
4286.0,48.08,48.08221499614843,0.0022149961484316805
4287.0,48.08,48.082214996544266,0.002214996544267933
4288.0,48.08,48.082214996938404,0.0022149969384059887
4289.0,48.08,48.08221499733079,0.0022149973307890036
4290.0,48.08,48.08221499772145,0.002214997721452505
4291.0,48.08,48.082214998110416,0.0022149981104178096
4292.0,48.08,48.082214998497676,0.0022149984976778114
4293.0,48.08,48.08221499888325,0.002214998883253827
4294.0,48.08,48.08221499926711,0.002214999267110329
4295.0,48.08,48.08221499964929,0.0022149996492899504
4296.0,48.08,48.08221500002976,0.002215000029764269
4297.0,48.08,48.082215000408624,0.002215000408625656
4298.0,48.08,48.08221500078581,0.0022150007858101617
4299.0,48.08,48.082215001161345,0.0022150011613462084
4300.0,48.08,48.08221500153521,0.0022150015352124797
4301.0,48.08,48.08221500190745,0.002215001907451608
4302.0,48.08,48.08221500227807,0.002215002278070699
4303.0,48.08,48.082215002647054,0.0022150026470555417
4304.0,48.08,48.08221500301444,0.0022150030144416633
4305.0,48.08,48.082215003380185,0.002215003380186431
4306.0,48.08,48.08221500374435,0.002215003744353794
4307.0,48.08,48.0822150041069,0.0022150041069011195
4308.0,48.08,48.08221500446787,0.00221500446787104
4309.0,48.08,48.08221500482725,0.002215004827249345
4310.0,48.08,48.08221500518508,0.0022150051850786667
4311.0,48.08,48.08221500554132,0.002215005541323478
4312.0,48.08,48.08221500589599,0.0022150058959908847
4313.0,48.08,48.082215006249115,0.0022150062491164135
4314.0,48.08,48.08221500660069,0.002215006600692959
4315.0,48.08,48.08221500695075,0.0022150069507489434
4316.0,48.08,48.08221500729927,0.0022150072992701553
4317.0,48.08,48.082215007646255,0.002215007646256595
4318.0,48.08,48.08221500799169,0.0022150079916940513
4319.0,48.08,48.08221500833565,0.002215008335653579
4320.0,48.08,48.08221500867809,0.002215008678092545
4321.0,48.08,48.08221500901903,0.0022150090190322658
4322.0,48.08,48.08221500935844,0.00221500935844432
4323.0,48.08,48.08221500969642,0.0022150096964210775
4324.0,48.08,48.08221501003288,0.002215010032884379
4325.0,48.08,48.08221501036788,0.0022150103678839628
4326.0,48.08,48.08221501070142,0.0022150107014198284
4327.0,48.08,48.08221501103347,0.0022150110334706596
4328.0,48.08,48.08221501136408,0.002215011364079089
4329.0,48.08,48.08221501169326,0.002215011693259328
4330.0,48.08,48.08221501202097,0.002215012020968743
4331.0,48.08,48.082215012347234,0.0022150123472357564
4332.0,48.08,48.082215012672094,0.002215012672095895
4333.0,48.08,48.08221501299551,0.002215012995513632
4334.0,48.08,48.08221501331754,0.0022150133175387055
4335.0,48.08,48.082215013638155,0.002215013638156904
4336.0,48.08,48.08221501395734,0.0022150139573398064
4337.0,48.08,48.08221501427512,0.0022150142751229396
4338.0,48.08,48.08221501459154,0.0022150145915418307
4339.0,48.08,48.08221501490656,0.0022150149065609526
4340.0,48.08,48.082215015220186,0.0022150152201874107
4341.0,48.08,48.082215015532455,0.002215015532456732
4342.0,48.08,48.082215015843346,0.002215015843347601
4343.0,48.08,48.08221501615286,0.0022150161528600165
4344.0,48.08,48.082215016461056,0.002215016461057928
4345.0,48.08,48.08221501676786,0.002215016767863176
4346.0,48.08,48.08221501707333,0.0022150170733326036
4347.0,48.08,48.082215017377465,0.0022150173774662107
4348.0,48.08,48.082215017680284,0.002215017680285314
4349.0,48.08,48.08221501798174,0.002215017981740175
4350.0,48.08,48.08221501828189,0.002215018281894743
4351.0,48.08,48.082215018580754,0.002215018580756123
4352.0,48.08,48.082215018878294,0.0022150188782958935
4353.0,48.08,48.0822150191745,0.0022150191744998438
4354.0,48.08,48.082215019469416,0.0022150194694177117
4355.0,48.08,48.082215019763055,0.0022150197630566026
4356.0,48.08,48.082215020055415,0.0022150200554165167
4357.0,48.08,48.082215020346496,0.002215020346497454
4358.0,48.08,48.08221502063627,0.0022150206362709923
4359.0,48.08,48.08221502092479,0.0022150209247939756
4360.0,48.08,48.08221502121204,0.0022150212120450874
4361.0,48.08,48.08221502149804,0.0022150214980385385
4362.0,48.08,48.08221502178279,0.00221502178278854
4363.0,48.08,48.08221502206628,0.0022150220662808806
4364.0,48.08,48.08221502234855,0.002215022348551088
4365.0,48.08,48.08221502262956,0.0022150226295636344
4366.0,48.08,48.08221502290933,0.002215022909332731
4367.0,48.08,48.082215023187885,0.0022150231878868
4368.0,48.08,48.082215023465224,0.0022150234652258405
4369.0,48.08,48.082215023741355,0.0022150237413569585
4370.0,48.08,48.08221502401626,0.0022150240162588375
4371.0,48.08,48.082215024289965,0.0022150242899670047
4372.0,48.08,48.08221502456247,0.0022150245624743548
4373.0,48.08,48.08221502483376,0.0022150248337595713
4374.0,48.08,48.082215025103864,0.002215025103865287
4375.0,48.08,48.08221502537281,0.0022150253728128177
4376.0,48.08,48.08221502564058,0.0022150256405808477
4377.0,48.08,48.08221502590715,0.002215025907155166
4378.0,48.08,48.08221502617258,0.002215026172578405
4379.0,48.08,48.08221502643685,0.0022150264368505646
4380.0,48.08,48.08221502669993,0.0022150266999290125
4381.0,48.08,48.08221502696189,0.0022150269618919083
4382.0,48.08,48.08221502722269,0.002215027222689514
4383.0,48.08,48.08221502748235,0.0022150274823502514
4384.0,48.08,48.08221502774087,0.0022150277408741204
4385.0,48.08,48.08221502799825,0.0022150279982540155
4386.0,48.08,48.0822150282545,0.0022150282545041478
4387.0,48.08,48.08221502850961,0.002215028509610306
4388.0,48.08,48.08221502876363,0.002215028763629334
4389.0,48.08,48.082215029016524,0.0022150290165257047
4390.0,48.08,48.08221502926835,0.0022150292683491557
4391.0,48.08,48.08221502951899,0.0022150295189931057
4392.0,48.08,48.08221502976858,0.002215029768578347
4393.0,48.08,48.08221503001706,0.0022150300170622472
4394.0,48.08,48.082215030264464,0.0022150302644661224
4395.0,48.08,48.0822150305108,0.0022150305108041835
4396.0,48.08,48.08221503075601,0.0022150307560124816
4397.0,48.08,48.0822150310002,0.0022150310002047036
4398.0,48.08,48.08221503124331,0.002215031243309795
4399.0,48.08,48.082215031485326,0.0022150314853277564
4400.0,48.08,48.08221503172629,0.0022150317262941144
4401.0,48.08,48.08221503196617,0.002215031966173342
4402.0,48.08,48.08221503220502,0.0022150322050222826
4403.0,48.08,48.08221503244284,0.0022150324428409363
4404.0,48.08,48.08221503267961,0.002215032679615092
4405.0,48.08,48.08221503291534,0.00221503291534475
4406.0,48.08,48.08221503315005,0.0022150331500512266
4407.0,48.08,48.08221503338373,0.0022150333837345215
4408.0,48.08,48.08221503361639,0.002215033616394635
4409.0,48.08,48.08221503384802,0.0022150338480244613
4410.0,48.08,48.08221503407863,0.0022150340786311062
4411.0,48.08,48.082215034308234,0.002215034308235886
4412.0,48.08,48.0822150345368,0.002215034536803273
4413.0,48.08,48.082215034764374,0.0022150347643759005
4414.0,48.08,48.082215034990995,0.0022150349909964007
4415.0,48.08,48.082215035216585,0.002215035216586614
4416.0,48.08,48.0822150354412,0.0022150354412033835
4417.0,48.08,48.082215035664845,0.0022150356648467096
4418.0,48.08,48.082215035887494,0.002215035887495276
4419.0,48.08,48.082215036109154,0.0022150361091561876
4420.0,48.08,48.08221503632987,0.0022150363298720777
4421.0,48.08,48.082215036549584,0.0022150365495861024
4422.0,48.08,48.08221503676834,0.0022150367683408945
4423.0,48.08,48.08221503698615,0.0022150369861506647
4424.0,48.08,48.082215037203014,0.002215037203015413
4425.0,48.08,48.08221503741892,0.0022150374189209288
4426.0,48.08,48.08221503763386,0.0022150376338601063
4427.0,48.08,48.08221503784792,0.002215037847918211
4428.0,48.08,48.08221503806098,0.0022150380609815556
4429.0,48.08,48.082215038273134,0.0022150382731354057
4430.0,48.08,48.08221503848433,0.002215038484330023
4431.0,48.08,48.0822150386946,0.002215038694600935
4432.0,48.08,48.082215038903996,0.002215038903997879
4433.0,48.08,48.082215039112434,0.0022150391124355906
4434.0,48.08,48.08221503931997,0.002215039319970913
4435.0,48.08,48.0822150395266,0.002215039526603846
4436.0,48.08,48.08221503973231,0.0022150397323130733
4437.0,48.08,48.08221503993714,0.0022150399371412277
4438.0,48.08,48.082215040141065,0.002215040141066993
4439.0,48.08,48.0822150403441,0.0022150403441045796
4440.0,48.08,48.08221504054623,0.0022150405462326717
4441.0,48.08,48.08221504074748,0.0022150407474796907
4442.0,48.08,48.08221504094783,0.002215040947831426
4443.0,48.08,48.08221504114732,0.0022150411473234044
4444.0,48.08,48.08221504134597,0.002215041345969837
4445.0,48.08,48.0822150415437,0.0022150415436996695
4446.0,48.08,48.082215041740575,0.0022150417405768508
4447.0,48.08,48.08221504193658,0.0022150419365800644
4448.0,48.08,48.08221504213173,0.002215042131730627
4449.0,48.08,48.08221504232603,0.002215042326028538
4450.0,48.08,48.08221504251948,0.002215042519480903
4451.0,48.08,48.0822150427121,0.0022150427121019334
4452.0,48.08,48.08221504290388,0.002215042903884523
4453.0,48.08,48.082215043094784,0.00221504309478604
4454.0,48.08,48.08221504328488,0.0022150432848846435
4455.0,48.08,48.082215043474086,0.002215043474087963
4456.0,48.08,48.08221504366253,0.002215043662531002
4457.0,48.08,48.08221504385012,0.00221504385012139
4458.0,48.08,48.082215044036886,0.002215044036887548
4459.0,48.08,48.08221504422282,0.002215044222822371
4460.0,48.08,48.08221504440798,0.0022150444079827025
4461.0,48.08,48.08221504459229,0.0022150445922903828
4462.0,48.08,48.08221504477579,0.0022150447757951497
4463.0,48.08,48.082215044958524,0.002215044958525425
4464.0,48.08,48.08221504514044,0.0022150451404385763
4465.0,48.08,48.082215045321554,0.0022150453215559196
4466.0,48.08,48.08221504550187,0.0022150455018703497
4467.0,48.08,48.082215045681394,0.0022150456813960773
4468.0,48.08,48.08221504586015,0.0022150458601544187
4469.0,48.08,48.08221504603812,0.0022150460381240578
4470.0,48.08,48.08221504621531,0.0022150462153120998
4471.0,48.08,48.082215046391696,0.0022150463916972285
4472.0,48.08,48.08221504656732,0.0022150465673220765
4473.0,48.08,48.08221504674218,0.0022150467421795383
4474.0,48.08,48.08221504691629,0.0022150469162909303
4475.0,48.08,48.082215047089605,0.0022150470896065144
4476.0,48.08,48.08221504726217,0.0022150472621689232
4477.0,48.08,48.082215047434,0.002215047433999473
4478.0,48.08,48.082215047605075,0.0022150476050768475
4479.0,48.08,48.08221504777538,0.0022150477753797304
4480.0,48.08,48.08221504794493,0.002215047944929438
4481.0,48.08,48.08221504811375,0.002215048113754392
4482.0,48.08,48.082215048281824,0.0022150482818261708
4483.0,48.08,48.08221504844918,0.0022150484491803013
4484.0,48.08,48.0822150486158,0.002215048615802573
4485.0,48.08,48.08221504878166,0.0022150487816645636
4486.0,48.08,48.082215048946814,0.0022150489468160117
4487.0,48.08,48.08221504911126,0.0022150491112640225
4488.0,48.08,48.08221504927498,0.0022150492749801742
4489.0,48.08,48.08221504943797,0.0022150494379715724
4490.0,48.08,48.082215049600244,0.0022150496002453224
4491.0,48.08,48.08221504976183,0.002215049761829846
4492.0,48.08,48.08221504992267,0.0022150499226682996
4493.0,48.08,48.082215050082844,0.0022150500828459485
4494.0,48.08,48.08221505024227,0.002215050242270422
4495.0,48.08,48.082215050401025,0.0022150504010269856
4496.0,48.08,48.08221505055907,0.0022150505590730063
4497.0,48.08,48.082215050716435,0.002215050716436906
4498.0,48.08,48.08221505087311,0.0022150508731115792
4499.0,48.08,48.082215051029095,0.002215051029097026
4500.0,48.08,48.08221505118441,0.0022150511844145626
4501.0,48.08,48.08221505133902,0.0022150513390215565
4502.0,48.08,48.082215051492966,0.0022150514929677456
4503.0,48.08,48.08221505164624,0.002215051646238919
4504.0,48.08,48.082215051798826,0.0022150517988279717
4505.0,48.08,48.08221505195076,0.002215051950763325
4506.0,48.08,48.08221505210201,0.0022150521020094516
4507.0,48.08,48.082215052252636,0.002215052252637406
4508.0,48.08,48.08221505240254,0.002215052402540607
4509.0,48.08,48.082215052551845,0.002215052551846952
4510.0,48.08,48.08221505270048,0.0022150527004782816
4511.0,48.08,48.08221505284844,0.002215052848441701
4512.0,48.08,48.08221505299576,0.0022150529957585263
4513.0,48.08,48.08221505314245,0.002215053142450074
4514.0,48.08,48.08221505328849,0.002215053288495028
4515.0,48.08,48.08221505343389,0.002215053433893388
4516.0,48.08,48.08221505357865,0.0022150535786522596
4517.0,48.08,48.08221505372278,0.002215053722778748
4518.0,48.08,48.08221505386629,0.00221505386629417
4519.0,48.08,48.08221505400916,0.0022150540091629978
4520.0,48.08,48.082215054151426,0.0022150541514278643
4521.0,48.08,48.08221505429302,0.0022150542930248207
4522.0,48.08,48.08221505443404,0.002215054434039132
4523.0,48.08,48.082215054574405,0.0022150545744068495
4524.0,48.08,48.08221505471417,0.0022150547141706056
4525.0,48.08,48.08221505485332,0.002215054853323295
4526.0,48.08,48.082215054991856,0.002215054991857812
4527.0,48.08,48.082215055129815,0.0022150551298167898
4528.0,48.08,48.08221505526711,0.0022150552671149626
4529.0,48.08,48.08221505540385,0.0022150554038518067
4530.0,48.08,48.082215055539976,0.002215055539977584
4531.0,48.08,48.08221505567553,0.002215055675534927
4532.0,48.08,48.082215055810444,0.0022150558104456763
4533.0,48.08,48.0822150559448,0.0022150559448022022
4534.0,48.08,48.08221505607855,0.002215056078554767
4535.0,48.08,48.08221505621173,0.002215056211731792
4536.0,48.08,48.08221505634431,0.002215056344311961
4537.0,48.08,48.082215056476294,0.002215056476295274
4538.0,48.08,48.08221505660774,0.0022150566077385747
4539.0,48.08,48.082215056738605,0.002215056738606336
4540.0,48.08,48.08221505686888,0.0022150568688843464
4541.0,48.08,48.0822150569986,0.0022150569986010282
4542.0,48.08,48.08221505712772,0.002215057127720854
4543.0,48.08,48.0822150572563,0.0022150572563006676
4544.0,48.08,48.08221505738432,0.0022150573843191523
4545.0,48.08,48.08221505751179,0.002215057511790519
4546.0,48.08,48.08221505763865,0.002215057638650819
4547.0,48.08,48.082215057765,0.0022150577649995284
4548.0,48.08,48.08221505789075,0.002215057890751382
4549.0,48.08,48.08221505801599,0.0022150580159916444
4550.0,48.08,48.08221505814066,0.002215058140663473
4551.0,48.08,48.08221505826479,0.0022150582647881834
4552.0,48.08,48.08221505838836,0.0022150583883586705
4553.0,48.08,48.08221505851142,0.0022150585114246724
4554.0,48.08,48.08221505863391,0.0022150586339151346
4555.0,48.08,48.08221505875589,0.002215058755894006
4556.0,48.08,48.082215058877324,0.0022150588773257596
4557.0,48.08,48.08221505899824,0.002215058998238817
4558.0,48.08,48.082215059118624,0.0022150591186260726
4559.0,48.08,48.08221505923847,0.002215059238473316
4560.0,48.08,48.08221505935778,0.0022150593577805466
4561.0,48.08,48.082215059476596,0.002215059476597503
4562.0,48.08,48.08221505959485,0.0022150595948531304
4563.0,48.08,48.082215059712624,0.002215059712625589
4564.0,48.08,48.08221505982987,0.0022150598298722457
4565.0,48.08,48.08221505994659,0.002215059946593101
4566.0,48.08,48.08221506006284,0.002215060062844998
4567.0,48.08,48.08221506017852,0.0022150601785213553
4568.0,48.08,48.08221506029373,0.0022150602937287545
4569.0,48.08,48.08221506040842,0.002215060408424563
4570.0,48.08,48.08221506052259,0.0022150605225945696
4571.0,48.08,48.08221506063627,0.002215060636274302
4572.0,48.08,48.0822150607495,0.002215060749499287
4573.0,48.08,48.08221506086219,0.0022150608621913648
4574.0,48.08,48.08221506097442,0.00221506097442159
4575.0,48.08,48.0822150610861,0.002215061086104697
4576.0,48.08,48.08221506119733,0.002215061197333057
4577.0,48.08,48.082215061308105,0.0022150613081066695
4578.0,48.08,48.08221506141835,0.0022150614183544803
4579.0,48.08,48.082215061528096,0.002215061528097806
4580.0,48.08,48.0822150616374,0.002215061637400595
4581.0,48.08,48.0822150617462,0.0022150617461988986
4582.0,48.08,48.08221506185452,0.0022150618545211387
4583.0,48.08,48.08221506196239,0.0022150619623886314
4584.0,48.08,48.082215062069764,0.0022150620697658496
4585.0,48.08,48.08221506217667,0.0022150621766741097
4586.0,48.08,48.08221506228309,0.002215062283092095
4587.0,48.08,48.08221506238907,0.0022150623890695442
4588.0,48.08,48.08221506249457,0.0022150624945709296
4589.0,48.08,48.082215062599616,0.0022150625996175677
4590.0,48.08,48.08221506270419,0.0022150627041952475
4591.0,48.08,48.08221506280835,0.002215062808353707
4592.0,48.08,48.08221506291203,0.0022150629120289977
4593.0,48.08,48.08221506301524,0.0022150630152424355
4594.0,48.08,48.08221506311802,0.0022150631180224423
4595.0,48.08,48.0822150632203,0.002215063220305069
4596.0,48.08,48.08221506332218,0.0022150633221826865
4597.0,48.08,48.0822150634236,0.002215063423598451
4598.0,48.08,48.082215063524565,0.002215063524566574
4599.0,48.08,48.0822150636251,0.0022150636251012656
4600.0,48.08,48.0822150637252,0.0022150637252025263
4601.0,48.08,48.08221506382486,0.0022150638248632504
4602.0,48.08,48.08221506392408,0.002215063924083438
4603.0,48.08,48.08221506402286,0.002215064022863089
4604.0,48.08,48.082215064121215,0.0022150641212164146
4605.0,48.08,48.08221506421912,0.002215064219122098
4606.0,48.08,48.08221506431662,0.0022150643166227724
4607.0,48.08,48.08221506441371,0.0022150644137113318
4608.0,48.08,48.082215064510315,0.002215064510316722
4609.0,48.08,48.08221506460654,0.0022150646065384194
4610.0,48.08,48.082215064702325,0.0022150647023266856
4611.0,48.08,48.08221506479771,0.0022150647977099425
4612.0,48.08,48.08221506489264,0.002215064892638452
4613.0,48.08,48.082215064987174,0.002215064987176163
4614.0,48.08,48.0822150650813,0.002215065081301759
4615.0,48.08,48.082215065175006,0.002215065175008135
4616.0,48.08,48.08221506526831,0.002215065268309502
4617.0,48.08,48.0822150653612,0.0022150653611987536
4618.0,48.08,48.08221506545367,0.0022150654536687853
4619.0,48.08,48.08221506554577,0.0022150655457693347
4620.0,48.08,48.08221506563744,0.0022150656374435584
4621.0,48.08,48.08221506572871,0.002215065728712773
4622.0,48.08,48.08221506581959,0.0022150658195911888
4623.0,48.08,48.08221506591006,0.0022150659100645953
4624.0,48.08,48.08221506600014,0.002215066000140098
4625.0,48.08,48.08221506608983,0.0022150660898319074
4626.0,48.08,48.0822150661791,0.0022150661791044968
4627.0,48.08,48.082215066268006,0.002215066268007604
4628.0,48.08,48.082215066356525,0.002215066356527018
4629.0,48.08,48.08221506644464,0.0022150664446414225
4630.0,48.08,48.08221506653238,0.0022150665323792396
4631.0,48.08,48.082215066619746,0.0022150666197475744
4632.0,48.08,48.08221506670668,0.002215066706682478
4633.0,48.08,48.08221506679329,0.002215066793290532
4634.0,48.08,48.082215066879485,0.0022150668794864714
4635.0,48.08,48.08221506696529,0.002215066965291612
4636.0,48.08,48.08221506705075,0.002215067050748587
4637.0,48.08,48.08221506713583,0.002215067135828974
4638.0,48.08,48.08221506722054,0.002215067220539879
4639.0,48.08,48.082215067304894,0.0022150673048955127
4640.0,48.08,48.08221506738882,0.0022150673888248207
4641.0,48.08,48.082215067472426,0.002215067472427279
4642.0,48.08,48.08221506755565,0.0022150675556531496
4643.0,48.08,48.082215067638515,0.0022150676385166435
4644.0,48.08,48.082215067721016,0.0022150677210177605
4645.0,48.08,48.08221506780314,0.00221506780314229
4646.0,48.08,48.082215067884924,0.002215067884925759
4647.0,48.08,48.08221506796636,0.0022150679663610617
4648.0,48.08,48.082215068047425,0.0022150680474268825
4649.0,48.08,48.08221506812812,0.002215068128123221
4650.0,48.08,48.08221506820849,0.00221506820849271
4651.0,48.08,48.08221506828849,0.0022150682884927164
4652.0,48.08,48.08221506836814,0.002215068368144557
4653.0,48.08,48.08221506844746,0.0022150684474624427
4654.0,48.08,48.082215068526416,0.0022150685264179515
4655.0,48.08,48.08221506860502,0.002215068605018189
4656.0,48.08,48.082215068683276,0.002215068683277366
4657.0,48.08,48.0822150687612,0.0022150687612025877
4658.0,48.08,48.082215068838806,0.0022150688388080653
4659.0,48.08,48.08221506891606,0.0022150689160582715
4660.0,48.08,48.08221506899294,0.0022150689929389955
4661.0,48.08,48.082215069069505,0.0022150690695070807
4662.0,48.08,48.082215069145704,0.0022150691457056837
4663.0,48.08,48.08221506922159,0.002215069221591648
4664.0,48.08,48.08221506929716,0.0022150692971649732
4665.0,48.08,48.08221506937241,0.002215069372411449
4666.0,48.08,48.0822150694473,0.0022150694473026533
4667.0,48.08,48.082215069521865,0.002215069521867008
4668.0,48.08,48.082215069596124,0.0022150695961258293
4669.0,48.08,48.08221506967004,0.00221506967004359
4670.0,48.08,48.08221506974364,0.0022150697436416067
4671.0,48.08,48.08221506981693,0.00221506981693409
4672.0,48.08,48.082215069889884,0.0022150698898855126
4673.0,48.08,48.08221506996252,0.0022150699625242964
4674.0,48.08,48.08221507003484,0.002215070034843336
4675.0,48.08,48.082215070106834,0.002215070106835526
4676.0,48.08,48.082215070178506,0.002215070178507972
4677.0,48.08,48.08221507024986,0.0022150702498606734
4678.0,48.08,48.082215070320935,0.002215070320936263
4679.0,48.08,48.0822150703917,0.0022150703916992143
4680.0,48.08,48.08221507046211,0.0022150704621139994
4681.0,48.08,48.08221507053224,0.0022150705322445674
4682.0,48.08,48.08221507060206,0.0022150706020624966
4683.0,48.08,48.08221507067159,0.0022150706715891033
4684.0,48.08,48.08221507074078,0.002215070740781755
4685.0,48.08,48.082215070809674,0.0022150708096759786
4686.0,48.08,48.08221507087829,0.0022150708782930906
4687.0,48.08,48.08221507094661,0.0022150709466117746
4688.0,48.08,48.08221507101458,0.0022150710145822927
4689.0,48.08,48.0822150710823,0.002215071082304121
4690.0,48.08,48.0822150711497,0.0022150711496990994
4691.0,48.08,48.08221507121684,0.0022150712168382825
4692.0,48.08,48.08221507128364,0.0022150712836435105
4693.0,48.08,48.08221507135016,0.0022150713501645214
4694.0,48.08,48.08221507141643,0.002215071416429737
4695.0,48.08,48.08221507148236,0.0022150714823609974
4696.0,48.08,48.082215071548006,0.0022150715480080407
4697.0,48.08,48.0822150716134,0.0022150716133992887
4698.0,48.08,48.082215071678476,0.002215071678477898
4699.0,48.08,48.08221507174327,0.00221507174327229
4700.0,48.08,48.08221507180777,0.002215071807768254
4701.0,48.08,48.082215071872,0.0022150718720013174
4702.0,48.08,48.082215071935934,0.0022150719359359528
4703.0,48.08,48.08221507199959,0.0022150719995934764
4704.0,48.08,48.082215072062986,0.0022150720629880993
4705.0,48.08,48.082215072126104,0.0022150721261056106
4706.0,48.08,48.08221507218893,0.0022150721889317992
4707.0,48.08,48.0822150722515,0.0022150722515021926
4708.0,48.08,48.08221507231379,0.0022150723137883688
4709.0,48.08,48.0822150723758,0.0022150723758045388
4710.0,48.08,48.08221507243752,0.0022150724375222808
4711.0,48.08,48.08221507249898,0.0022150724989842274
4712.0,48.08,48.08221507256019,0.0022150725601903787
4713.0,48.08,48.08221507262113,0.002215072621133629
4714.0,48.08,48.08221507268177,0.002215072681771346
4715.0,48.08,48.08221507274215,0.002215072742153268
4716.0,48.08,48.082215072802306,0.002215072802307816
4717.0,48.08,48.08221507286216,0.002215072862163936
4718.0,48.08,48.08221507292176,0.0022150729217642606
4719.0,48.08,48.082215072981114,0.0022150729811158953
4720.0,48.08,48.08221507304021,0.0022150730402117347
4721.0,48.08,48.082215073099015,0.0022150730990162515
4722.0,48.08,48.08221507315757,0.0022150731575720783
4723.0,48.08,48.08221507321588,0.0022150732158792152
4724.0,48.08,48.082215073273915,0.002215073273916346
4725.0,48.08,48.082215073331746,0.002215073331747419
4726.0,48.08,48.0822150733893,0.0022150733893013808
4727.0,48.08,48.08221507344659,0.0022150734465924415
4728.0,48.08,48.08221507350363,0.0022150735036348124
4729.0,48.08,48.08221507356043,0.0022150735604284932
4730.0,48.08,48.08221507361695,0.002215073616952168
4731.0,48.08,48.08221507367325,0.002215073673248469
4732.0,48.08,48.082215073729316,0.002215073729317396
4733.0,48.08,48.0822150737851,0.0022150737851021063
4734.0,48.08,48.08221507384067,0.0022150738406736536
4735.0,48.08,48.08221507389599,0.0022150738959894056
4736.0,48.08,48.08221507395107,0.0022150739510706785
4737.0,48.08,48.082215074005894,0.002215074005896156
4738.0,48.08,48.08221507406046,0.0022150740604587327
4739.0,48.08,48.08221507411483,0.002215074114829463
4740.0,48.08,48.08221507416893,0.0022150741689301867
4741.0,48.08,48.082215074222816,0.002215074222817748
4742.0,48.08,48.08221507427647,0.0022150742764708298
4743.0,48.08,48.08221507432986,0.002215074329861011
4744.0,48.08,48.08221507438305,0.00221507438305224
4745.0,48.08,48.082215074435965,0.0022150744359663577
4746.0,48.08,48.082215074488666,0.0022150744886673124
4747.0,48.08,48.08221507454117,0.002215074541169315
4748.0,48.08,48.08221507459342,0.002215074593422628
4749.0,48.08,48.08221507464542,0.0022150746454201453
4750.0,48.08,48.0822150746972,0.0022150746972045
4751.0,48.08,48.08221507474876,0.002215074748761481
4752.0,48.08,48.08221507480009,0.002215074800091088
4753.0,48.08,48.08221507485118,0.0022150748511791107
4754.0,48.08,48.082215074902095,0.002215074902096603
4755.0,48.08,48.08221507495276,0.0022150749527583002
4756.0,48.08,48.082215075003205,0.0022150750032068345
4757.0,48.08,48.08221507505341,0.002215075053413784
4758.0,48.08,48.08221507510341,0.0022150751034146765
4759.0,48.08,48.0822150751532,0.002215075153202406
4760.0,48.08,48.082215075202754,0.0022150752027556564
4761.0,48.08,48.08221507525209,0.0022150752520886385
4762.0,48.08,48.082215075301235,0.0022150753012368796
4763.0,48.08,48.08221507535014,0.002215075350143536
4764.0,48.08,48.082215075398864,0.0022150753988654515
4765.0,48.08,48.08221507544735,0.0022150754473528877
4766.0,48.08,48.08221507549565,0.0022150754956484775
4767.0,48.08,48.082215075543694,0.0022150755436953773
4768.0,48.08,48.08221507559155,0.0022150755915504305
4769.0,48.08,48.08221507563919,0.002215075639192321
4770.0,48.08,48.082215075686634,0.0022150756866352594
4771.0,48.08,48.08221507573386,0.002215075733865035
4772.0,48.08,48.08221507578085,0.002215075780853226
4773.0,48.08,48.082215075827676,0.0022150758276779925
4774.0,48.08,48.082215075874295,0.0022150758742967014
4775.0,48.08,48.08221507592068,0.002215075920680931
4776.0,48.08,48.08221507596688,0.00221507596688042
4777.0,48.08,48.08221507601288,0.0022150760128809566
4778.0,48.08,48.08221507605867,0.0022150760586683305
4779.0,48.08,48.08221507610425,0.002215076104249647
4780.0,48.08,48.08221507614966,0.002215076149660433
4781.0,48.08,48.08221507619488,0.002215076194879373
4782.0,48.08,48.08221507623986,0.0022150762398638335
4783.0,48.08,48.08221507628466,0.002215076284663553
4784.0,48.08,48.08221507632926,0.0022150763292643205
4785.0,48.08,48.08221507637368,0.002215076373680347
4786.0,48.08,48.08221507641787,0.0022150764178689997
4787.0,48.08,48.08221507646191,0.0022150764619084384
4788.0,48.08,48.082215076505705,0.0022150765057062927
4789.0,48.08,48.08221507654935,0.002215076549354933
4790.0,48.08,48.08221507659279,0.0022150765927904104
4791.0,48.08,48.08221507663603,0.0022150766360340413
4792.0,48.08,48.0822150766791,0.0022150766791000365
4793.0,48.08,48.08221507672199,0.002215076721988396
4794.0,48.08,48.08221507676467,0.002215076764670698
4795.0,48.08,48.08221507680716,0.0022150768071611537
4796.0,48.08,48.08221507684946,0.002215076849459763
4797.0,48.08,48.0822150768916,0.0022150768916020525
4798.0,48.08,48.08221507693357,0.002215076933573812
4799.0,48.08,48.08221507697532,0.0022150769753181976
4800.0,48.08,48.0822150770169,0.0022150770168991585
4801.0,48.08,48.082215077058294,0.0022150770582953783
4802.0,48.08,48.0822150770995,0.0022150770994997515
4803.0,48.08,48.08221507714053,0.0022150771405335945
4804.0,48.08,48.082215077181374,0.002215077181375591
4805.0,48.08,48.08221507722206,0.002215077222061268
4806.0,48.08,48.082215077262546,0.002215077262547993
4807.0,48.08,48.08221507730288,0.0022150773028783988
4808.0,48.08,48.082215077342994,0.0022150773429956416
4809.0,48.08,48.082215077382976,0.0022150773829778814
4810.0,48.08,48.082215077422774,0.00221507742277538
4811.0,48.08,48.0822150774624,0.0022150774624023484
4812.0,48.08,48.08221507750183,0.0022150775018303648
4813.0,48.08,48.0822150775411,0.002215077541102062
4814.0,48.08,48.08221507758019,0.0022150775801890177
4815.0,48.08,48.08221507761912,0.002215077619119654
4816.0,48.08,48.082215077657864,0.0022150776578655496
4817.0,48.08,48.08221507769643,0.0022150776964338093
4818.0,48.08,48.082215077734865,0.002215077734867066
4819.0,48.08,48.082215077773114,0.0022150777731155813
4820.0,48.08,48.082215077811185,0.002215077811186461
4821.0,48.08,48.082215077849106,0.002215077849108127
4822.0,48.08,48.08221507788686,0.0022150778868592624
4823.0,48.08,48.08221507792445,0.0022150779244540786
4824.0,48.08,48.08221507796186,0.0022150779618641536
4825.0,48.08,48.082215077999116,0.0022150779991179093
4826.0,48.08,48.08221507803622,0.002215078036222451
4827.0,48.08,48.082215078073126,0.0022150780731280406
4828.0,48.08,48.08221507810989,0.0022150781098915218
4829.0,48.08,48.0822150781465,0.0022150781464986835
4830.0,48.08,48.08221507818291,0.0022150781829139987
4831.0,48.08,48.0822150782192,0.0022150782192014162
4832.0,48.08,48.08221507825534,0.0022150782553396198
4833.0,48.08,48.08221507829131,0.0022150782913143985
4834.0,48.08,48.08221507832711,0.0022150783271115415
4835.0,48.08,48.082215078362765,0.002215078362766576
4836.0,48.08,48.08221507839824,0.002215078398243975
4837.0,48.08,48.082215078433606,0.0022150784336076867
4838.0,48.08,48.08221507846879,0.002215078468793763
4839.0,48.08,48.08221507850381,0.002215078503809309
4840.0,48.08,48.08221507853869,0.002215078538689852
4841.0,48.08,48.0822150785734,0.0022150785733998646
4842.0,48.08,48.082215078607966,0.0022150786079677687
4843.0,48.08,48.08221507864238,0.0022150786423793534
4844.0,48.08,48.08221507867667,0.002215078676670146
4845.0,48.08,48.0822150787108,0.002215078710804619
4846.0,48.08,48.08221507874478,0.0022150787447827724
4847.0,48.08,48.08221507877858,0.0022150787785832904
4848.0,48.08,48.082215078812254,0.0022150788122559106
4849.0,48.08,48.08221507884578,0.002215078845779317
4850.0,48.08,48.082215078879145,0.0022150788791464038
4851.0,48.08,48.08221507891241,0.0022150789124140147
4852.0,48.08,48.08221507894545,0.002215078945454252
4853.0,48.08,48.0822150789784,0.0022150789784021185
4854.0,48.08,48.082215079011206,0.0022150790112078766
4855.0,48.08,48.08221507904385,0.00221507904385021
4856.0,48.08,48.08221507907637,0.002215079076371751
4857.0,48.08,48.08221507910874,0.002215079108744078
4858.0,48.08,48.082215079140965,0.002215079140967191
4859.0,48.08,48.082215079173054,0.002215079173055301
4860.0,48.08,48.08221507920499,0.002215079204994197
4861.0,48.08,48.082215079236825,0.0022150792368265115
4862.0,48.08,48.082215079268494,0.0022150792684954013
4863.0,48.08,48.08221507929999,0.0022150792999937607
4864.0,48.08,48.08221507933138,0.0022150793313784334
4865.0,48.08,48.082215079362655,0.0022150793626565246
4866.0,48.08,48.08221507939375,0.0022150793937498747
4867.0,48.08,48.08221507942474,0.002215079424743749
4868.0,48.08,48.082215079455565,0.0022150794555670927
4869.0,48.08,48.08221507948629,0.0022150794862909606
4870.0,48.08,48.082215079516864,0.0022150795168656146
4871.0,48.08,48.082215079547275,0.0022150795472768436
4872.0,48.08,48.08221507957758,0.0022150795775814913
4873.0,48.08,48.082215079607764,0.0022150796077653467
4874.0,48.08,48.082215079637805,0.0022150796378070936
4875.0,48.08,48.082215079667705,0.002215079667706732
4876.0,48.08,48.08221507969749,0.0022150796974926834
4877.0,48.08,48.082215079727135,0.0022150797271365263
4878.0,48.08,48.08221507975666,0.002215079756659577
4879.0,48.08,48.082215079786025,0.0022150797860263083
4880.0,48.08,48.082215079815285,0.002215079815286458
4881.0,48.08,48.08221507984443,0.002215079844432921
4882.0,48.08,48.082215079873414,0.0022150798734159594
4883.0,48.08,48.08221507990229,0.002215079902292416
4884.0,48.08,48.082215079931046,0.0022150799310480807
4885.0,48.08,48.08221507995966,0.0022150799596616366
4886.0,48.08,48.082215079988146,0.002215079988147295
4887.0,48.08,48.08221508001652,0.0022150800165192663
4888.0,48.08,48.08221508004476,0.00221508004476334
4889.0,48.08,48.08221508007291,0.0022150800729150433
4890.0,48.08,48.082215080100895,0.002215080100896216
4891.0,48.08,48.08221508012878,0.0022150801287850186
4892.0,48.08,48.08221508015653,0.0022150801565317124
4893.0,48.08,48.08221508018416,0.0022150801841647194
4894.0,48.08,48.08221508021168,0.0022150802116840396
4895.0,48.08,48.082215080239074,0.002215080239075462
4896.0,48.08,48.08221508026634,0.002215080266338987
4897.0,48.08,48.082215080293494,0.00221508029349593
4898.0,48.08,48.082215080320545,0.002215080320546292
4899.0,48.08,48.08221508034744,0.0022150803474403347
4900.0,48.08,48.08221508037425,0.002215080374249112
4901.0,48.08,48.08221508040091,0.0022150804009086755
4902.0,48.08,48.08221508042746,0.0022150804274616576
4903.0,48.08,48.08221508045391,0.0022150804539151636
4904.0,48.08,48.082215080480246,0.0022150804802478774
4905.0,48.08,48.08221508050646,0.002215080506459799
4906.0,48.08,48.082215080532556,0.0022150805325580336
4907.0,48.08,48.082215080558555,0.0022150805585567923
4908.0,48.08,48.082215080584426,0.0022150805844276533
4909.0,48.08,48.08221508061018,0.0022150806101848275
4910.0,48.08,48.082215080635805,0.0022150806358069985
4911.0,48.08,48.08221508066134,0.0022150806613439045
4912.0,48.08,48.08221508068675,0.0022150806867529127
4913.0,48.08,48.082215080712075,0.002215080712076656
4914.0,48.08,48.082215080737285,0.002215080737286712
4915.0,48.08,48.082215080762374,0.002215080762375976
4916.0,48.08,48.082215080787364,0.002215080787365764
4917.0,48.08,48.082215080812226,0.0022150808122276544
4918.0,48.08,48.082215080836974,0.002215080836975858
4919.0,48.08,48.08221508086164,0.0022150808616387963
4920.0,48.08,48.08221508088617,0.002215080886173837
4921.0,48.08,48.08221508091059,0.0022150809105951907
4922.0,48.08,48.08221508093493,0.0022150809349312794
4923.0,48.08,48.08221508095916,0.0022150809591607867
4924.0,48.08,48.082215080983275,0.002215080983276607
4925.0,48.08,48.08221508100729,0.0022150810072929517
4926.0,48.08,48.08221508103119,0.002215081031188504
4927.0,48.08,48.08221508105499,0.0022150810549916855
4928.0,48.08,48.082215081078694,0.002215081078695391
4929.0,48.08,48.08221508110225,0.002215081102249883
4930.0,48.08,48.082215081125725,0.002215081125726215
4931.0,48.08,48.082215081149116,0.0022150811491172817
4932.0,48.08,48.082215081172414,0.002215081172415978
4933.0,48.08,48.08221508119559,0.002215081195593882
4934.0,48.08,48.082215081218685,0.002215081218686521
4935.0,48.08,48.08221508124165,0.002215081241651262
4936.0,48.08,48.082215081264515,0.0022150812645165274
4937.0,48.08,48.08221508128731,0.0022150812873107384
4938.0,48.08,48.08221508130998,0.002215081309984157
4939.0,48.08,48.08221508133257,0.0022150813325723107
4940.0,48.08,48.08221508135505,0.002215081355053883
4941.0,48.08,48.08221508137743,0.0022150813774288736
4942.0,48.08,48.08221508139971,0.0022150813997114938
4943.0,48.08,48.08221508142188,0.002215081421880427
4944.0,48.08,48.08221508144396,0.0022150814439640953
4945.0,48.08,48.08221508146593,0.0022150814659340767
4946.0,48.08,48.08221508148784,0.0022150814878401093
4947.0,48.08,48.082215081509645,0.002215081509646666
4948.0,48.08,48.08221508153136,0.002215081531360852
4949.0,48.08,48.082215081552974,0.002215081552975562
4950.0,48.08,48.08221508157447,0.0022150815744694796
4951.0,48.08,48.0822150815959,0.0022150815958994485
4952.0,48.08,48.08221508161722,0.002215081617222836
4953.0,48.08,48.08221508163844,0.002215081638439642
4954.0,48.08,48.082215081659584,0.002215081659585394
4955.0,48.08,48.08221508168063,0.0022150816806316698
4956.0,48.08,48.08221508170158,0.0022150817015784696
4957.0,48.08,48.08221508172245,0.002215081722454215
4958.0,48.08,48.08221508174321,0.0022150817432091685
4959.0,48.08,48.0822150817639,0.002215081763900173
4960.0,48.08,48.08221508178447,0.002215081784470385
4961.0,48.08,48.08221508180498,0.002215081804983754
4962.0,48.08,48.08221508182539,0.0022150818253905413
4963.0,48.08,48.0822150818457,0.002215081845704958
4964.0,48.08,48.082215081865925,0.0022150818659270044
4965.0,48.08,48.082215081886076,0.0022150818860779964
4966.0,48.08,48.08221508190612,0.002215081906122407
4967.0,48.08,48.082215081926094,0.0022150819260957633
4968.0,48.08,48.08221508194598,0.0022150819459838544
4969.0,48.08,48.08221508196575,0.0022150819657511533
4970.0,48.08,48.08221508198545,0.0022150819854545034
4971.0,48.08,48.082215082005085,0.002215082005086799
4972.0,48.08,48.08221508202462,0.002215082024619619
4973.0,48.08,48.08221508204407,0.002215082044074279
4974.0,48.08,48.08221508206342,0.002215082063422358
4975.0,48.08,48.08221508208268,0.0022150820826851714
4976.0,48.08,48.08221508210188,0.002215082101884036
4977.0,48.08,48.08221508212099,0.0022150821209905303
4978.0,48.08,48.08221508214003,0.0022150821400330756
4979.0,48.08,48.082215082158974,0.002215082158976145
4980.0,48.08,48.08221508217781,0.002215082177812633
4981.0,48.08,48.0822150821966,0.0022150821965993828
4982.0,48.08,48.08221508221529,0.002215082215293762
4983.0,48.08,48.0822150822339,0.0022150822339028764
4984.0,48.08,48.08221508225242,0.00221508225241962
4985.0,48.08,48.08221508227088,0.0022150822708795204
4986.0,48.08,48.0822150822892,0.0022150822892044175
4987.0,48.08,48.08221508230753,0.0022150823075293147
4988.0,48.08,48.082215082325746,0.0022150823257476304
4989.0,48.08,48.08221508234384,0.002215082343845154
4990.0,48.08,48.0822150823619,0.002215082361900045
4991.0,48.08,48.082215082379875,0.002215082379876776
4992.0,48.08,48.08221508239774,0.0022150823977398204
4993.0,48.08,48.08221508241557,0.002215082415574443
4994.0,48.08,48.082215082433315,0.002215082433316695
4995.0,48.08,48.08221508245096,0.0022150824509594713
4996.0,48.08,48.082215082468515,0.0022150824685169823
4997.0,48.08,48.082215082486016,0.00221508248601765
4998.0,48.08,48.082215082503446,0.002215082503447263
4999.0,48.08,48.0822150825208,0.002215082520798717
5000.0,48.08,48.08221508253806,0.0022150825380649053
5001.0,48.08,48.08221508255524,0.002215082555238723
5002.0,48.08,48.08221508257238,0.0022150825723841194
5003.0,48.08,48.08221508258942,0.0022150825894229342
5004.0,48.08,48.082215082606375,0.002215082606376484
5005.0,48.08,48.082215082623286,0.002215082623287401
5006.0,48.08,48.08221508264012,0.0022150826401201584
5007.0,48.08,48.082215082656845,0.0022150826568463344
5008.0,48.08,48.082215082673514,0.002215082673515667
5009.0,48.08,48.08221508269012,0.0022150826901210507
5010.0,48.08,48.082215082706654,0.00221508270665538
5011.0,48.08,48.082215082723124,0.002215082723125761
5012.0,48.08,48.08221508273948,0.0022150827394824546
5013.0,48.08,48.082215082755816,0.002215082755817832
5014.0,48.08,48.08221508277203,0.0022150827720324173
5015.0,48.08,48.08221508278821,0.0022150827882114754
5016.0,48.08,48.082215082804304,0.0022150828043052684
5017.0,48.08,48.08221508282034,0.002215082820342218
5018.0,48.08,48.082215082836285,0.002215082836286797
5019.0,48.08,48.08221508285216,0.0022150828521603216
5020.0,48.08,48.082215082868004,0.0022150828680054246
5021.0,48.08,48.08221508288374,0.0022150828837439462
5022.0,48.08,48.08221508289944,0.0022150828994398353
5023.0,48.08,48.08221508291506,0.00221508291506467
5024.0,48.08,48.0822150829306,0.0022150829306042397
5025.0,48.08,48.082215082946085,0.002215082946086966
5026.0,48.08,48.08221508296149,0.0022150829614915324
5027.0,48.08,48.08221508297683,0.00221508297683215
5028.0,48.08,48.082215082992064,0.0022150829920661863
5029.0,48.08,48.08221508300727,0.002215083007271801
5030.0,48.08,48.082215083022426,0.0022150830224276774
5031.0,48.08,48.08221508303751,0.0022150830375124997
5032.0,48.08,48.08221508305249,0.0022150830524907406
5033.0,48.08,48.08221508306743,0.0022150830674334543
5034.0,48.08,48.08221508308229,0.002215083082290903
5035.0,48.08,48.082215083097125,0.002215083097127035
5036.0,48.08,48.08221508311184,0.0022150831118423753
5037.0,48.08,48.08221508312655,0.00221508312655061
5038.0,48.08,48.08221508314114,0.0022150831411451577
5039.0,48.08,48.08221508315569,0.0022150831556899675
5040.0,48.08,48.08221508317017,0.0022150831701708285
5041.0,48.08,48.082215083184614,0.0022150831846161623
5042.0,48.08,48.08221508319896,0.00221508319896202
5043.0,48.08,48.082215083213256,0.00221508321325814
5044.0,48.08,48.08221508322748,0.0022150832274832055
5045.0,48.08,48.08221508324166,0.002215083241658533
5046.0,48.08,48.08221508325576,0.0022150832557628064
5047.0,48.08,48.082215083269816,0.0022150832698173417
5048.0,48.08,48.0822150832838,0.0022150832838008228
5049.0,48.08,48.08221508329773,0.002215083297734566
5050.0,48.08,48.08221508331161,0.0022150833116114654
5051.0,48.08,48.08221508332541,0.0022150833254102054
5052.0,48.08,48.08221508333914,0.0022150833391449964
5053.0,48.08,48.08221508335283,0.0022150833528300495
5054.0,48.08,48.08221508336645,0.0022150833664511538
5055.0,48.08,48.08221508338,0.0022150833800012037
5056.0,48.08,48.08221508339352,0.002215083393522832
5057.0,48.08,48.08221508340697,0.002215083406973406
5058.0,48.08,48.08221508342035,0.0022150834203529257
5059.0,48.08,48.082215083433695,0.0022150834336969183
5060.0,48.08,48.082215083446954,0.0022150834469556457
5061.0,48.08,48.08221508346017,0.0022150834601717406
5062.0,48.08,48.08221508347334,0.002215083473345203
5063.0,48.08,48.08221508348644,0.0022150834864405056
5064.0,48.08,48.08221508349947,0.0022150834994718593
5065.0,48.08,48.08221508351245,0.002215083512453475
5066.0,48.08,48.082215083525355,0.002215083525356931
5067.0,48.08,48.08221508353823,0.0022150835382319656
5068.0,48.08,48.082215083551034,0.0022150835510359457
5069.0,48.08,48.082215083563774,0.002215083563775977
5070.0,48.08,48.08221508357649,0.002215083576494692
5071.0,48.08,48.082215083589126,0.0022150835891281417
5072.0,48.08,48.08221508360172,0.002215083601718959
5073.0,48.08,48.08221508361426,0.0022150836142600383
5074.0,48.08,48.08221508362673,0.0022150836267300633
5075.0,48.08,48.082215083639156,0.0022150836391574558
5076.0,48.08,48.08221508365154,0.0022150836515422156
5077.0,48.08,48.08221508366384,0.0022150836638417104
5078.0,48.08,48.082215083676104,0.002215083676105678
5079.0,48.08,48.082215083688304,0.002215083688305697
5080.0,48.08,48.08221508370047,0.0022150837004701884
5081.0,48.08,48.08221508371256,0.002215083712563626
5082.0,48.08,48.082215083724606,0.002215083724607325
5083.0,48.08,48.082215083736614,0.0022150837366154974
5084.0,48.08,48.08221508374854,0.0022150837485384045
5085.0,48.08,48.08221508376044,0.0022150837604399953
5086.0,48.08,48.08221508377227,0.002215083772270532
5087.0,48.08,48.082215083784064,0.0022150837840655413
5088.0,48.08,48.08221508379578,0.002215083795782391
5089.0,48.08,48.08221508380746,0.0022150838074637136
5090.0,48.08,48.08221508381911,0.002215083819109509
5091.0,48.08,48.08221508383069,0.0022150838306913556
5092.0,48.08,48.082215083842215,0.002215083842216359
5093.0,48.08,48.0822150838537,0.0022150838536987294
5094.0,48.08,48.08221508386513,0.002215083865131362
5095.0,48.08,48.08221508387649,0.0022150838764929404
5096.0,48.08,48.082215083887824,0.002215083887826097
5097.0,48.08,48.08221508389913,0.002215083899130832
5098.0,48.08,48.08221508391035,0.0022150839103503017
5099.0,48.08,48.082215083921525,0.002215083921527139
5100.0,48.08,48.08221508393266,0.0022150839326613436
5101.0,48.08,48.08221508394373,0.0022150839437315994
5102.0,48.08,48.08221508395475,0.0022150839547521173
5103.0,48.08,48.08221508396572,0.002215083965722897
5104.0,48.08,48.08221508397666,0.0022150839766652552
5105.0,48.08,48.08221508398754,0.0022150839875436645
5106.0,48.08,48.08221508399836,0.0022150839983652304
5107.0,48.08,48.082215084009164,0.00221508400916548
5108.0,48.08,48.08221508401989,0.0022150840198946753
5109.0,48.08,48.08221508403063,0.002215084030630976
5110.0,48.08,48.08221508404129,0.002215084041289117
5111.0,48.08,48.08221508405189,0.0022150840518904147
5112.0,48.08,48.08221508406247,0.002215084062470396
5113.0,48.08,48.08221508407297,0.0022150840729722177
5114.0,48.08,48.0822150840834,0.002215084083402985
5115.0,48.08,48.08221508409385,0.0022150840938550687
5116.0,48.08,48.08221508410422,0.002215084104221887
5117.0,48.08,48.08221508411454,0.0022150841145389677
5118.0,48.08,48.08221508412483,0.002215084124834732
5119.0,48.08,48.082215084135086,0.0022150841350878636
5120.0,48.08,48.08221508414526,0.0022150841452628356
5121.0,48.08,48.0822150841554,0.0022150841554022804
5122.0,48.08,48.08221508416548,0.002215084165484882
5123.0,48.08,48.08221508417557,0.0022150841755745887
5124.0,48.08,48.08221508418558,0.0022150841855790304
5125.0,48.08,48.08221508419555,0.0022150841955550504
5126.0,48.08,48.08221508420548,0.0022150842054813324
5127.0,48.08,48.08221508421538,0.0022150842153791928
5128.0,48.08,48.08221508422522,0.0022150842252202096
5129.0,48.08,48.08221508423502,0.002215084235018594
5130.0,48.08,48.08221508424479,0.0022150842447885566
5131.0,48.08,48.082215084254514,0.0022150842545158866
5132.0,48.08,48.082215084264185,0.0022150842641863733
5133.0,48.08,48.0822150842738,0.0022150842738000165
5134.0,48.08,48.08221508428339,0.0022150842833923434
5135.0,48.08,48.08221508429294,0.002215084292942038
5136.0,48.08,48.08221508430244,0.002215084302441994
5137.0,48.08,48.0822150843119,0.002215084311899318
5138.0,48.08,48.08221508432131,0.0022150843213140092
5139.0,48.08,48.08221508433069,0.0022150843306931733
5140.0,48.08,48.082215084340014,0.002215084340015494
5141.0,48.08,48.082215084349315,0.0022150843493164984
5142.0,48.08,48.08221508435858,0.0022150843585819757
5143.0,48.08,48.082215084367796,0.002215084367797715
5144.0,48.08,48.082215084376955,0.002215084376956611
5145.0,48.08,48.08221508438608,0.0022150843860799796
5146.0,48.08,48.08221508439517,0.0022150843951749266
5147.0,48.08,48.082215084404226,0.002215084404227241
5148.0,48.08,48.08221508441325,0.002215084413251134
5149.0,48.08,48.08221508442224,0.0022150844222394994
5150.0,48.08,48.08221508443117,0.0022150844311710216
5151.0,48.08,48.082215084440065,0.0022150844400670167
5152.0,48.08,48.082215084448926,0.0022150844489274846
5153.0,48.08,48.08221508445775,0.0022150844577524254
5154.0,48.08,48.082215084466526,0.002215084466527628
5155.0,48.08,48.08221508447528,0.0022150844752815146
5156.0,48.08,48.082215084483984,0.002215084483985663
5157.0,48.08,48.082215084492624,0.002215084492625863
5158.0,48.08,48.08221508450125,0.0022150845012518516
5159.0,48.08,48.082215084509826,0.0022150845098281025
5160.0,48.08,48.082215084518396,0.002215084518397248
5161.0,48.08,48.08221508452693,0.002215084526930866
5162.0,48.08,48.082215084535385,0.0022150845353863247
5163.0,48.08,48.08221508454383,0.002215084543834678
5164.0,48.08,48.082215084552246,0.0022150845522475038
5165.0,48.08,48.08221508456058,0.00221508456058217
5166.0,48.08,48.08221508456893,0.002215084568931047
5167.0,48.08,48.082215084577214,0.0022150845772159755
5168.0,48.08,48.08221508458547,0.002215084585472482
5169.0,48.08,48.0822150845937,0.002215084593700567
5170.0,48.08,48.08221508460187,0.0022150846018718084
5171.0,48.08,48.08221508461004,0.00221508461004305
5172.0,48.08,48.082215084618156,0.002215084618157448
5173.0,48.08,48.08221508462624,0.0022150846262434243
5174.0,48.08,48.08221508463428,0.0022150846342796626
5175.0,48.08,48.0822150846423,0.00221508464230169
5176.0,48.08,48.08221508465027,0.0022150846502739796
5177.0,48.08,48.082215084658195,0.002215084658196531
5178.0,48.08,48.0822150846661,0.0022150846661048718
5179.0,48.08,48.082215084674004,0.002215084674006107
5180.0,48.08,48.08221508468181,0.0022150846818149716
5181.0,48.08,48.0822150846896,0.00221508468960252
5182.0,48.08,48.08221508469738,0.002215084697382963
5183.0,48.08,48.08221508470511,0.002215084705113668
5184.0,48.08,48.0822150847128,0.0022150847128017404
5185.0,48.08,48.08221508472047,0.0022150847204684965
5186.0,48.08,48.082215084728105,0.002215084728106831
5187.0,48.08,48.08221508473568,0.0022150847356812164
5188.0,48.08,48.082215084743254,0.002215084743255602
5189.0,48.08,48.0822150847508,0.002215084750801566
5190.0,48.08,48.08221508475829,0.0022150847582906863
5191.0,48.08,48.082215084765764,0.002215084765765596
5192.0,48.08,48.08221508477318,0.002215084773183662
5193.0,48.08,48.08221508478057,0.0022150847805733065
5194.0,48.08,48.08221508478794,0.0022150847879416347
5195.0,48.08,48.08221508479528,0.002215084795281541
5196.0,48.08,48.08221508480258,0.002215084802578815
5197.0,48.08,48.08221508480984,0.0022150848098405618
5198.0,48.08,48.082215084817065,0.0022150848170667814
5199.0,48.08,48.08221508482429,0.002215084824293001
5200.0,48.08,48.082215084831454,0.002215084831455272
5201.0,48.08,48.08221508483858,0.0022150848385820154
5202.0,48.08,48.0822150848457,0.0022150848457016536
5203.0,48.08,48.082215084852784,0.0022150848527857647
5204.0,48.08,48.082215084859826,0.0022150848598272432
5205.0,48.08,48.08221508486686,0.0022150848668616163
5206.0,48.08,48.08221508487385,0.002215084873853357
5207.0,48.08,48.082215084880815,0.0022150848808166756
5208.0,48.08,48.082215084887736,0.002215084887737362
5209.0,48.08,48.08221508489462,0.002215084894622521
5210.0,48.08,48.08221508490148,0.0022150849014792584
5211.0,48.08,48.08221508490833,0.0022150849083288904
5212.0,48.08,48.08221508491513,0.0022150849151287844
5213.0,48.08,48.08221508492191,0.0022150849219144675
5214.0,48.08,48.08221508492865,0.0022150849286504126
5215.0,48.08,48.08221508493534,0.002215084935343725
5216.0,48.08,48.08221508494206,0.002215084942058354
5217.0,48.08,48.08221508494872,0.002215084948723245
5218.0,48.08,48.08221508495534,0.0022150849553383978
5219.0,48.08,48.082215084961945,0.0022150849619464452
5220.0,48.08,48.08221508496851,0.00221508496851186
5221.0,48.08,48.082215084975076,0.002215084975077275
5222.0,48.08,48.082215084981556,0.0022150849815574247
5223.0,48.08,48.08221508498805,0.0022150849880517853
5224.0,48.08,48.08221508499451,0.002215084994510619
5225.0,48.08,48.08221508500094,0.0022150850009410306
5226.0,48.08,48.082215085007334,0.002215085007335915
5227.0,48.08,48.08221508501369,0.0022150850136881672
5228.0,48.08,48.082215085020046,0.0022150850200475247
5229.0,48.08,48.082215085026355,0.002215085026357144
5230.0,48.08,48.082215085032644,0.0022150850326454474
5231.0,48.08,48.08221508503891,0.0022150850389124344
5232.0,48.08,48.08221508504512,0.002215085045122578
5233.0,48.08,48.082215085051345,0.0022150850513469322
5234.0,48.08,48.08221508505752,0.0022150850575215486
5235.0,48.08,48.08221508506364,0.0022150850636393216
5236.0,48.08,48.082215085069784,0.0022150850697855162
5237.0,48.08,48.08221508507587,0.0022150850758748675
5238.0,48.08,48.082215085081955,0.0022150850819571133
5239.0,48.08,48.082215085088,0.002215085088003832
5240.0,48.08,48.082215085094035,0.00221508509403634
5241.0,48.08,48.08221508510004,0.002215085100040426
5242.0,48.08,48.082215085106,0.0022150851060018795
5243.0,48.08,48.08221508511195,0.002215085111949122
5244.0,48.08,48.08221508511785,0.0022150851178537323
5245.0,48.08,48.08221508512374,0.0022150851237441316
5246.0,48.08,48.082215085129604,0.002215085129606109
5247.0,48.08,48.082215085135445,0.0022150851354467704
5248.0,48.08,48.08221508514124,0.002215085141244799
5249.0,48.08,48.082215085147034,0.0022150851470357225
5250.0,48.08,48.0822150851528,0.002215085152798224
5251.0,48.08,48.08221508515851,0.0022150851585109876
5252.0,48.08,48.08221508516423,0.0022150851642308567
5253.0,48.08,48.08221508516991,0.0022150851699151985
5254.0,48.08,48.08221508517555,0.0022150851755498024
5255.0,48.08,48.08221508518119,0.0022150851811915118
5256.0,48.08,48.082215085186796,0.002215085186797694
5257.0,48.08,48.08221508519239,0.0022150851923896653
5258.0,48.08,48.082215085197944,0.0022150851979461095
5259.0,48.08,48.082215085203515,0.0022150852035167645
5260.0,48.08,48.082215085209,0.0022150852090021544
5261.0,48.08,48.082215085214486,0.0022150852144875444
5262.0,48.08,48.08221508521996,0.0022150852199587234
5263.0,48.08,48.0822150852254,0.002215085225401481
5264.0,48.08,48.0822150852308,0.0022150852308016056
5265.0,48.08,48.08221508523621,0.002215085236208836
5266.0,48.08,48.08221508524156,0.0022150852415592226
5267.0,48.08,48.082215085246915,0.002215085246916715
5268.0,48.08,48.08221508525223,0.0022150852522315745
5269.0,48.08,48.082215085257516,0.0022150852575180124
5270.0,48.08,48.0822150852628,0.0022150852628044504
5271.0,48.08,48.08221508526804,0.0022150852680411504
5272.0,48.08,48.08221508527328,0.0022150852732849557
5273.0,48.08,48.08221508527848,0.002215085278479023
5274.0,48.08,48.082215085283664,0.002215085283665985
5275.0,48.08,48.082215085288816,0.00221508528881742
5276.0,48.08,48.08221508529394,0.002215085293940433
5277.0,48.08,48.08221508529905,0.0022150852990492353
5278.0,48.08,48.08221508530416,0.002215085304165143
5279.0,48.08,48.08221508530922,0.0022150853092242073
5280.0,48.08,48.08221508531426,0.0022150853142619553
5281.0,48.08,48.082215085319284,0.0022150853192854925
5282.0,48.08,48.08221508532429,0.0022150853242948187
5283.0,48.08,48.08221508532928,0.0022150853292828288
5284.0,48.08,48.082215085334255,0.002215085334256628
5285.0,48.08,48.08221508533919,0.0022150853391949
5286.0,48.08,48.0822150853441,0.0022150853441047502
5287.0,48.08,48.08221508534902,0.002215085349021706
5288.0,48.08,48.08221508535388,0.0022150853538818183
5289.0,48.08,48.082215085358726,0.0022150853587277197
5290.0,48.08,48.08221508536356,0.0022150853635594103
5291.0,48.08,48.08221508536836,0.0022150853683626792
5292.0,48.08,48.082215085373136,0.0022150853731375264
5293.0,48.08,48.082215085377904,0.002215085377905268
5294.0,48.08,48.082215085382636,0.0022150853826374828
5295.0,48.08,48.08221508538739,0.0022150853873910137
5296.0,48.08,48.08221508539209,0.0022150853920948066
5297.0,48.08,48.082215085396754,0.002215085396755967
5298.0,48.08,48.082215085401415,0.0022150854014171273
5299.0,48.08,48.08221508540609,0.0022150854060924985
5300.0,48.08,48.082215085410695,0.0022150854106968154
5301.0,48.08,48.08221508541529,0.002215085415294027
5302.0,48.08,48.082215085419904,0.0022150854199054493
5303.0,48.08,48.08221508542446,0.002215085424460028
5304.0,48.08,48.082215085429,0.0022150854290003963
5305.0,48.08,48.08221508543353,0.002215085433533659
5306.0,48.08,48.08221508543804,0.0022150854380385
5307.0,48.08,48.08221508544252,0.0022150854425220246
5308.0,48.08,48.08221508544699,0.0022150854469913384
5309.0,48.08,48.082215085451416,0.0022150854514180196
5310.0,48.08,48.08221508545584,0.002215085455844701
5311.0,48.08,48.08221508546028,0.0022150854602784875
5312.0,48.08,48.08221508546464,0.00221508546464122
5313.0,48.08,48.08221508546899,0.0022150854689897415
5314.0,48.08,48.08221508547335,0.002215085473352474
5315.0,48.08,48.082215085477685,0.0022150854776867845
5316.0,48.08,48.082215085481984,0.002215085481985568
5317.0,48.08,48.08221508548629,0.002215085486291457
5318.0,48.08,48.082215085490546,0.002215085490547608
5319.0,48.08,48.08221508549482,0.0022150854948250753
5320.0,48.08,48.08221508549906,0.00221508549905991
5321.0,48.08,48.082215085503265,0.002215085503266323
5322.0,48.08,48.08221508550747,0.002215085507472736
5323.0,48.08,48.08221508551163,0.002215085511629411
5324.0,48.08,48.08221508551579,0.0022150855157931915
5325.0,48.08,48.082215085519934,0.0022150855199356556
5326.0,48.08,48.08221508552404,0.0022150855240425926
5327.0,48.08,48.082215085528176,0.0022150855281779513
5328.0,48.08,48.08221508553225,0.0022150855322493612
5329.0,48.08,48.082215085536326,0.0022150855363278765
5330.0,48.08,48.082215085540376,0.00221508554037797
5331.0,48.08,48.082215085544405,0.0022150855444067474
5332.0,48.08,48.08221508554843,0.0022150855484284193
5333.0,48.08,48.08221508555242,0.0022150855524216695
5334.0,48.08,48.08221508555642,0.002215085556422025
5335.0,48.08,48.08221508556037,0.0022150855603726427
5336.0,48.08,48.08221508556433,0.0022150855643303657
5337.0,48.08,48.082215085568265,0.0022150855682667725
5338.0,48.08,48.08221508557217,0.0022150855721747575
5339.0,48.08,48.08221508557608,0.0022150855760827426
5340.0,48.08,48.08221508557993,0.0022150855799338842
5341.0,48.08,48.082215085583805,0.002215085583806342
5342.0,48.08,48.08221508558766,0.002215085587664589
5343.0,48.08,48.082215085591464,0.002215085591465993
5344.0,48.08,48.08221508559529,0.0022150855952887127
5345.0,48.08,48.0822150855991,0.0022150855991043272
5346.0,48.08,48.082215085602854,0.002215085602855993
5347.0,48.08,48.08221508560662,0.0022150856066218694
5348.0,48.08,48.08221508561037,0.002215085610373535
5349.0,48.08,48.082215085614095,0.002215085614096779
5350.0,48.08,48.08221508561782,0.002215085617820023
5351.0,48.08,48.0822150856215,0.0022150856215006343
5352.0,48.08,48.08221508562517,0.00221508562517414
5353.0,48.08,48.08221508562882,0.0022150856288192244
5354.0,48.08,48.082215085632505,0.0022150856325069412
5355.0,48.08,48.08221508563612,0.0022150856361236038
5356.0,48.08,48.082215085639746,0.0022150856397473717
5357.0,48.08,48.08221508564333,0.002215085643328507
5358.0,48.08,48.0822150856469,0.002215085646902537
5359.0,48.08,48.082215085650496,0.0022150856504978833
5360.0,48.08,48.08221508565404,0.0022150856540434916
5361.0,48.08,48.0822150856576,0.0022150856576033107
5362.0,48.08,48.082215085661105,0.0022150856611062864
5363.0,48.08,48.082215085664615,0.0022150856646163675
5364.0,48.08,48.08221508566809,0.0022150856680909214
5365.0,48.08,48.082215085671564,0.0022150856715654754
5366.0,48.08,48.082215085675024,0.0022150856750258185
5367.0,48.08,48.08221508567846,0.0022150856784648454
5368.0,48.08,48.08221508568189,0.0022150856818896614
5369.0,48.08,48.082215085685306,0.002215085685307372
5370.0,48.08,48.0822150856887,0.002215085688703766
5371.0,48.08,48.0822150856921,0.0022150856921001605
5372.0,48.08,48.08221508569545,0.002215085695453922
5373.0,48.08,48.08221508569881,0.0022150856988147893
5374.0,48.08,48.08221508570215,0.00221508570215434
5375.0,48.08,48.08221508570548,0.00221508570547968
5376.0,48.08,48.08221508570881,0.0022150857088121256
5377.0,48.08,48.0822150857121,0.0022150857121019385
5378.0,48.08,48.08221508571539,0.0022150857153917514
5379.0,48.08,48.08221508571866,0.002215085718660248
5380.0,48.08,48.08221508572191,0.0022150857219145337
5381.0,48.08,48.082215085725146,0.002215085725147503
5382.0,48.08,48.08221508572836,0.0022150857283591563
5383.0,48.08,48.082215085731576,0.002215085731577915
5384.0,48.08,48.08221508573478,0.0022150857347824626
5385.0,48.08,48.08221508573796,0.0022150857379585887
5386.0,48.08,48.082215085741126,0.0022150857411276093
5387.0,48.08,48.08221508574428,0.002215085744282419
5388.0,48.08,48.082215085747436,0.0022150857474372287
5389.0,48.08,48.082215085750576,0.0022150857505778276
5390.0,48.08,48.08221508575366,0.002215085753661583
5391.0,48.08,48.08221508575676,0.0022150857567595494
5392.0,48.08,48.082215085759834,0.0022150857598361995
5393.0,48.08,48.08221508576291,0.0022150857629128495
5394.0,48.08,48.082215085765974,0.0022150857659752887
5395.0,48.08,48.08221508576902,0.002215085769023517
5396.0,48.08,48.08221508577206,0.00221508577206464
5397.0,48.08,48.08221508577506,0.0022150857750631303
5398.0,48.08,48.082215085778074,0.0022150857780758315
5399.0,48.08,48.08221508578107,0.002215085781074322
5400.0,48.08,48.08221508578406,0.0022150857840586013
