left_node_id,right_node_id,baseline_length_m,adjusted_length_m,relative_change,absolute_relative_change
A0,B1,10.393036028033388,10.390588920612716,-0.00023545645507927482,0.00023545645507927482
A0,C1,10.392815226395589,10.390683003190949,-0.00020516319766994418,0.00020516319766994418
A0,D1,10.392555462445221,10.392364092173048,-1.8414168956315535e-05,1.8414168956315535e-05
A0,E1,10.392815226395589,10.39356001574734,7.16638692719318e-05,7.16638692719318e-05
A0,A1,10.393036028033388,10.391625240144764,-0.00013574357722023755,0.00013574357722023755
B1,C1,12.21588285839382,12.211307367818813,-0.0003745525909216729,0.0003745525909216729
B1,A1,12.2156,12.212327086889077,-0.00026792896877125827,0.00026792896877125827
B1,A3,10.398797888698482,10.394115550383036,-0.0004502768844593108,0.0004502768844593108
B1,B2,10.393149578929378,10.387585041987357,-0.000535404296817088,0.000535404296817088
B1,B3,10.398550891831032,10.39327985941107,-0.0005069006705639145,0.0005069006705639145
C1,D1,12.21557036286067,12.214475255591855,-8.964847618941896e-05,8.964847618941896e-05
C1,B3,10.398545664659071,10.3940406802514,-0.0004332321608185863,0.0004332321608185863
C1,C2,10.3927929172095,10.388481103237911,-0.0004148850079027655,0.0004148850079027655
C1,C3,10.398081408606108,10.395527611868904,-0.00024560268734685753,0.00024560268734685753
D1,E1,12.21557036286067,12.217114479587458,0.00012640561847865328,0.00012640561847865328
D1,C3,10.398455495408921,10.398051548597843,-3.884680866850232e-05,3.884680866850232e-05
D1,D2,10.392991379290178,10.394331434008524,0.00012893830750360102,0.00012893830750360102
D1,D3,10.398455495408921,10.401089404050616,0.0002532980636267279,0.0002532980636267279
E1,A1,12.21588285839382,12.21650915821235,5.126930454313339e-05,5.126930454313339e-05
E1,D3,10.398081408606108,10.401107270304124,0.0002910019242117201,0.0002910019242117201
E1,E2,10.3927929172095,10.396509787887725,0.0003576392513382487,0.0003576392513382487
E1,E3,10.398545664659071,10.40020057719122,0.00015914846032472063,0.00015914846032472063
A1,A3,10.398797888698482,10.396001328861601,-0.0002689310694191649,0.0002689310694191649
A1,E3,10.398550891831032,10.398783236803226,2.2343976060712478e-05,2.2343976060712478e-05
A1,A2,10.393149578929378,10.391170424429975,-0.0001904287515900327,0.0001904287515900327
A3,B2,12.210922626894332,12.203969370753677,-0.0005694292194875494,0.0005694292194875494
A3,A2,12.210922626894332,12.206821595282413,-0.00033584944702591546,0.00033584944702591546
A3,A5,10.420920084618247,10.415626699362981,-0.0005079575711437467,0.0005079575711437467
A3,A6,10.420920084618247,10.41504752374096,-0.0005635357367298477,0.0005635357367298477
B2,B3,12.211311783751981,12.203349731551711,-0.0006520226771102866,0.0006520226771102866
B2,A6,10.415320988332526,10.408030364026956,-0.0006999903616736747,0.0006999903616736747
B2,B4,10.39238180832479,10.385107241059144,-0.0006999903775494198,0.0006999903775494198
B2,B5,10.415570857615055,10.408280058175661,-0.000699990383538518,0.000699990383538518
B3,C2,12.210762392250535,12.203726732188024,-0.0005761851583465649,0.0005761851583465649
B3,B5,10.42079645180732,10.414011526868492,-0.0006510946615457813,0.0006510946615457813
B3,B6,10.420777334249111,10.413992411798313,-0.0006510956172625093,0.0006510956172625093
C2,C3,12.21080012939365,12.206835600505269,-0.0003246739645536012,0.0003246739645536012
C2,B6,10.415653308842419,10.409268570563484,-0.00061299450832486,0.00061299450832486
C2,C4,10.39264132355197,10.386271465529939,-0.0006129200290589942,0.0006129200290589942
C2,C5,10.414906081189596,10.409821148418835,-0.0004882360658003959,0.0004882360658003959
C3,D2,12.211136508941335,12.21166267673575,4.308917470785545e-05,4.308917470785545e-05
C3,C5,10.42089446064972,10.417932794742121,-0.00028420457752276196,0.00028420457752276196
C3,C6,10.421480391959676,10.420120255038643,-0.00013051283213871834,0.00013051283213871834
D2,D3,12.211136508941335,12.214647956958403,0.0002875611139467882,0.0002875611139467882
D2,C6,10.415355663634346,10.416201603389053,8.122043855518513e-05,8.122043855518513e-05
D2,D4,10.392851429708788,10.395181256449941,0.00022417589214196454,0.00022417589214196454
D2,D5,10.415355663634346,10.419301932875703,0.0003788895328016295,0.0003788895328016295
D3,E2,12.21080012939365,12.21592092876493,0.00041936640654305357,0.00041936640654305357
D3,D5,10.421480391959676,10.426036766059337,0.0004372098711786787,0.0004372098711786787
D3,D6,10.42089446064972,10.426502210918342,0.0005381256176997251,0.0005381256176997251
E2,E3,12.210762392250535,12.214806841816028,0.0003312200692775491,0.0003312200692775491
E2,D6,10.414906081189596,10.42082186009699,0.0005680107781362853,0.0005680107781362853
E2,E4,10.39264132355197,10.398907804836739,0.0006029729199417133,0.0006029729199417133
E2,E5,10.415653308842419,10.420092993982482,0.0004262512401689289,0.0004262512401689289
E3,A2,12.211311783751981,12.211165003199897,-1.2020047860827887e-05,1.2020047860827887e-05
E3,E5,10.420777334249111,10.423722494841229,0.000282623886649791,0.000282623886649791
E3,E6,10.42079645180732,10.421617506592554,7.879002233956989e-05,7.879002233956989e-05
A2,A5,10.415320988332526,10.41166345831073,-0.0003511682478046785,0.0003511682478046785
A2,E6,10.415570857615055,10.41471002716413,-8.264841770966314e-05,8.264841770966314e-05
A2,A4,10.39238180832479,10.389355847381983,-0.0002911710711381854,0.0002911710711381854
A5,A6,12.2158,12.208244883682893,-0.0006184708588146126,0.0006184708588146126
A5,A4,12.19648046446187,12.191054577827082,-0.00044487314603569583,0.00044487314603569583
A5,A8,10.39846164103133,10.39221621256873,-0.0006006108093871143,0.0006006108093871143
A5,A9,10.415633654271828,10.409218432615985,-0.0006159223594823793,0.0006159223594823793
A6,B4,12.19648046446187,12.18794305902766,-0.0006999892681405218,0.0006999892681405218
A6,A9,10.415633654271828,10.408342810733275,-0.0006999903971816046,0.0006999903971816046
A6,A10,10.39846164103133,10.391182817867394,-0.0006999903846560684,0.0006999903846560684
B4,B5,12.196667156235756,12.188129619856504,-0.0006999892896878412,0.0006999892896878412
B4,A10,10.421409736691098,10.41411484991536,-0.0006999904005361435,0.0006999904005361435
B4,B7,10.393292748691342,10.386017543726329,-0.0006999903823482478,0.0006999903823482478
B4,B8,10.420861199536247,10.413566696975142,-0.000699990377132198,0.000699990377132198
B5,B6,12.214900901767479,12.206350601905214,-0.0006999892943074792,0.0006999892943074792
B5,B8,10.39895719868103,10.391678028647464,-0.0006999903831212961,0.0006999903831212961
B5,B9,10.415144282245922,10.4078537812429,-0.000699990399119943,0.000699990399119943
B6,C4,12.196401738627669,12.187864387815084,-0.0006999893079567832,0.0006999893079567832
B6,B9,10.415240401450172,10.40794983318133,-0.0006999903975165589,0.0006999903975165589
B6,B10,10.398502698465773,10.391223846564843,-0.000699990384385174,0.000699990384385174
C4,C5,12.196559175439603,12.189857142578656,-0.0005495019344835539,0.0005495019344835539
C4,B10,10.420850923988885,10.413556428381757,-0.0006999904000485335,0.0006999904000485335
C4,C7,10.393130875727486,10.385855784075313,-0.0006999903820286146,0.0006999903820286146
C4,C8,10.421907658869369,10.414672354387113,-0.0006942399337129812,0.0006942399337129812
C5,C6,12.216239062821257,12.213491077422121,-0.0002249452867617574,0.0002249452867617574
C5,C8,10.398715488462985,10.393115280942196,-0.0005385480088384575,0.0005385480088384575
C5,C9,10.416138008398313,10.41192980199738,-0.00040400831839415563,0.00040400831839415563
C6,D4,12.196406410086537,12.197889083348983,0.00012156640346283609,0.00012156640346283609
C6,C9,10.415405659406645,10.413377573570342,-0.00019471981242236147,0.00019471981242236147
C6,C10,10.39825584653503,10.397605995337768,-6.249617309406208e-05,6.249617309406208e-05
D4,D5,12.196406410086537,12.201188581475973,0.0003920967560970823,0.0003920967560970823
D4,C10,10.420905638666921,10.422419849027058,0.00014530506393972686,0.00014530506393972686
D4,D7,10.392106868195688,10.394820803039897,0.0002611534772141155,0.0002611534772141155
D4,D8,10.420905638666921,10.42548259937954,0.0004392094959229098,0.0004392094959229098
D5,D6,12.216239062821257,12.223271412173661,0.0005756558394314215,0.0005756558394314215
D5,D8,10.39825584653503,10.403692026993667,0.0005227973362906813,0.0005227973362906813
D5,D9,10.415405659406645,10.421803437653574,0.0006142610721218134,0.0006142610721218134
D6,E4,12.196559175439603,12.204746454795776,0.0006712777955162341,0.0006712777955162341
D6,D9,10.416138008398313,10.423153361888538,0.0006735081164024326,0.0006735081164024326
D6,D10,10.398715488462985,10.405719228709701,0.0006735197490965739,0.0006735197490965739
E4,E5,12.196401738627669,12.203344173793472,0.0005692199481930338,0.0005692199481930338
E4,D10,10.421907658869369,10.429184520667148,0.0006982274297533397,0.0006982274297533397
E4,E7,10.393130875727486,10.400387646216558,0.0006982275674041194,0.0006982275674041194
E4,E8,10.420850923988885,10.42758066301644,0.0006457955378733615,0.0006457955378733615
E5,E6,12.214900901767479,12.21783099229237,0.00023987837056194117,0.00023987837056194117
E5,E8,10.398502698465773,10.403708391977144,0.0005006195278614012,0.0005006195278614012
E5,E9,10.415240401450172,10.41855635583167,0.00031837521302313654,0.00031837521302313654
E6,A4,12.196667156235756,12.19509611232387,-0.00012880927976155476,0.00012880927976155476
E6,E9,10.415144282245922,10.416674801628163,0.0001469513374721121,0.0001469513374721121
E6,E10,10.39895719868103,10.398403549216182,-5.3240863893355694e-05,5.3240863893355694e-05
A4,A8,10.421409736691098,10.416473728663993,-0.0004736411053608558,0.0004736411053608558
A4,E10,10.420861199536247,10.418426313548911,-0.00023365496773375405,0.00023365496773375405
A4,A7,10.393292748691342,10.388825951043055,-0.0004297769490665404,0.0004297769490665404
A8,A9,12.191710227855648,12.183419820648604,-0.0006800036296877865,0.0006800036296877865
A8,A7,12.19168570050918,12.184564400834036,-0.0005841111598575699,0.0005841111598575699
A8,A12,10.511889301643162,10.504742792389285,-0.0006798501248257427,0.0006798501248257427
A8,A13,10.488569156944147,10.481438583512045,-0.0006798423431646494,0.0006798423431646494
A9,A10,12.191710227855648,12.183176133968958,-0.0006999915292598136,0.0006999915292598136
A9,A13,10.505530952788636,10.498177181102049,-0.0006999904830735648,0.0006999904830735648
A9,A14,10.505530952788636,10.49817718112603,-0.0006999904807908353,0.0006999904807908353
A10,B7,12.19168570050918,12.183151624168966,-0.0006999914982926958,0.0006999914982926958
A10,A14,10.488569156944147,10.481227258508593,-0.0006999904682606362,0.0006999904682606362
A10,A15,10.511889301643162,10.504531079217895,-0.0006999904787922118,0.0006999904787922118
B7,B8,12.191857145652587,12.183322949585406,-0.000699991475066164,0.000699991475066164
B7,A15,10.483239230791217,10.475901063333506,-0.0006999904605970997,0.0006999904605970997
B7,B11,10.392637228826954,10.385362482768693,-0.0006999903776186978,0.0006999903776186978
B7,B12,10.483178606701308,10.475840481712304,-0.0006999904575043514,0.0006999904575043514
B8,B9,12.1916497095348,12.183115658530694,-0.000699991486585505,0.000699991486585505
B8,B12,10.511749848621776,10.504391724090524,-0.0006999904523237177,0.0006999904523237177
B8,B13,10.48878371023066,10.481441661626423,-0.0006999904666806778,0.0006999904666806778
B9,B10,12.19153241926543,12.182998450325279,-0.000699991489721663,0.000699991489721663
B9,B13,10.505905849568617,10.498551815461651,-0.0006999904827119652,0.0006999904827119652
B9,B14,10.506197057451379,10.498842819516772,-0.0006999904812741153,0.0006999904812741153
B10,C7,12.192487796180071,12.183953158868025,-0.0006999914582419553,0.0006999914582419553
B10,B14,10.488179041187275,10.480837415830377,-0.0006999904681324054,0.0006999904681324054
B10,B15,10.511973826546564,10.504615545282947,-0.0006999904475631924,0.0006999904475631924
C7,C8,12.191687776924079,12.183223605617636,-0.0006942575516462046,0.0006942575516462046
C7,B15,10.483326592737633,10.47598836445303,-0.0006999904295346138,0.0006999904295346138
C7,C11,10.392605627079288,10.385330903179572,-0.0006999903739982605,0.0006999903739982605
C7,C12,10.482656904144102,10.47531914614596,-0.0006999902854056828,0.0006999902854056828
C8,C9,12.191694371169252,12.18560114995054,-0.000499784610178744,0.000499784610178744
C8,C12,10.511593656529914,10.504296069442733,-0.000694241741607704,0.000694241741607704
C8,C13,10.488413234136038,10.481408268240381,-0.0006678766119605495,0.0006678766119605495
C9,C10,12.19161857178939,12.189508160101886,-0.00017310348704535627,0.00017310348704535627
C9,C13,10.50588533013758,10.500854102387093,-0.000478896122733663,0.000478896122733663
C9,C14,10.506036587124564,10.50224336901096,-0.0003610512948576394,0.0003610512948576394
C10,D7,12.191300990870499,12.193010579734446,0.00014023022360198922,0.00014023022360198922
C10,C14,10.488987806742841,10.487346508498618,-0.00015647822978381853,0.00015647822978381853
C10,C15,10.511827249817225,10.511329454926637,-4.735569551872487e-05,4.735569551872487e-05
D7,D8,12.191300990870499,12.196567965198135,0.0004320272571056716,0.0004320272571056716
D7,C15,10.48333735315238,10.484878307846733,0.00014699085247782406,0.00014699085247782406
D7,D11,10.393703794124598,10.396169541423529,0.00023723470937531133,0.00023723470937531133
D7,D12,10.48333735315238,10.48784391415023,0.0004298784677090328,0.0004298784677090328
D8,D9,12.19161857178939,12.199320933177539,0.0006317751283633211,0.0006317751283633211
D8,D12,10.511827249817225,10.517530199983511,0.0005425270060812615,0.0005425270060812615
D8,D13,10.488987806742841,10.495639998550852,0.0006342072209992722,0.0006342072209992722
D9,D10,12.191694371169252,12.20022845714163,0.0006999917905226027,0.0006999917905226027
D9,D13,10.506036587124564,10.513390712739374,0.0006999904820266245,0.0006999904820266245
D9,D14,10.50588533013758,10.5132393498705,0.0006999904816991087,0.0006999904816991087
D10,E7,12.191687776924079,12.20022185622012,0.0006999916215204571,0.0006999916215204571
D10,D14,10.488413234136038,10.495755023407337,0.0006999904663751444,0.0006999904663751444
D10,D15,10.511593656529914,10.518951671680544,0.0006999904477906771,0.0006999904477906771
E7,E8,12.192487796180071,12.20036943253763,0.000646433811484215,0.000646433811484215
E7,D15,10.482656904144102,10.48999466223891,0.0006999902946271952,0.0006999902946271952
E7,E11,10.392605627079288,10.399880351021238,0.0006999903780622319,0.0006999903780622319
E7,E12,10.483326592737633,10.490664821348663,0.0006999904606723728,0.0006999904606723728
E8,E9,12.19153241926543,12.196989160087492,0.00044758449015303015,0.00044758449015303015
E8,E12,10.511973826546564,10.518783720621904,0.0006478225866719534,0.0006478225866719534
E8,E13,10.488179041187275,10.493517304012313,0.0005089789947401169,0.0005089789947401169
E9,E10,12.1916497095348,12.192748483761214,9.012514734196841e-05,9.012514734196841e-05
E9,E13,10.506197057451379,10.509706542396149,0.0003340395126398832,0.0003340395126398832
E9,E14,10.505905849568617,10.507520213818971,0.00015366254690163395,0.00015366254690163395
E10,A7,12.191857145652587,12.18832407925902,-0.0002897890248678703,0.0002897890248678703
E10,E14,10.48878371023066,10.488368275013102,-3.960756833543133e-05,3.960756833543133e-05
E10,E15,10.511749848621776,10.50934952058275,-0.00022834714234942766,0.00022834714234942766
A7,A12,10.483239230791217,10.4769875375358,-0.000596351291598296,0.000596351291598296
A7,E15,10.483178606701308,10.478786558988746,-0.0004189614502756456,0.0004189614502756456
A7,A11,10.392637228826954,10.386468275358524,-0.0005935888391561672,0.0005935888391561672
A12,A13,12.19657583135529,12.188038359422682,-0.0006999892470359592,0.0006999892470359592
A12,A11,12.138737557917633,12.130283575085402,-0.0006964466273279291,0.0006964466273279291
A12,A17,10.397954839774984,10.390676371387142,-0.0006999903827240583,0.0006999903827240583
A12,A18,10.482561763710242,10.475224072141101,-0.0006999903014685005,0.0006999903014685005
A13,A14,12.2164,12.207848649221393,-0.0006999894223017611,0.0006999894223017611
A13,A18,10.505943621588683,10.498589561076374,-0.0006999904794079415,0.0006999904794079415
A13,A19,10.511880193381197,10.504521977242765,-0.0006999904872455609,0.0006999904872455609
A14,A15,12.19657583135529,12.18803835718106,-0.0006999894308270527,0.0006999894308270527
A14,A19,10.511880193381197,10.504521977266762,-0.0006999904849627203,0.0006999904849627203
A14,A20,10.505943621588683,10.498589561387652,-0.0006999904497791976,0.0006999904497791976
A15,B11,12.138737557917633,12.130240570805682,-0.0006999893581526306,0.0006999893581526306
A15,A20,10.482561763710242,10.475224070475972,-0.0006999904603158802,0.0006999904603158802
A15,A21,10.397954839774984,10.390676371382261,-0.0006999903831935717,0.0006999903831935717
B11,B12,12.138538330869991,12.130041483256402,-0.000699989354729813,0.000699989354729813
B11,A21,10.488512527999383,10.481170670966963,-0.0006999903001327912,0.0006999903001327912
B11,B16,10.392666392221003,10.38539162574447,-0.0006999903780205985,0.0006999903780205985
B11,B17,10.488771274558328,10.481429236380398,-0.0006999903025570742,0.0006999903025570742
B12,B13,12.196667156235756,12.18812961791184,-0.0006999894491299674,0.0006999894491299674
B12,B17,10.398272134350016,10.390993443861367,-0.0006999903824986831,0.0006999903824986831
B12,B18,10.483105906648087,10.475767832472057,-0.0006999904647893018,0.0006999904647893018
B13,B14,12.216895719044178,12.20834402078429,-0.0006999894618530123,0.0006999894618530123
B13,B18,10.505989088610358,10.498634996274243,-0.0006999904791532563,0.0006999904791532563
B13,B19,10.51170281400687,10.504344722033288,-0.0006999904871528573,0.0006999904871528573
B14,B15,12.196401738627669,12.187864386209226,-0.0006999894396233497,0.0006999894396233497
B14,B19,10.512505077287718,10.505146423752576,-0.0006999904857160066,0.0006999904857160066
B14,B20,10.505965787589444,10.498611711541814,-0.0006999904812480251,0.0006999904812480251
B15,C11,12.138216989739474,12.12972036696057,-0.0006999893630248444,0.0006999893630248444
B15,B20,10.482976652649757,10.475638668993454,-0.0006999904606720397,0.0006999904606720397
B15,B21,10.398231385192386,10.390952723221671,-0.0006999903830837706,0.0006999903830837706
C11,C12,12.138835755129078,12.13033870097357,-0.0006999892186461132,0.0006999892186461132
C11,B21,10.488849704805574,10.481507611465592,-0.0006999903275016761,0.0006999903275016761
C11,C16,10.392990240060843,10.385715246892818,-0.0006999903781284011,0.0006999903781284011
C11,C17,10.48943521120179,10.482092706514905,-0.000699990470320544,0.000699990470320544
C12,C13,12.196639742568442,12.18842622622621,-0.0006734245263934069,0.0006734245263934069
C12,C17,10.398629543358107,10.391350602695017,-0.0006999903816882203,0.0006999903816882203
C12,C18,10.482999064199134,10.475661064836824,-0.0006999904624021003,0.0006999904624021003
C13,C14,12.216562660585012,12.210787705089876,-0.0004727152518742006,0.0004727152518742006
C13,C18,10.506010562054463,10.49893862156701,-0.000673132817227029,0.000673132817227029
C13,C19,10.511670029067693,10.504879066226161,-0.000646040336383491,0.000646040336383491
C14,C15,12.196568615803383,12.19442634747754,-0.00017564516654844375,0.00017564516654844375
C14,C19,10.511624808753401,10.50676854842515,-0.0004619895036785948,0.0004619895036785948
C14,C20,10.505127550391762,10.501313428378912,-0.0003630724134051633,0.0003630724134051633
C15,D11,12.138768533092641,12.139950052479556,9.733436993175637e-05,9.733436993175637e-05
C15,C20,10.482857656669768,10.481051898501198,-0.0001722581978800264,0.0001722581978800264
C15,C21,10.398698172848373,10.39780364721049,-8.602284853498343e-05,8.602284853498343e-05
D11,D12,12.138768533092641,12.143671269047715,0.000403890719368194,0.000403890719368194
D11,C21,10.48868836842815,10.48959957551389,8.687521773298457e-05,8.687521773298457e-05
D11,D16,10.392593588224253,10.394193613088872,0.00015395818676400275,0.00015395818676400275
D11,D17,10.48868836842815,10.492379168025387,0.00035188380735440283,0.00035188380735440283
D12,D13,12.196568615803383,12.20420055868584,0.0006257450864146641,0.0006257450864146641
D12,D17,10.398698172848373,10.403845573822759,0.0004950043638949353,0.0004950043638949353
D12,D18,10.482857656669768,10.489446827082947,0.000628566239186279,0.000628566239186279
D13,D14,12.216562660585012,12.225114122001608,0.0006999891585042217,0.0006999891585042217
D13,D18,10.505127550391762,10.512481039676631,0.0006999904808004942,0.0006999904808004942
D13,D19,10.511624808753401,10.518982846115739,0.0006999904863622675,0.0006999904863622675
D14,D15,12.196639742568442,12.205177257922717,0.0006999891391787916,0.0006999891391787916
D14,D19,10.511670029067693,10.519028098080382,0.0006999904860351958,0.0006999904860351958
D14,D20,10.506010562054463,10.513364669427155,0.000699990479664292,0.000699990479664292
D15,E11,12.138835755129078,12.147332809103244,0.0006999892037071742,0.0006999892037071742
D15,D20,10.482999064199134,10.490337063547459,0.0006999904610680563,0.0006999904610680563
D15,D21,10.398629543358107,10.405908484036607,0.000699990383170146,0.000699990383170146
E11,E12,12.138216989739474,12.146713612603234,0.0006999893700154747,0.0006999893700154747
E11,D21,10.48943521120179,10.49677771585009,0.000699990466642042,0.000699990466642042
E11,E16,10.392990240060843,10.400265233225307,0.0006999903777857863,0.0006999903777857863
E11,E17,10.488849704805574,10.496191797863007,0.0006999903005635577,0.0006999903005635577
E12,E13,12.196401738627669,12.203471026709048,0.0005796207957786681,0.0005796207957786681
E12,E17,10.398231385192386,10.405510047164777,0.000699990383244975,0.000699990383244975
E12,E18,10.482976652649757,10.489493823689209,0.0006216908856515602,0.0006216908856515602
E13,E14,12.216895719044178,12.220120582749347,0.0002639675232836147,0.0002639675232836147
E13,E18,10.505965787589444,10.51086262176448,0.00046610033518468263,0.00046610033518468263
E13,E19,10.512505077287718,10.515796687657737,0.0003131137959808683,0.0003131137959808683
E14,E15,12.196667156235756,12.195343889315959,-0.0001084941404768669,0.0001084941404768669
E14,E19,10.51170281400687,10.512901640768407,0.00011404686593108337,0.00011404686593108337
E14,E20,10.505989088610358,10.505392223413526,-5.6811899555309076e-05,5.6811899555309076e-05
E15,A11,12.138538330869991,12.132699647398676,-0.0004810038335890665,0.0004810038335890665
E15,E20,10.483105906648087,10.480361003062413,-0.00026184068062629073,0.00026184068062629073
E15,E21,10.398272134350016,10.393784402781687,-0.0004315843546259801,0.0004315843546259801
A11,A17,10.488512527999383,10.481207903731566,-0.0006964404388436485,0.0006964404388436485
A11,E21,10.488771274558328,10.482291444521532,-0.0006177873334423101,0.0006177873334423101
A11,A16,10.392666392221003,10.38542850684897,-0.0006964416155463837,0.0006964416155463837
A17,A18,12.133784670909568,12.125291123361583,-0.0006999916166592346,0.0006999916166592346
A17,A16,12.133855438812514,12.125361840545702,-0.0006999917140634304,0.0006999917140634304
A17,A23,10.421526689022103,10.41423172032433,-0.0006999904059601381,0.0006999904059601381
A17,A24,10.511093269493898,10.503735604230137,-0.0006999904838743687,0.0006999904838743687
A18,A19,12.21142421259699,12.202876318923414,-0.0006999915427357006,0.0006999915427357006
A18,A24,10.415371828216212,10.408081167897436,-0.0006999904025534187,0.0006999904025534187
A18,A25,10.483000682056637,10.475662681595768,-0.0006999904591659112,0.0006999904591659112
A19,A20,12.21142421259699,12.202876319257404,-0.0006999915153850234,0.0006999915153850234
A19,A25,10.488596407527554,10.481254490029887,-0.0006999904670178525,0.0006999904670178525
A19,A26,10.488596407527554,10.481254490036887,-0.0006999904663504974,0.0006999904663504974
A20,A21,12.133784670909568,12.1252911259488,-0.0006999914034350185,0.0006999914034350185
A20,A26,10.483000682056637,10.475662681889524,-0.000699990431143771,0.000699990431143771
A20,A27,10.415371828216212,10.408081167935098,-0.0006999903989374223,0.0006999903989374223
A21,B16,12.133855438812514,12.12536184431156,-0.0006999914037039145,0.0006999914037039145
A21,A27,10.511093269493898,10.50373560593384,-0.0006999903217880243,0.0006999903217880243
A21,A28,10.421526689022103,10.414231720344588,-0.0006999904040162486,0.0006999904040162486
B16,B17,12.13375697012265,12.12526344452072,-0.0006999914060290546,0.0006999914060290546
B16,A28,10.505901769005838,10.498547737764147,-0.0006999904818629776,0.0006999904818629776
B16,B22,10.393407178110564,10.386651551642379,-0.0006499915140834034,0.0006499915140834034
B16,B23,10.505415600060763,10.498061909146385,-0.0006999904805609081,0.0006999904805609081
B17,B18,12.1336356583672,12.125142217594064,-0.000699991413313894,0.000699991413313894
B17,B23,10.421679148774444,10.414384073364845,-0.0006999904051409045,0.0006999904051409045
B17,B24,10.511010115588316,10.503652510285955,-0.0006999903169582211,0.0006999903169582211
B18,B19,12.211004804683354,12.202457205071468,-0.0006999915034516802,0.0006999915034516802
B18,B24,10.41580157069056,10.408510609591035,-0.0006999903992066514,0.0006999903992066514
B18,B25,10.483073359468584,10.475735308135281,-0.0006999904590646588,0.0006999904590646588
B19,B20,12.212116609744601,12.203568231833005,-0.0006999915071868035,0.0006999915071868035
B19,B25,10.488498670448497,10.481156821365282,-0.0006999904670723645,0.0006999904670723645
B19,B26,10.488847285092861,10.48150519199208,-0.0006999904661798562,0.0006999904661798562
B20,B21,12.13309089886003,12.124597839264554,-0.0006999914256203832,0.0006999914256203832
B20,B26,10.483734459628403,10.47639594550367,-0.0006999904616997732,0.0006999904616997732
B20,B27,10.4153950770002,10.408104400445259,-0.0006999903989278744,0.0006999903989278744
B21,C16,12.134400053566722,12.125906077907036,-0.0006999913981894368,0.0006999913981894368
B21,B27,10.510901548868203,10.503544019515308,-0.0006999903213522618,0.0006999903213522618
B21,B28,10.421527607793404,10.414232638468961,-0.0006999904043806238,0.0006999904043806238
C16,C17,12.134045102108367,12.12555137318144,-0.0006999915407807089,0.0006999915407807089
C16,B28,10.505473187819769,10.498119456863398,-0.0006999904549656044,0.0006999904549656044
C16,C22,10.392951306053542,10.385676340139234,-0.0006999903781007566,0.0006999903781007566
C16,C23,10.50506184560567,10.49770840411135,-0.0006999903096616134,0.0006999903096616134
C17,C18,12.13346372640558,12.124970402328517,-0.0006999917145323886,0.0006999917145323886
C17,C23,10.4210143172342,10.413719707234106,-0.0006999904018968328,0.0006999904018968328
C17,C24,10.511183414344934,10.503825687723051,-0.0006999903181065248,0.0006999903181065248
C18,C19,12.211376042445014,12.203184124577948,-0.0006708431415585192,0.0006708431415585192
C18,C24,10.41564984866523,10.40835899377432,-0.0006999903987598977,0.0006999903987598977
C18,C25,10.483029992325694,10.47569197135797,-0.0006999904582069005,0.0006999904582069005
C19,C20,12.211211460375255,12.20524943218447,-0.0004882421543621618,0.0004882421543621618
C19,C25,10.4887798932955,10.481747148116723,-0.0006705017409387448,0.0006705017409387448
C19,C26,10.489188701229471,10.482277093307454,-0.0006589268358959677,0.0006589268358959677
C20,C21,12.134392467692813,12.131612179976985,-0.00022912459138191288,0.00022912459138191288
C20,C26,10.483355402732467,10.478229277087555,-0.0004889775694885135,0.0004889775694885135
C20,C27,10.415525928151684,10.411259009464102,-0.0004096690572340522,0.0004096690572340522
C21,D16,12.133620090475882,12.133588806702276,-2.5782720549649696e-06,2.5782720549649696e-06
C21,C27,10.51092567379296,10.508389129929819,-0.0002413244981328555,0.0002413244981328555
C21,C28,10.420298798499013,10.418477581671798,-0.00017477587374725712,0.00017477587374725712
D16,D17,12.133620090475882,12.137365602668362,0.000308688764321996,0.000308688764321996
D16,C28,10.505343271402417,10.50502245641674,-3.0538267754787185e-05,3.0538267754787185e-05
D16,D22,10.392710462627164,10.3928887154061,1.7151712209839687e-05,1.7151712209839687e-05
D16,D23,10.505343271402417,10.507569385172108,0.00021190300137563511,0.00021190300137563511
D17,D18,12.134392467692813,12.141595951948581,0.0005936419375709434,0.0005936419375709434
D17,D23,10.420298798499013,10.42429276142824,0.00038328679498156326,0.00038328679498156326
D17,D24,10.51092567379296,10.516779697900077,0.0005569465800441264,0.0005569465800441264
D18,D19,12.211211460375255,12.21975920839389,0.0006999918105072833,0.0006999918105072833
D18,D24,10.415525928151684,10.42250319562864,0.0006698910381564005,0.0006698910381564005
D18,D25,10.483355402732467,10.490693651516638,0.0006999904612847718,0.0006999904612847718
D19,D20,12.211376042445014,12.219923905652054,0.0006999918090582202,0.0006999918090582202
D19,D25,10.489188701229471,10.496531033325477,0.0006999904668647527,0.0006999904668647527
D19,D26,10.4887798932955,10.496121939232083,0.0006999904670776935,0.0006999904670776935
D20,D21,12.13346372640558,12.141957050602993,0.0006999917244512321,0.0006999917244512321
D20,D26,10.483029992325694,10.490368013319555,0.0006999904607001284,0.0006999904607001284
D20,D27,10.41564984866523,10.42294070356123,0.0006999903992483958,0.0006999903992483958
D21,E16,12.134045102108367,12.142538831230194,0.0006999915568428605,0.0006999915568428605
D21,D27,10.511183414344934,10.518541141001531,0.0006999903214091052,0.0006999903214091052
D21,D28,10.4210143172342,10.428308927257621,0.0006999904041353755,0.0006999904041353755
E16,E17,12.134400053566722,12.142894029139212,0.0006999913910035183,0.0006999913910035183
E16,D28,10.50506184560567,10.512415287158545,0.0006999903152355991,0.0006999903152355991
E16,E22,10.392951306053542,10.40022627196842,0.0006999903781557126,0.0006999903781557126
E16,E23,10.505473187819769,10.512826919053428,0.0006999904813602686,0.0006999904813602686
E17,E18,12.13309089886003,12.140590444860617,0.0006181068009052382,0.0006181068009052382
E17,E23,10.421527607793404,10.428822577115886,0.000699990404192441,0.000699990404192441
E17,E24,10.510901548868203,10.517571147694342,0.0006345410805277396,0.0006345410805277396
E18,E19,12.212116609744601,12.216757599344476,0.0003800315496635953,0.0003800315496635953
E18,E24,10.4153950770002,10.420954163538779,0.0005337374624276858,0.0005337374624276858
E18,E25,10.483734459628403,10.48805549864361,0.00041216601124771657,0.00041216601124771657
E19,E20,12.211004804683354,12.211377555770783,3.0525832508621065e-05,3.0525832508621065e-05
E19,E25,10.488847285092861,10.491112669605275,0.00021598031231073733,0.00021598031231073733
E19,E26,10.488498670448497,10.489229679483627,6.969625092190235e-05,6.969625092190235e-05
E20,E21,12.1336356583672,12.129537246127176,-0.000337772812322612,0.000337772812322612
E20,E26,10.483073359468584,10.481587081158361,-0.00014177887144906087,0.00014177887144906087
E20,E27,10.41580157069056,10.412710190611717,-0.0002967971363376787,0.0002967971363376787
E21,A16,12.13375697012265,12.12620225164445,-0.0006226198939703886,0.0006226198939703886
E21,E27,10.511010115588316,10.505774479221131,-0.000498109725859841,0.000498109725859841
E21,E28,10.421679148774444,10.415213378031982,-0.0006204154484282798,0.0006204154484282798
A16,A23,10.505901769005838,10.498547738386664,-0.0006999904226089315,0.0006999904226089315
A16,E28,10.505415600060763,10.498061909139887,-0.0006999904811794133,0.0006999904811794133
A16,A22,10.393407178110564,10.386131893086617,-0.0006999903784458139,0.0006999903784458139
A23,A24,12.138617844301717,12.13012094299969,-0.0006999891924280854,0.0006999891924280854
A23,A22,12.119248925985474,12.110765584180943,-0.0006999890716281598,0.0006999890716281598
A23,A30,10.398670749667957,10.391391780158513,-0.0006999903819127073,0.0006999903819127073
A23,A31,10.505590504583736,10.498236692933645,-0.000699990319143251,0.000699990319143251
A24,A25,12.119249512242911,12.110766166935191,-0.0006999893268266888,0.0006999893268266888
A24,A31,10.41591784529813,10.408626802830295,-0.0006999903970178467,0.0006999903970178467
A24,A32,10.48915973755763,10.481817426982872,-0.0006999903479845138,0.0006999903479845138
A25,A26,12.2164,12.207848649705312,-0.0006999893826895587,0.0006999893826895587
A25,A32,10.421477869285146,10.414182934775196,-0.000699990404571138,0.000699990404571138
A25,A33,10.483666934808644,10.476328467951634,-0.0006999904616050712,0.0006999904616050712
A26,A27,12.119249512242911,12.11076616665566,-0.0006999893498917942,0.0006999893498917942
A26,A33,10.483666934808644,10.476328467958623,-0.0006999904609383822,0.0006999904609383822
A26,A34,10.421477869285146,10.414182934777184,-0.0006999904043804017,0.0006999904043804017
A27,A28,12.138617844301717,12.130120940480149,-0.0006999893999922735,0.0006999893999922735
A27,A34,10.48915973755763,10.481817426728982,-0.0006999903721894851,0.0006999903721894851
A27,A35,10.41591784529813,10.408626802807717,-0.0006999903991854461,0.0006999903991854461
A28,B22,12.119248925985474,12.11135997721707,-0.0006509437025827847,0.0006509437025827847
A28,A35,10.505590504583736,10.498236691229339,-0.0006999904813717039,0.0006999904813717039
A28,A36,10.398670749667957,10.39263132389738,-0.0005807882484182292,0.0005807882484182292
B22,B23,12.119347857867604,12.11145876168176,-0.000650950552650631,0.000650950552650631
B22,A36,10.510981145925435,10.505234001656452,-0.000546775242881048,0.000546775242881048
B22,B29,10.392493607407225,10.390592028029953,-0.00018297623737928426,0.00018297623737928426
B22,B30,10.511360447154305,10.506589714369433,-0.0004538644458874641,0.0004538644458874641
B23,B24,12.138705788097841,12.130208822812357,-0.000699989392099476,0.000699989392099476
B23,B30,10.398082692977585,10.393130001157292,-0.0004763081778179634,0.0004763081778179634
B23,B31,10.505503155965446,10.498886689500686,-0.000629809573756801,0.000629809573756801
B24,B25,12.119563255332261,12.111079689962903,-0.0006999893635297738,0.0006999893635297738
B24,B31,10.415576472284197,10.409017657384098,-0.000629712135238214,0.000629712135238214
B24,B32,10.488791106700532,10.48144905420158,-0.0006999903443840605,0.0006999903443840605
B25,B26,12.215944663021359,12.207393630977098,-0.0006999894220334202,0.0006999894220334202
B25,B32,10.421247390787737,10.413952617614399,-0.0006999904041993243,0.0006999904041993243
B25,B33,10.483067476650147,10.475729429412144,-0.0006999904612220442,0.0006999904612220442
B26,B27,12.119622189243358,12.111138582683425,-0.0006999893583697903,0.0006999893583697903
B26,B33,10.483007555563432,10.47566955027896,-0.0006999904603309792,0.0006999904603309792
B26,B34,10.421185543401489,10.41389081352105,-0.0006999904041683491,0.0006999904041683491
B27,B28,12.139066354954986,12.130569137446443,-0.0006999893781018951,0.0006999893781018951
B27,B34,10.4889885441829,10.48164635351083,-0.0006999903414082187,0.0006999903414082187
B27,B35,10.415444793670602,10.408154082316026,-0.0006999903987784384,0.0006999903987784384
B28,C22,12.119370220023812,12.110886789524573,-0.0006999893843677718,0.0006999893843677718
B28,B35,10.506136669585063,10.498782473915405,-0.0006999904818436598,0.0006999904818436598
B28,B36,10.398470081699521,10.391191252642287,-0.000699990383205007,0.000699990383205007
C22,C23,12.11873601701101,12.11025303221367,-0.0006999892385998185,0.0006999892385998185
C22,B36,10.511364016625059,10.504006163706945,-0.0006999903063461543,0.0006999903063461543
C22,C29,10.392773216519258,10.38549837526775,-0.0006999903779238981,0.0006999903779238981
C22,C30,10.510490561814894,10.503133318769759,-0.0006999904525735179,0.0006999904525735179
C23,C24,12.139228865541671,12.1307315378196,-0.0006999890863078617,0.0006999890863078617
C23,C30,10.398562256389093,10.391283362800595,-0.0006999903841539146,0.0006999903841539146
C23,C31,10.506245181319535,10.498890909679641,-0.0006999904830862214,0.0006999904830862214
C24,C25,12.11887875382867,12.11039567125398,-0.0006999890622726435,0.0006999890622726435
C24,C31,10.415468728770689,10.40817800065731,-0.0006999903992068734,0.0006999903992068734
C24,C32,10.488262624953672,10.480920942371593,-0.0006999903458376755,0.0006999903458376755
C25,C26,12.21656266058502,12.208165998640204,-0.0006873178796770185,0.0006873178796770185
C25,C32,10.421253837230916,10.413959059534283,-0.0006999904052400474,0.0006999904052400474
C25,C33,10.483728715013571,10.47639020490956,-0.0006999904617430719,0.0006999904617430719
C26,C27,12.118868921644461,12.112259012254126,-0.0005454229625777574,0.0005454229625777574
C26,C33,10.483167039115614,10.47596241456021,-0.0006872564873308118,0.0006872564873308118
C26,C34,10.420476665201074,10.413315319486168,-0.0006872378246208788,0.0006872378246208788
C27,C28,12.138694174004058,12.134687045565535,-0.0003301119857772594,0.0003301119857772594
C27,C34,10.48881508512759,10.48307194141136,-0.0005475493341828841,0.0005475493341828841
C27,C35,10.415643208174902,10.410470419786762,-0.000496636480796564,0.000496636480796564
C28,D22,12.119491319770809,12.11766109282485,-0.00015101516207804977,0.00015101516207804977
C28,C35,10.505618011806822,10.501872968695643,-0.0003564800382966915,0.0003564800382966915
C28,C36,10.399102317027177,10.395904350757608,-0.0003075233007692191,0.0003075233007692191
D22,D23,12.119491319770809,12.121353564657946,0.00015365701727931835,0.00015365701727931835
D22,C36,10.511188812403665,10.509125244074914,-0.00019632111700973454,0.00019632111700973454
D22,D29,10.39294539050408,10.391243506039123,-0.00016375381578659365,0.00016375381578659365
D22,D30,10.511188812403665,10.511399553329648,2.0049199928262595e-05,2.0049199928262595e-05
D23,D24,12.138694174004058,12.144794991520817,0.0005025925712687229,0.0005025925712687229
D23,D30,10.399102317027177,10.401327557917675,0.00021398394040739177,0.00021398394040739177
D23,D31,10.505618011806822,10.509669110523266,0.00038561260383640494,0.00038561260383640494
D24,D25,12.118868921644461,12.126982201243313,0.0006694749857687476,0.0006694749857687476
D24,D31,10.415643208174902,10.421462716572861,0.0005587277023266779,0.0005587277023266779
D24,D32,10.48881508512759,10.495841148769378,0.0006698624758625371,0.0006698624758625371
D25,D26,12.21656266058502,12.225114121518986,0.0006999891189980456,0.0006999891189980456
D25,D32,10.420476665201074,10.42777089886338,0.0006999904031901316,0.0006999904031901316
D25,D33,10.483167039115614,10.490505156038656,0.000699990460484079,0.000699990460484079
D26,D27,12.11887875382867,12.12736183635329,0.0006999890581411705,0.0006999890581411705
D26,D33,10.483728715013571,10.491067225106615,0.0006999904606970198,0.0006999904606970198
D26,D34,10.421253837230916,10.428548614913687,0.0006999904039100002,0.0006999904039100002
D27,D28,12.139228865541671,12.147726193176286,0.0006999890791032914,0.0006999890791032914
D27,D34,10.488262624953672,10.495604307500779,0.0006999903425033427,0.0006999903425033427
D27,D35,10.415468728770689,10.422759456878989,0.0006999903987192635,0.0006999903987192635
D28,E22,12.11873601701101,12.127219001641292,0.0006999892248147344,0.0006999892248147344
D28,D35,10.506245181319535,10.51359945294308,0.0006999904815301328,0.0006999904815301328
D28,D36,10.398562256389093,10.405841149970533,0.0006999903834750132,0.0006999903834750132
E22,E23,12.119370220023812,12.127853650608435,0.000699989391412803,0.000699989391412803
E22,D36,10.510490561814894,10.51784780479493,0.0006999904463800277,0.0006999904463800277
E22,E29,10.392773216519258,10.400048057769746,0.0006999903778257544,0.0006999903778257544
E22,E30,10.511364016625059,10.518643391531752,0.0006925242903945694,0.0006925242903945694
E23,E24,12.139066354954986,12.14674166675908,0.000632281888875319,0.000632281888875319
E23,E30,10.398470081699521,10.405671254788063,0.0006925223645366518,0.0006925223645366518
E23,E31,10.506136669585063,10.512665520872451,0.0006214321679527401,0.0006214321679527401
E24,E25,12.119622189243358,12.124822467809189,0.0004290792637451357,0.0004290792637451357
E24,E31,10.415444793670602,10.421001719475385,0.0005335274599276296,0.0005335274599276296
E24,E32,10.4889885441829,10.493616289318755,0.00044120032321148805,0.00044120032321148805
E25,E26,12.215944663021359,12.21735200768384,0.00011520555317678927,0.00011520555317678927
E25,E32,10.421185543401489,10.423873962003126,0.00025797627251145094,0.00025797627251145094
E25,E33,10.483007555563432,10.484475657470576,0.00014004586940941088,0.00014004586940941088
E26,E27,12.119563255332261,12.116736178308036,-0.00023326558595093694,0.00023326558595093694
E26,E33,10.483067476650147,10.482347148829325,-6.871345838677101e-05,6.871345838677101e-05
E26,E34,10.421247390787737,10.419135970224985,-0.00020260727757204222,0.00020260727757204222
E27,E28,12.138705788097841,12.131971444622332,-0.0005547826591293381,0.0005547826591293381
E27,E34,10.488791106700532,10.484488318403834,-0.00041022728481543425,0.00041022728481543425
E27,E35,10.415576472284197,10.409893452215293,-0.0005456270312091949,0.0005456270312091949
E28,A22,12.119347857867604,12.110864446099217,-0.0006999891304282357,0.0006999891304282357
E28,E35,10.505503155965446,10.49818912088505,-0.0006962098789379256,0.0006962098789379256
E28,E36,10.398082692977585,10.390804135093688,-0.0006999903827281662,0.0006999903827281662
A22,A30,10.510981145925435,10.50362356068241,-0.0006999903378075434,0.0006999903378075434
A22,E36,10.511360447154305,10.504002597011105,-0.0006999902800585156,0.0006999902800585156
A22,A29,10.392493607407225,10.385218961881227,-0.0006999903777484828,0.0006999903777484828
A30,A31,12.114422065042968,12.105942071531135,-0.0006999915857563987,0.0006999915857563987
A30,A29,12.11439153280098,12.10591155941724,-0.0006999916884623536,0.0006999916884623536
A30,A38,10.882047504950533,10.874430173898265,-0.0006999906082749696,0.0006999906082749696
A30,A39,10.761648963797322,10.754115909506593,-0.0006999907092370972,0.0006999907092370972
A31,A32,12.114359548898983,12.105879600499016,-0.0006999914742285007,0.0006999914742285007
A31,A39,10.876396841325718,10.868783465268693,-0.0006999906465435801,0.0006999906465435801
A31,A40,10.779775647016036,10.772229904038348,-0.0006999907256676208,0.0006999907256676208
A32,A33,12.11436495322805,12.105885000953762,-0.0006999914817679143,0.0006999914817679143
A32,A40,10.858225993227437,10.85062533626698,-0.0006999906766720354,0.0006999906766720354
A32,A41,10.785784574151295,10.778234624950777,-0.0006999907284085394,0.0006999907284085394
A33,A34,12.11436495322805,12.105885000947985,-0.000699991482244755,0.000699991482244755
A33,A41,10.851882458817919,10.844286241094316,-0.0006999907852328624,0.0006999907852328624
A33,A42,10.851882458817919,10.844286241097457,-0.0006999907849434273,0.0006999907849434273
A34,A35,12.114359548898983,12.105879600754347,-0.0006999914531516938,0.0006999914531516938
A34,A42,10.785784574151295,10.778234624948748,-0.0006999907285966112,0.0006999907285966112
A34,A43,10.858225993227437,10.850989456372375,-0.0006664566439836817,0.0006664566439836817
A35,A36,12.114422065042968,12.107330563879593,-0.0005853767621187833,0.0005853767621187833
A35,A43,10.779775647016036,10.772591610388424,-0.0006664365625828061,0.0006664365625828061
A35,A44,10.876396841325718,10.871568065411198,-0.00044396834585624934,0.00044396834585624934
A36,B29,12.11439153280098,12.111980577800779,-0.0001990157734025333,0.0001990157734025333
A36,A44,10.761648963797322,10.75748195085991,-0.0003872095207184678,0.0003872095207184678
A36,A45,10.882047504950533,10.882193286263792,1.3396496678863556e-05,1.3396496678863556e-05
B29,B30,12.114439503749242,12.112479811356788,-0.00016176500710973762,0.00016176500710973762
B29,A45,10.755600794469828,10.75656158375454,8.932920652893195e-05,8.932920652893195e-05
B29,B37,10.392830581703903,10.397598840895444,0.00045880274426246537,0.00045880274426246537
B29,B38,10.755555041465783,10.758138400640542,0.0002401883645055669,0.0002401883645055669
B30,B31,12.113869119732142,12.108440864909152,-0.0004481024823148605,0.0004481024823148605
B30,B38,10.88257177600957,10.884950851607721,0.00021861336153983224,0.00021861336153983224
B30,B39,10.76168318712273,10.76059029450722,-0.00010155405957479324,0.00010155405957479324
B31,B32,12.114665646644976,12.107016038040662,-0.0006314337372103074,0.0006314337372103074
B31,B39,10.876369771665553,10.874960895425415,-0.00012953552239536315,0.00012953552239536315
B31,B40,10.780219506113964,10.776548734228948,-0.0003405099388684718,0.0003405099388684718
B32,B33,12.114204952038746,12.105725112237867,-0.0006999914426453202,0.0006999914426453202
B32,B40,10.857993367561058,10.854049127364343,-0.0003632568250132584,0.0003632568250132584
B32,B41,10.78612840318527,10.78079928850453,-0.0004940711329901593,0.0004940711329901593
B33,B34,12.114340844635336,12.105860909698528,-0.0006999914436586208,0.0006999914436586208
B33,B41,10.851796812049153,10.846429369755011,-0.0004946132319932905,0.0004946132319932905
B33,B42,10.85247584194501,10.846361363116307,-0.0005634178705167248,0.0005634178705167248
B34,B35,12.114310708001506,12.10583079413941,-0.0006999914453651446,0.0006999914453651446
B34,B42,10.785470272547228,10.779396782161903,-0.0005631178086673572,0.0005631178086673572
B34,B43,10.858498660496293,10.852094111414534,-0.0005898190239742584,0.0005898190239742584
B35,B36,12.115008774243627,12.106528372239014,-0.000699991404268907,0.000699991404268907
B35,B43,10.7794448804194,10.773089290117813,-0.000589602745975415,0.000589602745975415
B35,B44,10.876463694602222,10.87012277127945,-0.0005829949421813918,0.0005829949421813918
B36,C29,12.114517416719496,12.106037358989843,-0.000699991377118292,0.000699991377118292
B36,B44,10.762017008906833,10.755746456122374,-0.0005826559072773518,0.0005826559072773518
B36,B45,10.88240784477406,10.876523128479924,-0.0005407549853004845,0.0005407549853004845
C29,C30,12.113906654750158,12.105427022772268,-0.0006999915237554388,0.0006999915237554388
C29,B45,10.755633298881108,10.749823731052095,-0.0005401418649720879,0.0005401418649720879
C29,C37,10.392699036342774,10.387847754392448,-0.00046679711722252826,0.00046679711722252826
C29,C38,10.755579940198478,10.748051134240441,-0.000699990702490938,0.000699990702490938
C30,C31,12.11476870641779,12.106288468905106,-0.0006999916975873877,0.0006999916975873877
C30,C38,10.88247146607792,10.874853836416875,-0.0006999907773515002,0.0006999907773515002
C30,C39,10.761928400616684,10.754395150745463,-0.0006999907071291167,0.0006999907071291167
C31,C32,12.114104099354606,12.10562432651027,-0.0006999917430779989,0.0006999917430779989
C31,C39,10.87631186983897,10.868698551527595,-0.0006999908059355242,0.0006999908059355242
C31,C40,10.779318238181853,10.771772815424846,-0.0006999907220736068,0.0006999907220736068
C32,C33,12.114704419423528,12.1062242263283,-0.0006999917457031213,0.0006999917457031213
C32,C40,10.858182093241943,10.850581467097305,-0.000699990668729833,0.000699990668729833
C32,C41,10.78566391466005,10.778114049923076,-0.0006999907281287632,0.0006999907281287632
C33,C34,12.113825259594925,12.10534568189535,-0.000699991746443418,0.000699991746443418
C33,C41,10.85200784970229,10.844411544215237,-0.0006999907844021935,0.0006999907844021935
C33,C42,10.851378734981106,10.84378286988136,-0.0006999907832226926,0.0006999907832226926
C34,C35,12.11448323000201,12.106956142348375,-0.0006213296523448486,0.0006213296523448486
C34,C42,10.78593400916212,10.778383955372403,-0.000699990727117572,0.000699990727117572
C34,C43,10.858433492912313,10.850832690845243,-0.0006999906636654396,0.0006999906636654396
C35,C36,12.114644972511577,12.108974002960226,-0.0004681086044385774,0.0004681086044385774
C35,C43,10.780006842762207,10.773327147190466,-0.0006196374148152994,0.0006196374148152994
C35,C44,10.876389651901965,10.869657527922897,-0.0006189667890291739,0.0006189667890291739
C36,D29,12.114340417868405,12.110267051203815,-0.000336243371416467,0.000336243371416467
C36,C44,10.7616598334086,10.756154066272305,-0.0005116094748881528,0.0005116094748881528
C36,C45,10.882438837411401,10.877237084721392,-0.000477995122943109,0.000477995122943109
D29,D30,12.114340417868405,12.113725335010471,-5.077311984946764e-05,5.077311984946764e-05
D29,C45,10.75574360283844,10.751443937161486,-0.000399755315459438,0.000399755315459438
D29,D37,10.393169162964682,10.389269854481077,-0.00037517993043933995,0.00037517993043933995
D29,D38,10.75574360283844,10.753435935566438,-0.00021455209023324429,0.00021455209023324429
D30,D31,12.114644972511577,12.118438207824411,0.00031311155394497803,0.00031311155394497803
D30,D38,10.882438837411401,10.882358062537401,-7.422497402154171e-06,7.422497402154171e-06
D30,D39,10.7616598334086,10.76332523267842,0.00015475301167300337,0.00015475301167300337
D31,D32,12.11448323000201,12.121693922587106,0.000595212560717151,0.000595212560717151
D31,D39,10.876389651901965,10.880224393911774,0.00035257490146456405,0.00035257490146456405
D31,D40,10.780006842762207,10.78534279004504,0.0004949855190876651,0.0004949855190876651
D32,D33,12.113825259594925,12.122304837285723,0.0006999917457188864,0.0006999917457188864
D32,D40,10.858433492912313,10.86524007698568,0.0006268477011726059,0.0006268477011726059
D32,D41,10.78593400916212,10.793484062962841,0.000699990728137978,0.000699990728137978
D33,D34,12.114704419423528,12.123184612515617,0.0006999917454437732,0.0006999917454437732
D33,D41,10.851378734981106,10.85897460010003,0.0006999907849900566,0.0006999907849900566
D33,D42,10.85200784970229,10.85960415519646,0.0006999907850580023,0.0006999907850580023
D34,D35,12.114104099354606,12.12258387222684,0.0006999917453811566,0.0006999917453811566
D34,D42,10.78566391466005,10.793213779401043,0.000699990728501243,0.000699990728501243
D34,D43,10.858182093241943,10.865782719366182,0.0006999906668510025,0.0006999906668510025
D35,D36,12.11476870641779,12.123248944003496,0.0006999917036150105,0.0006999917036150105
D35,D43,10.779318238181853,10.786863660949281,0.0006999907230405,0.0006999907230405
D35,D44,10.87631186983897,10.883925188148735,0.0006999908057876425,0.0006999908057876425
D36,E29,12.113906654750158,12.122386286885556,0.0006999915367575937,0.0006999915367575937
D36,D44,10.761928400616684,10.769461650495781,0.0006999907078610867,0.0006999907078610867
D36,D45,10.88247146607792,10.890089095673144,0.0006999907713030051,0.0006999907713030051
E29,E30,12.114517416719496,12.12290671203059,0.0006924993396366652,0.0006924993396366652
E29,D45,10.755579940198478,10.763108746157041,0.0006999907025397878,0.0006999907025397878
E29,E37,10.392699036342774,10.399268837757038,0.0006321554575274835,0.0006321554575274835
E29,E38,10.755633298881108,10.762303452785076,0.000620154454750832,0.000620154454750832
E30,E31,12.115008774243627,12.122383820670162,0.0006087528753766502,0.0006087528753766502
E30,E38,10.88240784477406,10.889048255710849,0.0006101968453589013,0.0006101968453589013
E30,E39,10.762017008906833,10.768193045856943,0.0005738735540929962,0.0005738735540929962
E31,E32,12.114310708001506,12.119260701844969,0.0004086071393392121,0.0004086071393392121
E31,E39,10.876463694602222,10.881491693231688,0.0004622824817555049,0.0004622824817555049
E31,E40,10.7794448804194,10.783716549260257,0.00039627911160966534,0.00039627911160966534
E32,E33,12.114340844635336,12.116019196501123,0.0001385425659812256,0.0001385425659812256
E32,E40,10.858498660496293,10.861038469509426,0.00023390056881189558,0.00023390056881189558
E32,E41,10.785470272547228,10.787003606339159,0.00014216661426758037,0.00014216661426758037
E33,E34,12.114204952038746,12.112064949926848,-0.0001766522954143035,0.0001766522954143035
E33,E41,10.85247584194501,10.851905838981033,-5.252285029511139e-05,5.252285029511139e-05
E33,E42,10.851796812049153,10.85001385121922,-0.00016430097806052757,0.00016430097806052757
E34,E35,12.114665646644976,12.10856365803016,-0.0005036860935989651,0.0005036860935989651
E34,E42,10.78612840318527,10.78215675721469,-0.00036821793901575806,0.00036821793901575806
E34,E43,10.857993367561058,10.852712884043472,-0.00048632222721389784,0.00048632222721389784
E35,E36,12.113869119732142,12.105435253748254,-0.0006962157094919652,0.0006962157094919652
E35,E43,10.780219506113964,10.772953306582295,-0.0006740307586081684,0.0006740307586081684
E35,E44,10.876369771665553,10.86879750594704,-0.0006962126037899363,0.0006962126037899363
E36,A29,12.114439503749242,12.105959497477546,-0.0006999916313975563,0.0006999916313975563
E36,E44,10.76168318712273,10.754150108890391,-0.0006999907078989454,0.0006999907078989454
E36,E45,10.88257177600957,10.87495407801082,-0.000699990604752343,0.000699990604752343
A29,A38,10.755600794469828,10.748071974496787,-0.0006999906483059481,0.0006999906483059481
A29,E45,10.755555041465783,10.748026252938168,-0.0006999907023477192,0.0006999907023477192
A29,A37,10.392830581703903,10.385555700295726,-0.0006999903780769978,0.0006999903780769978
A38,A39,12.119732067995562,12.11124838075786,-0.0006999896689221519,0.0006999896689221519
A38,A37,11.902445927203367,11.894114342436763,-0.0006999892977931355,0.0006999892977931355
A38,A47,10.398994713432641,10.391715517133495,-0.0006999903836611976,0.0006999903836611976
A38,A48,10.756054859473327,10.748525721071145,-0.0006999907029621166,0.0006999907029621166
A39,A40,12.141350725928312,12.132851903667103,-0.0006999898489926659,0.0006999898489926659
A39,A48,10.876437075623606,10.868823669692182,-0.0006999908038348712,0.0006999908038348712
A39,A49,10.786323355064043,10.778773028710326,-0.0006999907294799046,0.0006999907294799046
A40,A41,12.119760949787748,12.111277238567457,-0.0006999899796241715,0.0006999899796241715
A40,A49,10.88281669100422,10.87519881934955,-0.0006999908085345563,0.0006999908085345563
A40,A50,10.780347550056087,10.772801406769975,-0.0006999907239606529,0.0006999907239606529
A41,A42,12.2274,12.218840941893763,-0.0006999900310971086,0.0006999900310971086
A41,A50,10.852788033496287,10.845191181982907,-0.0006999907756359836,0.0006999907756359836
A41,A51,10.858911172396606,10.851617251801482,-0.000671699075471377,0.000671699075471377
A42,A43,12.119760949787748,12.111679954373747,-0.0006667619474906017,0.0006667619474906017
A42,A51,10.858911172396606,10.851617251804365,-0.0006716990752058116,0.0006716990752058116
A42,A52,10.852788033496287,10.84718463871023,-0.000516309244109725,0.000516309244109725
A43,A44,12.141350725928312,12.136034964995668,-0.00043782286276372595,0.00043782286276372595
A43,A52,10.780347550056087,10.774988108977562,-0.0004971491924207205,0.0004971491924207205
A43,A53,10.88281669100422,10.880598513569696,-0.0002038238350883237,0.0002038238350883237
A44,A45,12.119732067995562,12.11982148023238,7.377410351727676e-06,7.377410351727676e-06
A44,A53,10.786323355064043,10.78474171632294,-0.00014663372207912584,0.00014663372207912584
A44,A54,10.876492986712208,10.879833786127172,0.00030715777769962926,0.00030715777769962926
A45,B37,11.902445927203367,11.907820570368555,0.00045155787289941074,0.00045155787289941074
A45,A54,10.755999546764574,10.759808546929415,0.0003541279588457069,0.0003541279588457069
A45,A55,10.398994713432641,10.405459700912443,0.0006216935057627992,0.0006216935057627992
B37,B38,11.902205041503866,11.908280894931748,0.0005104813273419939,0.0005104813273419939
B37,A55,10.761550431977724,10.769083417280145,0.0006999907076619127,0.0006999907076619127
B37,B46,10.392906327394664,10.397666038642788,0.0004579769217756269,0.0004579769217756269
B37,B47,10.761101182035237,10.765917932338525,0.00044760756560191517,0.00044760756560191517
B38,B39,12.11957310304286,12.12252760714487,0.00024377955204268886,0.00024377955204268886
B38,B47,10.398741001679,10.401345086237264,0.0002504230615845149,0.0002504230615845149
B38,B48,10.755836615531118,10.763153953003107,0.0006803131856263356,0.0006803131856263356
B39,B40,12.142044304399487,12.141192370303202,-7.01639752687111e-05,7.01639752687111e-05
B39,B48,10.875897870980571,10.883171031253775,0.000668741133788231,0.000668741133788231
B39,B49,10.786087648447884,10.79001590610228,0.00036419671176712853,0.00036419671176712853
B40,B41,12.119670320598663,12.116241501939724,-0.00028291352555287475,0.00028291352555287475
B40,B49,10.882550458876814,10.886392337725901,0.00035303110825024575,0.00035303110825024575
B40,B50,10.77966123447301,10.78122656510379,0.00014521148640311843,0.00014521148640311843
B41,B42,12.227456941244974,12.222357159390922,-0.00041707624721609715,0.00041707624721609715
B41,B50,10.852776815635714,10.85425362317552,0.00013607646825275488,0.00013607646825275488
B41,B51,10.858409683282343,10.858155514060106,-2.34075918711385e-05,2.34075918711385e-05
B42,B43,12.119634037379184,12.113726220304404,-0.00048745837180885765,0.00048745837180885765
B42,B51,10.858767526749975,10.85843148875435,-3.094623720389933e-05,3.094623720389933e-05
B42,B52,10.85213992077139,10.850888648683773,-0.00011530187564401384,0.00011530187564401384
B43,B44,12.141026148147452,12.134924363138678,-0.0005025757241865492,0.0005025757241865492
B43,B52,10.780094104413008,10.778827238691585,-0.00011751898537737393,0.00011751898537737393
B43,B53,10.882232865087943,10.880748765536838,-0.00013637822030676539,0.00013637822030676539
B44,B45,12.120325451075974,12.114689447794387,-0.0004650042859275505,0.0004650042859275505
B44,B53,10.786283795636008,10.784843875762887,-0.00013349545593299705,0.00013349545593299705
B44,B54,10.876501186502933,10.875510444515674,-9.109013737695904e-05,9.109013737695904e-05
B45,C37,11.901683591828512,11.89709780436025,-0.00038530577904205554,0.00038530577904205554
B45,B54,10.755788148713222,10.754892768110464,-8.324639630108432e-05,8.324639630108432e-05
B45,B55,10.398482870592224,10.398551776297406,6.6265152369737734e-06,6.6265152369737734e-06
C37,C38,11.902829237202388,11.897121050580818,-0.0004795655308343916,0.0004795655308343916
C37,B55,10.761036132733686,10.761080204824774,4.0955248681306955e-06,4.0955248681306955e-06
C37,C46,10.392896999393377,10.39463672754058,0.00016739588079284218,0.00016739588079284218
C37,C47,10.761601918394861,10.758018672052037,-0.0003329658883497455,0.0003329658883497455
C38,C39,12.119479078326759,12.110995565550093,-0.000699989885855512,0.000699989885855512
C38,C47,10.398550534569717,10.39383152438,-0.00045381422863011167,0.00045381422863011167
C38,C48,10.755773339932368,10.74824439859446,-0.0006999907026634666,0.0006999907026634666
C39,C40,12.141205742841196,12.13270702349805,-0.0006999897310987491,0.0006999897310987491
C39,C48,10.876429252746494,10.868815854155018,-0.0006999906324544058,0.0006999906324544058
C39,C49,10.786375349022485,10.77882498627145,-0.0006999907296679764,0.0006999907296679764
C40,C41,12.11972614088289,12.111242457342174,-0.0006999897062111016,0.0006999897062111016
C40,C49,10.882610978069545,10.8749932521832,-0.0006999906457830773,0.0006999906457830773
C40,C50,10.780532085662573,10.7729858131928,-0.0006999907249298776,0.0006999907249298776
C41,C42,12.22737052027132,12.218811486062982,-0.0006999897642872011,0.0006999897642872011
C41,C50,10.852519619885513,10.844922956165354,-0.0006999907842819564,0.0006999907842819564
C41,C51,10.859038244706566,10.851437017911008,-0.0006999907933157301,0.0006999907933157301
C42,C43,12.119786191595953,12.111302466103448,-0.0006999896993552523,0.0006999896993552523
C42,C51,10.85874112040617,10.851140101607687,-0.0006999907921370063,0.0006999907921370063
C42,C52,10.852267636766058,10.844671149403203,-0.000699990786913407,0.000699990786913407
C43,C44,12.141331555064298,12.132845419586051,-0.0006989460290874883,0.0006989460290874883
C43,C52,10.77988509818171,10.772339278612945,-0.0006999907234668257,0.0006999907234668257
C43,C53,10.882224381531561,10.874606926266468,-0.0006999906451130578,0.0006999906451130578
C44,C45,12.120041686396958,12.112298364351846,-0.0006388857600879705,0.0006388857600879705
C44,C53,10.78598257925535,10.778443752308652,-0.0006989467015455775,0.0006989467015455775
C44,C54,10.876951215299245,10.869348794718983,-0.000698947750135126,0.000698947750135126
C45,D37,11.902586239973227,11.896088790788383,-0.0005458854952903325,0.0005458854952903325
C45,C54,10.755680894299529,10.748810379185553,-0.0006387801182923258,0.0006387801182923258
C45,C55,10.39799591123213,10.391358298080883,-0.0006383550453291642,0.0006383550453291642
D37,D38,11.902586239973227,11.89908802501419,-0.00029390376918991823,0.00029390376918991823
D37,C55,10.760944453439022,10.754598720255354,-0.0005897003939686618,0.0005897003939686618
D37,D46,10.392380816732999,10.386262404415035,-0.0005887401959050464,0.0005887401959050464
D37,D47,10.760944453439022,10.756001120456448,-0.00045937724183620077,0.00045937724183620077
D38,D39,12.120041686396958,12.120821337909211,6.432746127660316e-05,6.432746127660316e-05
D38,D47,10.39799591123213,10.395302626988727,-0.00025901955207474625,0.00025901955207474625
D38,D48,10.755680894299529,10.754415156982567,-0.0001176808171793331,0.0001176808171793331
D39,D40,12.141331555064298,12.14620593167522,0.00040146968961485285,0.00040146968961485285
D39,D48,10.876951215299245,10.877963693186405,9.308471345681468e-05,9.308471345681468e-05
D39,D49,10.78598257925535,10.788455511913732,0.00022927282148010875,0.00022927282148010875
D40,D41,12.119786191595953,12.127357716398738,0.0006247242882910786,0.0006247242882910786
D40,D49,10.882224381531561,10.886814355291879,0.00042178635538037135,0.00042178635538037135
D40,D50,10.77988509818171,10.78563686039724,0.0005335643342339047,0.0005335643342339047
D41,D42,12.22737052027132,12.23592955450894,0.0006999897666821742,0.0006999897666821742
D41,D50,10.852267636766058,10.859081837171399,0.0006279056721985032,0.0006279056721985032
D41,D51,10.85874112040617,10.866342139191358,0.0006999907909126524,0.0006999907909126524
D42,D43,12.11972614088289,12.128209824411835,0.0006999897052399895,0.0006999897052399895
D42,D51,10.859038244706566,10.866639471476766,0.000699990790980598,0.000699990790980598
D42,D52,10.852519619885513,10.860116283619634,0.0006999907855684828,0.0006999907855684828
D43,D44,12.141205742841196,12.149704462131682,0.0006999897267614408,0.0006999897267614408
D43,D52,10.780532085662573,10.78807835812195,0.0006999907239655379,0.0006999907239655379
D43,D53,10.882610978069545,10.890228703961343,0.000699990646284121,0.000699990646284121
D44,D45,12.119479078326759,12.127962590955214,0.0006999898736264054,0.0006999898736264054
D44,D53,10.786375349022485,10.793925711766885,0.0006999907290528018,0.0006999907290528018
D44,D54,10.876429252746494,10.884042651411661,0.0006999906392297639,0.0006999906392297639
D45,E37,11.902829237202388,11.910324822534735,0.0006297314010790256,0.0006297314010790256
D45,D54,10.755773339932368,10.763302281270246,0.0006999907026605801,0.0006999907026605801
D45,D55,10.398550534569717,10.405135840228045,0.0006332907299373414,0.0006332907299373414
E37,E38,11.901683591828512,11.907977733920186,0.0005288446834526006,0.0005288446834526006
E37,D55,10.761601918394861,10.767472720300864,0.000545532342723698,0.000545532342723698
E37,E46,10.392896999393377,10.397474754979775,0.00044046963870281175,0.00044046963870281175
E37,E47,10.761036132733686,10.765794627483798,0.0004421967077721245,0.0004421967077721245
E38,E39,12.120325451075974,12.125904057048414,0.000460268661510721,0.000460268661510721
E38,E47,10.398482870592224,10.402875197901565,0.00042240078326849506,0.00042240078326849506
E38,E48,10.755788148713222,10.760082834507765,0.0003992906642602545,0.0003992906642602545
E39,E40,12.141026148147452,12.144819570372622,0.0003124465905008922,0.0003124465905008922
E39,E48,10.876501186502933,10.879993135226924,0.0003210544148446459,0.0003210544148446459
E39,E49,10.786283795636008,10.789278851400955,0.00027767262772737666,0.00027767262772737666
E40,E41,12.119634037379184,12.120742197569635,9.1435119825789e-05,9.1435119825789e-05
E40,E49,10.882232865087943,10.88379641887372,0.00014367950081206615,0.00014367950081206615
E40,E50,10.780094104413008,10.780921015154242,7.670719134966753e-05,7.670719134966753e-05
E41,E42,12.227456941244974,12.225215172669282,-0.00018333890574828704,0.00018333890574828704
E41,E50,10.85213992077139,10.851095267877882,-9.626238706217372e-05,9.626238706217372e-05
E41,E51,10.858767526749975,10.856766015420932,-0.00018432214559460647,0.00018432214559460647
E42,E43,12.119670320598663,12.113834844367421,-0.0004814880336575511,0.0004814880336575511
E42,E51,10.858409683282343,10.854327703425394,-0.0003759279651451841,0.0003759279651451841
E42,E52,10.852776815635714,10.847615327656708,-0.00047559146075593084,0.00047559146075593084
E43,E44,12.142044304399487,12.13381547987701,-0.0006777132677316944,0.0006777132677316944
E43,E52,10.77966123447301,10.772570273509542,-0.0006578092584943462,0.0006578092584943462
E43,E53,10.882550458876814,10.875176763195991,-0.000677570548254014,0.000677570548254014
E44,E45,12.11957310304286,12.111089525739676,-0.000699989779429977,0.000699989779429977
E44,E53,10.786087648447884,10.778537487097568,-0.0006999907284642726,0.0006999907284642726
E44,E54,10.875897870980571,10.868284842469397,-0.0006999908054936554,0.0006999908054936554
E45,A37,11.902205041503866,11.893873624707954,-0.0006999893521292266,0.0006999893521292266
E45,E54,10.755836615531118,10.748307629904067,-0.0006999907023670371,0.0006999907023670371
E45,E55,10.398741001679,10.391461982972801,-0.0006999903839342014,0.0006999903839342014
A37,A47,10.761550431977724,10.75401745306772,-0.0006999901136569564,0.0006999901136569564
A37,E55,10.761101182035237,10.753568518175083,-0.0006999900598211317,0.0006999900598211317
A37,A46,10.392906327394664,10.385631392966474,-0.0006999903779575378,0.0006999903779575378
A47,A48,11.897461734756712,11.889133612462182,-0.0006999915175353033,0.0006999915175353033
A47,A46,11.897351226638639,11.88902318234949,-0.0006999914628478265,0.0006999914628478265
A47,A57,10.42112110139786,10.413826416626668,-0.0006999904041239402,0.0006999904041239402
A47,A58,10.782942298371076,10.775394345736752,-0.000699990079281454,0.000699990079281454
A48,A49,12.135851822595724,12.127356826296687,-0.000699991761865415,0.000699991761865415
A48,A58,10.415412631288325,10.408121942446812,-0.0006999903988068601,0.0006999903988068601
A48,A59,10.755074233588532,10.747899240268719,-0.000667126340923363,0.000667126340923363
A49,A50,12.135928719714858,12.127433671519459,-0.0006999916027522479,0.0006999916027522479
A49,A59,10.857592461038488,10.850348606534128,-0.0006671694973221509,0.0006671694973221509
A49,A60,10.761757428970418,10.755287911379076,-0.0006011580946737594,0.0006011580946737594
A50,A51,12.221927777973491,12.213715095054392,-0.0006719629724780685,0.0006719629724780685
A50,A60,10.852274005479211,10.845748099676438,-0.0006013399403183017,0.0006013399403183017
A50,A61,10.876743434043103,10.871614215783422,-0.00047157665258767967,0.00047157665258767967
A51,A52,12.221927777973491,12.215750540968655,-0.0005054224764745596,0.0005054224764745596
A51,A61,10.882929237112593,10.877943195046097,-0.00045815257619186145,0.00045815257619186145
A51,A62,10.882929237112593,10.88042293189052,-0.00023029693269771556,0.00023029693269771556
A52,A53,12.135928719714858,12.133722707692277,-0.00018177529495522204,0.00018177529495522204
A52,A62,10.876743434043103,10.874646030797305,-0.00019283375198808628,0.00019283375198808628
A52,A63,10.852274005479211,10.853947893113757,0.00015424303088007463,0.00015424303088007463
A53,A54,12.135951308817946,12.139480768037112,0.000290826745209527,0.000290826745209527
A53,A63,10.761757428970418,10.763768398374811,0.00018686254709487926,0.00018686254709487926
A53,A64,10.857592461038488,10.8650120078692,0.0006833510151846856,0.0006833510151846856
A54,A55,11.897362769958733,11.905075881746006,0.0006483043289853274,0.0006483043289853274
A54,A64,10.755129985267496,10.7626465724323,0.0006988838977399769,0.0006988838977399769
A54,A65,10.415356981400125,10.418724663204756,0.0003233381064753349,0.0003233381064753349
A55,B46,11.897351226638639,11.904195216736843,0.0005752532616571937,0.0005752532616571937
A55,A65,10.782942298371076,10.789593009804854,0.0006167807681567439,0.0006167807681567439
A55,A66,10.42112110139786,10.427720016549605,0.0006332250712315357,0.0006332250712315357
B47,B48,11.897857575210756,11.905351597893729,0.0006298632031522811,0.0006298632031522811
B48,B49,12.135810169082244,12.14430513626126,0.00069999176492197,0.00069999176492197
B48,B58,10.415955833719734,10.42320747502916,0.0006962050747134629,0.0006962050747134629
B48,B59,10.755490119934095,10.762787006204379,0.0006784336361167487,0.0006784336361167487
B49,B50,12.135499282683012,12.140613134505708,0.00042139607968105786,0.00042139607968105786
B49,B59,10.858523513811623,10.862421804496437,0.0003590074359425266,0.0003590074359425266
B49,B60,10.761667502761817,10.765551664433948,0.00036092563453893334,0.00036092563453893334
B50,B51,12.22224306500243,12.224976812987103,0.00022366990822653143,0.00022366990822653143
B50,B60,10.852247739523806,10.85424183453827,0.00018374949248545214,0.00018374949248545214
B50,B61,10.877005125033254,10.88355223067668,0.0006019217209300987,0.0006019217209300987
B51,B52,12.22191628755491,12.22299266536547,8.80694798783832e-05,8.80694798783832e-05
B51,B61,10.882825521435139,10.889207119469402,0.000586391651845819,0.000586391651845819
B51,B62,10.883030790179737,10.888330917977733,0.0004870084354422488,0.0004870084354422488
B52,B53,12.135557493992602,12.135930223174485,3.0713807920967895e-05,3.0713807920967895e-05
B52,B62,10.87671160047925,10.881935206137559,0.0004802559679966123,0.0004802559679966123
B52,B63,10.85225995311575,10.858001223777984,0.0005290391758987489,0.0005290391758987489
B53,B54,12.13667270301049,12.137234711124098,4.630660539017839e-05,4.630660539017839e-05
B53,B63,10.761656517469786,10.767381920283741,0.0005320187282189526,0.0005320187282189526
B53,B64,10.858460162472385,10.864372008341412,0.0005444460614645319,0.0005444460614645319
B54,B55,11.897004305706547,11.8983783891744,0.00011549827440116012,0.00011549827440116012
B54,B64,10.755671666613853,10.761557213102181,0.0005472039934610873,0.0005472039934610873
B54,B65,10.415861322041513,10.421054748227114,0.0004986074626982528,0.0004986074626982528
B55,C46,11.89745333296164,11.90035785825834,0.0002441300012208103,0.0002441300012208103
B55,B65,10.783139871577298,10.788495494189407,0.000496666339850238,0.000496666339850238
B55,B66,10.421670646302337,10.427868155795872,0.0005946752400713962,0.0005946752400713962
C46,C47,11.897365885354612,11.898866723392674,0.00012614876709049483,0.00012614876709049483
C46,B66,10.778062278999874,10.784550680463886,0.0006020007396554394,0.0006020007396554394
C46,C56,10.392880275457822,10.394953290848186,0.00019946495441303114,0.00019946495441303114
C46,C57,10.777900454634004,10.781552936530925,0.0003388862155755401,0.0003388862155755401
C47,C48,11.897603439348627,11.892039061726758,-0.0004676889467896128,0.0004676889467896128
C47,C57,10.42167004371178,10.423888322831942,0.00021285255730219,0.00021285255730219
C47,C58,10.78337971880802,10.780227588037352,-0.00029231380632632753,0.00029231380632632753
C48,C49,12.13577873479902,12.127283792281473,-0.0006999915459227068,0.0006999915459227068
C48,C58,10.415790600813764,10.411604832473149,-0.00040186755869386914,0.00040186755869386914
C48,C59,10.75559086800907,10.748173439627237,-0.000689634672130901,0.000689634672130901
C49,C50,12.13591711614742,12.127422074625388,-0.0006999917221525154,0.0006999917221525154
C49,C59,10.858299230542503,10.850810920639374,-0.0006896393020802138,0.0006896393020802138
C49,C60,10.761323466934718,10.753790640514508,-0.0006999907068452327,0.0006999907068452327
C50,C51,12.221873158399244,12.213317947276492,-0.0006999918107375436,0.0006999918107375436
C50,C60,10.852179108824172,10.844582683440457,-0.0006999907859555066,0.0006999907859555066
C50,C61,10.876115317520302,10.86850213685153,-0.0006999908006223299,0.0006999908006223299
C51,C52,12.221532263182064,12.21297729062387,-0.0006999918155897733,0.0006999918155897733
C51,C61,10.882760040541186,10.87514220852904,-0.000699990809662987,0.000699990809662987
C51,C62,10.883202717031418,10.875584575150137,-0.0006999908096316787,0.0006999908096316787
C52,C53,12.135893483382258,12.127398458274659,-0.0006999917327250582,0.0006999917327250582
C52,C62,10.877118202906495,10.869504320185792,-0.0006999908044272862,0.0006999908044272862
C52,C63,10.852920959815364,10.845324015139456,-0.0006999907862627053,0.0006999907862627053
C53,C54,12.13639146616489,12.127896092728703,-0.0006999917116937704,0.0006999917116937704
C53,C63,10.761877111359336,10.754343897381291,-0.0006999907079493495,0.0006999907079493495
C53,C64,10.858877268391979,10.851276155896493,-0.0006999906443009296,0.0006999906443009296
C54,C55,11.89698552113098,11.888657732347113,-0.0006999915036522975,0.0006999915036522975
C54,C64,10.755602923592896,10.748074101546448,-0.0006999907025140306,0.0006999907025140306
C54,C65,10.415679292777806,10.408388417273239,-0.0006999903990537737,0.0006999903990537737
C55,D46,11.89759806389508,11.889269852304853,-0.0006999910020073496,0.0006999910020073496
C55,C65,10.783758771411758,10.776210246687114,-0.0006999901318875956,0.0006999901318875956
C55,C66,10.42229863753672,10.415003128490438,-0.0006999904051882,0.0006999904051882
D46,D47,11.89759806389508,11.891257750829164,-0.0005329069810449116,0.0005329069810449116
D46,C66,10.778018238989945,10.770473732167687,-0.0006999901702676725,0.0006999901702676725
D46,D56,10.393277279568759,10.386002085473164,-0.0006999903783858619,0.0006999903783858619
D46,D57,10.778018238989945,10.770635119901051,-0.0006850163847548218,0.0006850163847548218
D47,D48,11.89698552113098,11.894444075983323,-0.00021362093306265262,0.00021362093306265262
D47,D57,10.42229863753672,10.416909725544938,-0.0005170559949581044,0.0005170559949581044
D47,D58,10.783758771411758,10.77951906600685,-0.0003931565509558421,0.0003931565509558421
D48,D49,12.13639146616489,12.137830222997307,0.00011854898026553151,0.00011854898026553151
D48,D58,10.415679292777806,10.413680629056941,-0.00019188990604301903,0.00019188990604301903
D48,D59,10.755602923592896,10.75481602705897,-7.316154561631816e-05,7.316154561631816e-05
D49,D50,12.135893483382258,12.140963790049598,0.00041779426247301465,0.00041779426247301465
D49,D59,10.858877268391979,10.860305392696493,0.00013151675529754492,0.00013151675529754492
D49,D60,10.761877111359336,10.76446003197995,0.00024000651502409376,0.00024000651502409376
D50,D51,12.221532263182064,12.229179771259357,0.000625740530124208,0.000625740530124208
D50,D60,10.852920959815364,10.857452215552513,0.00041751485650043385,0.00041751485650043385
D50,D61,10.877118202906495,10.88255385947016,0.0004997331519496218,0.0004997331519496218
D51,D52,12.221873158399244,12.230428369493454,0.0006999918084020784,0.0006999918084020784
D51,D61,10.883202717031418,10.889753954161689,0.0006019585686867224,0.0006019585686867224
D51,D62,10.882760040541186,10.889926524968557,0.0006585171776896104,0.0006585171776896104
D52,D53,12.13591711614742,12.144412157702815,0.0006999917249017606,0.0006999917249017606
D52,D62,10.876115317520302,10.883277625607635,0.0006585355044732566,0.0006585355044732566
D52,D63,10.852179108824172,10.859579899001048,0.0006819635119050815,0.0006819635119050815
D53,D54,12.13577873479902,12.144273677457326,0.0006999915575212068,0.0006999915575212068
D53,D63,10.761323466934718,10.768662424016133,0.0006819753261730899,0.0006819753261730899
D53,D64,10.858299230542503,10.86544319180123,0.0006579263572541461,0.0006579263572541461
D54,D55,11.897603439348627,11.905110751526163,0.0006309936463932964,0.0006309936463932964
D54,D64,10.75559086800907,10.762667827572836,0.0006579796173555863,0.0006579796173555863
D54,D65,10.415790600813764,10.422122421103113,0.0006079058740728893,0.0006079058740728893
D55,E46,11.897365885354612,11.902547293179431,0.00043550882394871593,0.00043550882394871593
D55,D65,10.78337971880802,10.78890184729316,0.0005120962656548489,0.0005120962656548489
D55,D66,10.42167004371178,10.426219346796932,0.00043652342341204964,0.00043652342341204964
E46,E47,11.89745333296164,11.900833238910076,0.000284086506065373,0.000284086506065373
E46,D66,10.777900454634004,10.780774549840219,0.0002666655920893213,0.0002666655920893213
E46,E56,10.392880275457822,10.39460016406508,0.0001654871952407877,0.0001654871952407877
E46,E57,10.778062278999874,10.77995977240607,0.00017605144200105727,0.00017605144200105727
E47,E48,11.897004305706547,11.900043778185776,0.00025548217022763886,0.00025548217022763886
E47,E57,10.421670646302337,10.423616328465048,0.00018669580230890048,0.00018669580230890048
E47,E58,10.783139871577298,10.785041502485257,0.00017635224346590483,0.00017635224346590483
E48,E49,12.13667270301049,12.138514970114834,0.00015179342389992634,0.00015179342389992634
E48,E58,10.415861322041513,10.417180305971282,0.00012663224758746594,0.00012663224758746594
E48,E59,10.755671666613853,10.756705535431838,9.61231292688769e-05,9.61231292688769e-05
E49,E50,12.135557493992602,12.135341062674984,-1.7834476720546277e-05,1.7834476720546277e-05
E49,E59,10.858460162472385,10.858414310378835,-4.222706798562292e-06,4.222706798562292e-06
E49,E60,10.761656517469786,10.761109038098692,-5.0873150449159965e-05,5.0873150449159965e-05
E50,E51,12.22191628755491,12.218927616556464,-0.00024453374807431594,0.00024453374807431594
E50,E60,10.85225995311575,10.850152780992092,-0.00019416896874580036,0.00019416896874580036
E50,E61,10.87671160047925,10.873869985157958,-0.00026125684174316266,0.00026125684174316266
E51,E52,12.22224306500243,12.216080386922874,-0.000504218255747424,0.000504218255747424
E51,E61,10.883030790179737,10.878353759661781,-0.0004297544138325282,0.0004297544138325282
E51,E62,10.882825521435139,10.877280537669634,-0.0005095169222903984,0.0005095169222903984
E52,E53,12.135499282683012,12.127259168947159,-0.0006790090414831029,0.0006790090414831029
E52,E62,10.877005125033254,10.869632032894318,-0.0006778605005863803,0.0006778605005863803
E52,E63,10.852247739523806,10.84488036658955,-0.0006788799068255802,0.0006788799068255802
E53,E54,12.135810169082244,12.127315203275202,-0.0006999916518704019,0.0006999916518704019
E53,E63,10.761667502761817,10.754134435506499,-0.0006999907080742496,0.0006999907080742496
E53,E64,10.858523513811623,10.85092264914602,-0.0006999906254230304,0.0006999906254230304
E54,E55,11.897857575210756,11.889529177110822,-0.0006999914099902194,0.0006999914099902194
E54,E64,10.755490119934095,10.747961376850192,-0.0006999907024179963,0.0006999907024179963
E54,E65,10.415955833719734,10.408664764634281,-0.0006999903995222878,0.0006999903995222878
E55,A46,11.897154707744209,11.888826801653558,-0.0006999914093098747,0.0006999914093098747
E55,E65,10.783732667773243,10.776184161867553,-0.0006999900811941462,0.0006999900811941462
E55,E66,10.421131440491475,10.413836748488118,-0.0006999904036344429,0.0006999904036344429
A46,A57,10.77760061423692,10.770056394376473,-0.0006999906686542268,0.0006999906686542268
A46,E66,10.778074430991834,10.770529878888832,-0.0006999907220262003,0.0006999907220262003
A46,A56,10.39269506047397,10.385420273931713,-0.0006999903778497352,0.0006999903778497352
A57,A58,11.902370677306257,11.894039145393632,-0.0006999892826821119,0.0006999892826821119
A57,A56,11.882283821723854,11.873966349986393,-0.0006999893170582805,0.0006999893170582805
A57,A68,10.398643954862594,10.393820814587519,-0.0004638239655103682,0.0004638239655103682
A57,A69,10.77797620381489,10.773093629402023,-0.00045301402791531054,0.00045301402791531054
A58,A59,11.882319080465733,11.874389148836546,-0.0006673723854313529,0.0006673723854313529
A58,A69,10.41592117529697,10.411243624093823,-0.00044907705467678305,0.00044907705467678305
A58,A70,10.761573478353428,10.757352919119766,-0.0003921879307102749,0.0003921879307102749
A59,A60,12.141329288426371,12.13431462438565,-0.000577750909647734,0.000577750909647734
A59,A70,10.422033638402837,10.418098270467432,-0.00037760077082305,0.00037760077082305
A59,A71,10.755899161390472,10.753049989337855,-0.0002648938977454218,0.0002648938977454218
A60,A61,12.205502078980611,12.200335619658137,-0.00042328937302560377,0.00042328937302560377
A60,A71,10.851869637071768,10.849138868192034,-0.00025164040585279324,0.00025164040585279324
A60,A72,10.882823882614302,10.882037644542432,-7.224577741493654e-05,7.224577741493654e-05
A61,A62,12.2274,12.225167220181248,-0.00018260462721031434,0.00018260462721031434
A61,A72,10.858478562855863,10.857898296399943,-5.343902026055947e-05,5.343902026055947e-05
A61,A73,10.87693128276537,10.879360394346092,0.00022332692168158808,0.00022332692168158808
A62,A63,12.205502078980611,12.207556677529386,0.00016833380023850708,0.00016833380023850708
A62,A73,10.87693128276537,10.879508309972618,0.00023692594356394814,0.00023692594356394814
A62,A74,10.858478562855863,10.865510420830297,0.0006475914589441079,0.0006475914589441079
A63,A64,12.141329288426371,12.14925726411759,0.0006529742751295586,0.0006529742751295586
A63,A74,10.882823882614302,10.889813418618035,0.0006422538928430033,0.0006422538928430033
A63,A75,10.851869637071768,10.853998920992598,0.00019621355508703253,0.00019621355508703253
A64,A65,11.882319080465733,11.889856095370034,0.0006343050420765106,0.0006343050420765106
A64,A75,10.755899161390472,10.763238965856504,0.0006823980362682391,0.0006823980362682391
A64,A76,10.422033638402837,10.429328961949313,0.0006999904049047601,0.0006999904049047601
B60,B61,12.205924671650235,12.212578408243404,0.0005451235176490155,0.0005451235176490155
B61,B62,12.227456941244983,12.236016061103955,0.0006999918216927803,0.0006999918216927803
B61,B72,10.858679541270213,10.86508693108297,0.0005900708081867378,0.0005900708081867378
B61,B73,10.876971411197141,10.883382555637803,0.0005894236730328295,0.0005894236730328295
B62,B63,12.205060078918086,12.21321863007874,0.0006684564523158354,0.0006684564523158354
B62,B73,10.876855369545,10.88206874126979,0.00047930872919277334,0.00047930872919277334
B62,B74,10.85833621601395,10.863546423885602,0.0004798348262571306,0.0004798348262571306
B63,B64,12.141891141827948,12.150390365627345,0.000699991764060437,0.000699991764060437
B63,B74,10.882928806621873,10.888681875729892,0.0005286324306852386,0.0005286324306852386
B63,B75,10.852273220390286,10.8580195187671,0.000529501815897504,0.000529501815897504
B64,B65,11.882395862787948,11.890467424327763,0.0006792873788268317,0.0006792873788268317
B64,B75,10.756298129468155,10.762200443066128,0.0005487309413452213,0.0005487309413452213
B64,B76,10.42167789993532,10.427531848263678,0.000561708813548556,0.000561708813548556
B65,B66,11.901978188939847,11.910309473672148,0.0006999915980390181,0.0006999915980390181
B65,B76,10.76166635284703,10.766921707502524,0.0004883402331186115,0.0004883402331186115
B65,B77,10.415699719653967,10.420901959452774,0.0004994613841440287,0.0004994613841440287
B66,C56,11.882391980152825,11.888926526470327,0.0005499352595350615,0.0005499352595350615
B66,B77,10.778262760760661,10.78460175048332,0.000588127220811252,0.000588127220811252
B66,B78,10.398680599960768,10.404961613404927,0.0006040202296608843,0.0006040202296608843
C56,C57,11.882193175083477,11.884828379573971,0.00022177761728525702,0.00022177761728525702
C57,C58,11.902352181816825,11.904406124201103,0.00017256609054250305,0.00017256609054250305
C57,C68,10.398459320976373,10.400898064512386,0.0002345293144623284,0.0002345293144623284
C57,C69,10.77812852864541,10.782627179780379,0.00041738703737026484,0.00041738703737026484
C58,C59,11.882520650097781,11.87758127488667,-0.00041568412599990445,0.00041568412599990445
C58,C69,10.41599063363633,10.419344291195433,0.0003219720213911703,0.0003219720213911703
C58,C70,10.761639816031751,10.759472145819654,-0.0002014256422955274,0.0002014256422955274
C59,C60,12.140975553059963,12.132602355141646,-0.0006896643421876458,0.0006896643421876458
C59,C70,10.421653740649807,10.418542821778539,-0.00029850529951247484,0.00029850529951247484
C59,C71,10.754975414662743,10.748280287831856,-0.0006225143780207443,0.0006225143780207443
C60,C61,12.205357351999169,12.196813726545463,-0.0006999897837736135,0.0006999897837736135
C60,C71,10.852226713905319,10.845379710333368,-0.0006309307529649422,0.0006309307529649422
C60,C72,10.883490722190208,10.875872379064328,-0.0006999907768880931,0.0006999907768880931
C61,C62,12.227958326719964,12.219398880625116,-0.0006999897992900905,0.0006999897992900905
C61,C72,10.85871922143676,10.851118217973623,-0.0006999907915595793,0.0006999907915595793
C61,C73,10.877270055027592,10.869656065977455,-0.0006999908075848715,0.0006999908075848715
C62,C63,12.205429565566295,12.196885889591126,-0.0006999897815371803,0.0006999897815371803
C62,C73,10.876753096857534,10.869139469673685,-0.0006999908075553396,0.0006999908075553396
C62,C74,10.858310738784382,10.850710021242524,-0.0006999907927399684,0.0006999907927399684
C63,C64,12.141201425312081,12.132702709377496,-0.000699989699278647,0.000699989699278647
C63,C74,10.883063944496525,10.875445900136183,-0.000699990774582826,0.000699990774582826
C63,C75,10.85221484582757,10.844618395641335,-0.0006999907663232108,0.0006999907663232108
C64,C65,11.88221130093217,11.873893879781196,-0.0006999893319790118,0.0006999893319790118
C64,C75,10.755681576264713,10.748152699160022,-0.0006999907027097629,0.0006999907027097629
C64,C76,10.421422025808184,10.41412713039174,-0.0006999904042248595,0.0006999904042248595
C65,C66,11.902569565014094,11.894237893665224,-0.000699989300911974,0.000699989300911974
C65,C76,10.761099990242627,10.753567326780866,-0.0006999901003235109,0.0006999901003235109
C65,C77,10.416099548295396,10.408808378611225,-0.0006999903995122958,0.0006999903995122958
C66,D56,11.882349631701645,11.874032108368366,-0.0006999897824154777,0.0006999897824154777
C66,C77,10.778041596227023,10.770497067641148,-0.0006999906725648763,0.0006999906725648763
C66,C78,10.398684665379578,10.391405686113815,-0.0006999903833988519,0.0006999903833988519
D56,D57,11.882349631701645,11.874209256958352,-0.0006850812335613687,0.0006850812335613687
D56,C78,10.783466244209233,10.775917919296807,-0.0006999905912886684,0.0006999905912886684
D56,D67,10.392818637886448,10.385543764839953,-0.0006999903779687511,0.0006999903779687511
D56,D68,10.783466244209233,10.775917917838534,-0.0006999907265210492,0.0006999907265210492
D57,D58,11.902569565014094,11.89670917992081,-0.0004923630197053441,0.0004923630197053441
D57,D68,10.398684665379578,10.391561576290018,-0.0006849990473579703,0.0006849990473579703
D57,D69,10.778041596227023,10.770935691573088,-0.0006592946028731728,0.0006592946028731728
D58,D59,11.88221130093217,11.879981423191643,-0.00018766521517354917,0.00018766521517354917
D58,D69,10.416099548295396,10.411122406986129,-0.00047783158044811813,0.00047783158044811813
D58,D70,10.761099990242627,10.757091193686291,-0.00037252665247711203,0.00037252665247711203
D59,D60,12.141201425312081,12.142513704792712,0.00010808481258650637,0.00010808481258650637
D59,D70,10.421422025808184,10.419554957625637,-0.00017915675787072427,0.00017915675787072427
D59,D71,10.755681576264713,10.75477184815481,-8.458116795784232e-05,8.458116795784232e-05
D60,D61,12.205429565566295,12.209831541436417,0.000360657185105584,0.000360657185105584
D60,D71,10.85221484582757,10.85334135257852,0.00010380431708667537,0.00010380431708667537
D60,D72,10.883063944496525,10.88508503325392,0.000185709536184131,0.000185709536184131
D61,D62,12.227958326719964,12.23459119112969,0.0005424343322493197,0.0005424343322493197
D61,D72,10.858310738784382,10.861988789741085,0.00033873141459883627,0.00033873141459883627
D61,D73,10.876753096857534,10.881058662870226,0.00039585030333499915,0.00039585030333499915
D62,D63,12.205357351999169,12.213141087146791,0.0006377310326228791,0.0006377310326228791
D62,D73,10.877270055027592,10.882669350085724,0.0004963832865063633,0.0004963832865063633
D62,D74,10.85871922143676,10.86442577746417,0.000525527542525106,0.000525527542525106
D63,D64,12.140975553059963,12.148710441844221,0.0006370895609215665,0.0006370895609215665
D63,D74,10.883490722190208,10.889590005540741,0.0005604160931655944,0.0005604160931655944
D63,D75,10.852226713905319,10.858314467797038,0.0005609681821261425,0.0005609681821261425
D64,D65,11.882520650097781,11.889023242322999,0.0005472401367268009,0.0005472401367268009
D64,D75,10.754975414662743,10.7606271799111,0.0005255023866119757,0.0005255023866119757
D64,D76,10.421653740649807,10.42688190217247,0.0005016633302898921,0.0005016633302898921
D65,D66,11.902352181816825,11.906864112461108,0.0003790789060313937,0.0003790789060313937
D65,D76,10.761639816031751,10.766034401157775,0.00040835645878778415,0.00040835645878778415
D65,D77,10.41599063363633,10.419719649642422,0.00035800877105729434,0.00035800877105729434
D66,E56,11.882193175083477,11.883869341745083,0.00014106542764502628,0.00014106542764502628
D66,D77,10.77812852864541,10.780421056672676,0.00021270186388777645,0.00021270186388777645
D66,D78,10.398459320976373,10.39989502887068,0.00013806928988135958,0.00013806928988135958
E56,E57,11.882391980152825,11.882413959971798,1.8497806679729223e-06,1.8497806679729223e-06
E56,D78,10.782940508043248,10.78248519193017,-4.22255981786801e-05,4.22255981786801e-05
E56,E67,10.3929305612036,10.391505321370538,-0.00013713551001515167,0.00013713551001515167
E56,E68,10.78354847394864,10.782252898438028,-0.00012014370907142968,0.00012014370907142968
E57,E58,11.901978188939847,11.902094495711019,9.772053798595692e-06,9.772053798595692e-06
E57,E68,10.398680599960768,10.397795377247428,-8.512836843388438e-05,8.512836843388438e-05
E57,E69,10.778262760760661,10.77733719243968,-8.587360890399687e-05,8.587360890399687e-05
E58,E59,11.882395862787948,11.881767217141837,-5.290563059590081e-05,5.290563059590081e-05
E58,E69,10.415699719653967,10.414606007208402,-0.00010500614217023863,0.00010500614217023863
E58,E70,10.76166635284703,10.76034047093217,-0.00012320414621558307,0.00012320414621558307
E59,E60,12.141891141827948,12.139726828260587,-0.00017825176836783196,0.00017825176836783196
E59,E70,10.42167789993532,10.419660152067312,-0.00019361065342660133,0.00019361065342660133
E59,E71,10.756298129468155,10.753838431503034,-0.0002286751385573993,0.0002286751385573993
E60,E61,12.205060078918086,12.200723716307357,-0.0003552921970634282,0.0003552921970634282
E60,E71,10.852273220390286,10.848605973252345,-0.0003379243282458644,0.0003379243282458644
E60,E72,10.882928806621873,10.878718682260802,-0.00038685582124819984,0.00038685582124819984
E61,E62,12.227456941244983,12.22049269209521,-0.000569558264096659,0.000569558264096659
E61,E72,10.85833621601395,10.852629340036732,-0.0005255755452480138,0.0005255755452480138
E61,E73,10.876855369545,10.870697181168627,-0.0005661736013899965,0.0005661736013899965
E62,E63,12.205924671650235,12.197393919319218,-0.0006989025871043664,0.0006989025871043664
E62,E73,10.876971411197141,10.869369466491364,-0.0006989027017163529,0.0006989027017163529
E62,E74,10.858679541270213,10.851090378618956,-0.000698902902734444,0.000698902902734444
E63,E64,12.14123459043602,12.13273585055953,-0.0006999897591292159,0.0006999897591292159
E63,E74,10.883055060505772,10.875437022302515,-0.0006999907802452965,0.0006999907802452965
E63,E75,10.85242314969336,10.844826553486778,-0.0006999907856336529,0.0006999907856336529
E64,E65,11.88193193256046,11.873614706469372,-0.0006999893736385765,0.0006999893736385765
E64,E75,10.755662030763155,10.748133167336784,-0.0006999907030210695,0.0006999907030210695
E64,E76,10.421691093579785,10.414396009818915,-0.0006999904041834482,0.0006999904041834482
E65,E66,11.902204848262357,11.893873431125757,-0.0006999893921181277,0.0006999893921181277
E65,E76,10.761119532836721,10.753586855685683,-0.0006999901012206822,0.0006999901012206822
E65,E77,10.41631330365978,10.409021984349064,-0.0006999903994971968,0.0006999903994971968
E66,A56,11.88246787582445,11.874150274617646,-0.0006999893703668603,0.0006999893703668603
E66,E77,10.77777578584746,10.770231442793625,-0.000699990721995003,0.000699990721995003
E66,E78,10.399148754104832,10.391869449976955,-0.0006999903838286192,0.0006999903838286192
A56,A68,10.783427588665868,10.778383408634538,-0.00046777149379029215,0.00046777149379029215
A56,E78,10.783397155349503,10.77584888474524,-0.0006999900398287906,0.0006999900398287906
A56,A67,10.392637369311016,10.388114035992752,-0.00043524402493066994,0.00043524402493066994
A68,A69,11.877170217269777,11.87327315376604,-0.0003281138042520171,0.0003281138042520171
A68,A67,11.877193256405311,11.873397077057657,-0.00031961922869339077,0.00031961922869339077
A68,A80,10.51454185307185,10.515771488449166,0.00011694616793556101,0.00011694616793556101
A68,A81,10.850727159504089,10.851802191238859,9.907462596436822e-05,9.907462596436822e-05
A69,A70,11.87714380648815,11.87381229108494,-0.0002804980269237589,0.0002804980269237589
A69,A81,10.508843532948804,10.509984447463786,0.00010856708556028494,0.00010856708556028494
A69,A82,10.86810372144101,10.869831058431314,0.00015893637331565458,0.00015893637331565458
A70,A71,11.877256663472421,11.875216465330997,-0.00017177351632879923,0.00017177351632879923
A70,A82,10.491268069208793,10.493057720704412,0.00017058486007726081,0.00017058486007726081
A70,A83,10.87322947150477,10.87645541923459,0.00029668717452113746,0.00029668717452113746
A71,A72,12.20003672945291,12.200073729146293,3.0327526223672407e-06,3.0327526223672407e-06
A71,A83,10.485308625405345,10.488535733158177,0.00030777422659866716,0.00030777422659866716
A71,A84,10.755891321968626,10.760282348963331,0.0004082438975314684,0.0004082438975314684
A72,A73,12.200116285101549,12.203344330702436,0.0002645913797418853,0.0002645913797418853
A72,A84,10.785756253967541,10.790261741245693,0.0004177256719013478,0.0004177256719013478
A72,A85,10.761532731911364,10.768427892096403,0.0006407228744091942,0.0006407228744091942
A73,A74,12.200116285101549,12.207931114913436,0.0006405537151665808,0.0006405537151665808
A73,A85,10.77948991603963,10.786593823327548,0.0006590207276271354,0.0006590207276271354
A73,A86,10.77948991603963,10.78218926352368,0.000250415140704785,0.000250415140704785
A74,A75,12.20003672945291,12.207215545489458,0.000588425772458212,0.000588425772458212
A74,A86,10.761532731911364,10.768451863201195,0.0006429503549538751,0.0006429503549538751
A74,A87,10.785756253967541,10.792677454637799,0.0006416982274850547,0.0006416982274850547
C68,C69,11.877588812970425,11.88117769626292,0.0003021558793629975,0.0003021558793629975
C69,C70,11.877274477336963,11.880587606020732,0.00027894688213958574,0.00027894688213958574
C69,C81,10.508723007102237,10.51209935819858,0.0003212903312856952,0.0003212903312856952
C69,C82,10.867730659617955,10.87348817782781,0.0005297810913964529,0.0005297810913964529
C70,C71,11.8767347920209,11.87311787291583,-0.000304538172183344,0.000304538172183344
C70,C82,10.491022357234794,10.495608916976515,0.00043718901605038774,0.00043718901605038774
C70,C83,10.87284361425289,10.872291854184423,-5.074662048332179e-05,5.074662048332179e-05
C71,C72,12.200534441162823,12.192820980945132,-0.0006322231419360058,0.0006322231419360058
C71,C83,10.485283205521903,10.483949970261127,-0.0001271530043245317,0.0001271530043245317
C71,C84,10.755781917182958,10.750558029845344,-0.00048568178286212405,0.00048568178286212405
C72,C73,12.19981042065818,12.191270653399485,-0.0006999918002196237,0.0006999918002196237
C72,C84,10.785604515278681,10.779917997952504,-0.000527232137811251,0.000527232137811251
C72,C85,10.761788398774613,10.754255246897472,-0.000699990707678122,0.000699990707678122
C73,C74,12.20030992925999,12.19176981233254,-0.0006999918015991868,0.0006999918015991868
C73,C85,10.779944337518643,10.772398476481145,-0.0006999907236288072,0.0006999907236288072
C73,C86,10.779658343379904,10.772112682543701,-0.0006999907228818492,0.0006999907228818492
C74,C75,12.19993596704507,12.19139611217723,-0.0006999917779001441,0.0006999917779001441
C74,C86,10.761594031090365,10.754061015264304,-0.0006999907080956769,0.0006999907080956769
C74,C87,10.78521321856921,10.777663669497432,-0.0006999907112433812,0.0006999907112433812
C75,C76,11.87711473254342,11.86880085351689,-0.0006999914721502742,0.0006999914721502742
C75,C87,10.755501770256929,10.74797301901164,-0.0006999907030008634,0.0006999907030008634
C75,C88,10.48549212054445,10.478152376063846,-0.0006999904626528997,0.0006999904626528997
C76,C77,11.87736675530397,11.869052699857766,-0.0006999914726462109,0.0006999914726462109
C76,C88,10.87341890391426,10.865807617633111,-0.0006999901639408446,0.0006999901639408446
C76,C89,10.49071366018538,10.483370260621589,-0.0006999904679183544,0.0006999904679183544
C77,C78,11.87723912363476,11.868925157428084,-0.0006999914811963714,0.0006999914811963714
C77,C89,10.867197071002261,10.85959013338928,-0.0006999907670099947,0.0006999907670099947
C77,C90,10.508373386970984,10.501017625600248,-0.0006999904837656779,0.0006999904837656779
C78,D67,11.877262305767264,11.86894832930531,-0.0006999909783853564,0.0006999909783853564
C78,C90,10.850474564736782,10.842879338936681,-0.000699990194418243,0.000699990194418243
C78,C91,10.514586408413777,10.507226297927833,-0.0006999904894076092,0.0006999904894076092
D67,D68,11.877262305767264,11.868948327699604,-0.0006999911135769921,0.0006999911135769921
D67,C91,10.8448823386886,10.837291026505147,-0.0006999902761851695,0.0006999902761851695
D67,D79,10.392880294220669,10.385605378014722,-0.0006999903780275929,0.0006999903780275929
D67,D80,10.8448823386886,10.837291027970709,-0.0006999901410466025,0.0006999901410466025
D68,D69,11.87723912363476,11.869242367544148,-0.0006732840862569978,0.0006732840862569978
D68,D80,10.514586408413777,10.507226297927877,-0.0006999904894033904,0.0006999904894033904
D68,D81,10.850474564736782,10.84287933774414,-0.0006999903043251043,0.0006999903043251043
D69,D70,11.87736675530397,11.871581345718452,-0.0004870953052733551,0.0004870953052733551
D69,D81,10.508373386970984,10.501301026201022,-0.0006730214572249205,0.0006730214572249205
D69,D82,10.867197071002261,10.860062160956486,-0.0006565547674489691,0.0006565547674489691
D70,D71,11.87711473254342,11.874537880704006,-0.00021695941290811316,0.00021695941290811316
D70,D82,10.49071366018538,10.48562932237451,-0.00048465128070029895,0.00048465128070029895
D70,D83,10.87341890391426,10.86907175866182,-0.0003997956200211261,0.0003997956200211261
D71,D72,12.19993596704507,12.200341316057987,3.3225503315081895e-05,3.3225503315081895e-05
D71,D83,10.48549212054445,10.483137979956126,-0.00022451407728507622,0.00022451407728507622
D71,D84,10.755501770256929,10.753880098088127,-0.0001507760589363194,0.0001507760589363194
D72,D73,12.20030992925999,12.20318411108537,0.00023558268946000105,0.00023558268946000105
D72,D84,10.78521321856921,10.785341569051099,1.1900597539193924e-05,1.1900597539193924e-05
D72,D85,10.761594031090365,10.762358616567978,7.104760460241444e-05,7.104760460241444e-05
D73,D74,12.19981042065818,12.20426057254579,0.000364772216466136,0.000364772216466136
D73,D85,10.779658343379904,10.781739549798479,0.0001930679389159362,0.0001930679389159362
D73,D86,10.779944337518643,10.782416626843693,0.0002293415668619403,0.0002293415668619403
D74,D75,12.200534441162823,12.205532375728348,0.000409648822322195,0.000409648822322195
D74,D86,10.761788398774613,10.764960048453858,0.0002947139974993629,0.0002947139974993629
D74,D87,10.785604515278681,10.788919466362946,0.00030734958616074337,0.00030734958616074337
D75,D76,11.8767347920209,11.881141318483298,0.0003710217108963132,0.0003710217108963132
D75,D87,10.755781917182958,10.759097892159991,0.00030829697018464053,0.00030829697018464053
D75,D88,10.485283205521903,10.488425202698435,0.0002996578265885841,0.0002996578265885841
D76,D77,11.877274477336963,11.880293419066826,0.0002541779880242956,0.0002541779880242956
D76,D88,10.87284361425289,10.875453799481345,0.00024006463452064253,0.00024006463452064253
D76,D89,10.491022357234794,10.493221704196182,0.00020964086115715652,0.00020964086115715652
D77,D78,11.877588812970425,11.878379922024275,6.660518951329131e-05,6.660518951329131e-05
D77,D89,10.867730659617955,10.86876872063484,9.551773497129545e-05,9.551773497129545e-05
D77,D90,10.508723007102237,10.50917555848661,4.306435558998345e-05,4.306435558998345e-05
D78,E67,11.876649437025579,11.874567162733822,-0.0001753250613987234,0.0001753250613987234
D78,D90,10.851424970481984,10.850215222199946,-0.00011148289605555917,0.00011148289605555917
D78,D91,10.514602642515783,10.512674254368054,-0.00018340095325442007,0.00018340095325442007
E67,E68,11.877486148171249,11.873962608972185,-0.0002966569823873444,0.0002966569823873444
E67,D91,10.844261724064024,10.840360186309352,-0.00035977901068307006,0.00035977901068307006
E67,E79,10.392572377424178,10.387962412057409,-0.00044358270496958063,0.00044358270496958063
E67,E80,10.845216995984911,10.840620594580209,-0.00042381829763338263,0.00042381829763338263
E68,E69,11.877709834812437,11.874613855148043,-0.0002606545965048168,0.0002606545965048168
E68,E80,10.51434297757115,10.510414169060104,-0.00037366181790221553,0.00037366181790221553
E68,E81,10.8505310713347,10.84654826561515,-0.00036706090175364636,0.00036706090175364636
E69,E70,11.876767361534029,11.87336902953315,-0.00028613274112665454,0.00028613274112665454
E69,E81,10.508790792950442,10.504993656414706,-0.00036132953929235434,0.00036132953929235434
E69,E82,10.867596847969663,10.86357432738435,-0.00037013892230131074,0.00037013892230131074
E70,E71,11.877649397081898,11.873248623132103,-0.0003705088273506796,0.0003705088273506796
E70,E82,10.4908119957418,10.486513820906698,-0.0004097084989079791,0.0004097084989079791
E70,E83,10.873406964240777,10.868699386912539,-0.00043294409412986123,0.00043294409412986123
E71,E72,12.199908560313064,12.193761764996722,-0.0005038394579724992,0.0005038394579724992
E71,E83,10.48522493654761,10.479859848924779,-0.0005116807369701659,0.0005116807369701659
E71,E84,10.755053302052945,10.749260825806509,-0.0005385818260268405,0.0005385818260268405
E72,E73,12.199585401561812,12.19176344006273,-0.0006411661742276031,0.0006411661742276031
E72,E84,10.786015648514509,10.779111052296384,-0.0006401433525711209,0.0006401433525711209
E72,E85,10.7617187056715,10.754829713000786,-0.0006401387045252838,0.0006401387045252838
E73,E74,12.20043160793912,12.191891406686867,-0.0006999917319887583,0.0006999917319887583
E73,E85,10.779616179159635,10.772070547827115,-0.000699990723891375,0.000699990723891375
E73,E86,10.77993810371841,10.772392247052915,-0.0006999907228494306,0.0006999907228494306
E74,E75,12.200358303345029,12.191818153502805,-0.0006999917240039233,0.0006999917240039233
E74,E86,10.761707891408307,10.754174795854773,-0.000699990710540277,0.000699990710540277
E74,E87,10.785361171513907,10.77781151903011,-0.0006999906969956671,0.0006999906969956671
E75,E76,11.876989954108742,11.868676162920318,-0.0006999914305347854,0.0006999914305347854
E75,E87,10.755898878754858,10.748369849542899,-0.0006999907024813901,0.0006999907024813901
E75,E88,10.48493515764403,10.477595803037127,-0.0006999904621776132,0.0006999904621776132
E76,E77,11.87740809941293,11.869094015536092,-0.0006999914297167731,0.0006999914297167731
E76,E88,10.873246010736628,10.865634845489822,-0.0006999901629458627,0.0006999901629458627
E76,E89,10.490906144370939,10.483562610065139,-0.0006999904683867575,0.0006999904683867575
E77,E78,11.877060947894483,11.868747107503541,-0.0006999913890662901,0.0006999913890662901
E77,E89,10.867584061326612,10.859976852831801,-0.0006999907662901261,0.0006999907662901261
E77,E90,10.508030560005052,10.50067503861307,-0.0006999904834668058,0.0006999904834668058
E78,A67,11.876663369818981,11.871308764142174,-0.0004508510100921237,0.0004508510100921237
E78,E90,10.850697832397696,10.843102450846443,-0.0006999901452029444,0.0006999901452029444
E78,E91,10.514542467459044,10.5096838428746,-0.00046208616299581173,0.00046208616299581173
A67,A80,10.844976721505663,10.846164586369602,0.00010953134289204414,0.00010953134289204414
A67,E91,10.844713216125177,10.841266850347742,-0.0003177922466691685,0.0003177922466691685
A67,A79,10.392996380736417,10.394991536831373,0.00019197121040614995,0.00019197121040614995
A80,A81,11.882342559024295,11.885498282065551,0.00026558088403705327,0.00026558088403705327
A80,A79,11.82149326100557,11.825122478838574,0.00030700164123742546,0.00030700164123742546
A80,A93,10.39899046830989,10.405453322581184,0.0006214886234379158,0.0006214886234379158
A80,A94,10.845269312008808,10.850598329063274,0.0004913678859561621,0.0004913678859561621
A81,A82,11.903139873999631,11.906624555306548,0.0002927531175642706,0.0002927531175642706
A81,A94,10.50883524563974,10.514011151270896,0.0004925289539869926,0.0004925289539869926
A81,A95,10.873566298597723,10.880219786235266,0.0006118956241982776,0.0006118956241982776
A82,A83,11.882304204151655,11.887018938178931,0.0003967861743203738,0.0003967861743203738
A82,A95,10.514546130480385,10.521119834629099,0.0006252009423077798,0.0006252009423077798
A82,A96,10.867592416446248,10.869772732257092,0.0002006254676558683,0.0002006254676558683
A83,A84,11.821438258519981,11.827556860519318,0.0005175852434813333,0.0005175852434813333
A83,A96,10.485487258587467,10.488802580029637,0.0003161819150994116,0.0003161819150994116
A83,A97,10.76146892436159,10.764825217819359,0.0003118806067607949,0.0003118806067607949
A84,A85,12.205498251607759,12.214042000392762,0.0006999918076984191,0.0006999918076984191
A84,A97,10.49090248977656,10.495268142026434,0.0004161369581052732,0.0004161369581052732
A84,A98,10.755829906148568,10.760235047730887,0.0004095585018317749,0.0004095585018317749
A85,A86,12.2266,12.233845919753152,0.0005926357084677925,0.0005926357084677925
A85,A98,10.780074559111366,10.787055182417252,0.0006475487036390337,0.0006475487036390337
A85,A99,10.786189590861088,10.793170573066842,0.0006472148618330564,0.0006472148618330564
C81,C82,11.903136713068522,11.907898199341894,0.00040001945606027434,0.00040001945606027434
C82,C83,11.88201231610202,11.88681223096317,0.0004039648111324734,0.0004039648111324734
C82,C95,10.514499912026247,10.519026376494095,0.00043049736133160543,0.00043049736133160543
C82,C96,10.866726675959047,10.874333284647964,0.0006999907990459242,0.0006999907990459242
C83,C84,11.821380801327734,11.81981220530437,-0.00013269143848138043,0.00013269143848138043
C83,C96,10.48506061260497,10.491796449512986,0.000642422314651947,0.000642422314651947
C83,C97,10.76174363242315,10.763570753060236,0.00016977923833660924,0.00016977923833660924
C84,C85,12.205791932521214,12.199272939180453,-0.0005340901579184987,0.0005340901579184987
C84,C97,10.491191706379222,10.492432291404858,0.00011825015311472953,0.00011825015311472953
C84,C98,10.755914620337965,10.752845020111826,-0.0002853871878394365,0.0002853871878394365
C85,C86,12.226297336479265,12.217739055121305,-0.000699989630746578,0.000699989630746578
C85,C98,10.779635668240362,10.775894965397622,-0.00034701570237294366,0.00034701570237294366
C85,C99,10.785208481990502,10.778700079806148,-0.0006034563166045226,0.0006034563166045226
C86,C87,12.20534409265057,12.19680047833569,-0.0006999896315929011,0.0006999896315929011
C86,C99,10.785818159045704,10.779310352471208,-0.000603366984176068,0.000603366984176068
C86,C100,10.779921200546884,10.772375355965588,-0.0006999906994601401,0.0006999906994601401
C87,C88,11.821880159264001,11.813604968526484,-0.0006999893947523539,0.0006999893947523539
C87,C100,10.755712359950865,10.748183461298952,-0.0006999907026099539,0.0006999907026099539
C87,C101,10.491115798617415,10.48377211755615,-0.0006999904683382407,0.0006999904683382407
C88,C89,11.881924064729589,11.873606843143843,-0.0006999894579728938,0.0006999894579728938
C88,C101,10.76105027402066,10.753517643986397,-0.0006999902279472003,0.0006999902279472003
C88,C102,10.484898809716768,10.477559480546168,-0.0006999904628357534,0.0006999904628357534
C89,C90,11.903304032914555,11.894971845338874,-0.0006999894779332605,0.0006999894779332605
C89,C102,10.867768569950316,10.860161232292636,-0.0006999907670756089,0.0006999907670756089
C89,C103,10.51469992581815,10.50733973587018,-0.0006999904894952058,0.0006999904894952058
C90,C91,11.882573515026115,11.874255838434113,-0.0006999894914585525,0.0006999894914585525
C90,C103,10.873075708832353,10.86546466232663,-0.0006999902060408347,0.0006999902060408347
C90,C104,10.508743943021921,10.501387922261612,-0.0006999904841332727,0.0006999904841332727
C91,D79,11.821463134908484,11.81318823023824,-0.0006999898892218193,0.0006999898892218193
C91,C104,10.844778946571475,10.83718770130914,-0.000699990778948445,0.000699990778948445
C91,C105,10.398391483301644,10.39111270926334,-0.0006999903831274024,0.0006999903831274024
D79,D80,11.821463134908484,11.813188231835772,-0.0006999897540834743,0.0006999897540834743
D79,C105,10.85030657677468,10.842711465410442,-0.0006999904851070493,0.0006999904851070493
D79,D92,10.39227756990736,10.385003075608383,-0.0006999903774743688,0.0006999903774743688
D79,D93,10.85030657677468,10.842711463942639,-0.0006999906203847273,0.0006999906203847273
D80,D81,11.882573515026115,11.874255840344233,-0.0006999893307088056,0.0006999893307088056
D80,D93,10.398391483301644,10.391112709263297,-0.0006999903831315102,0.0006999903831315102
D80,D94,10.844778946571475,10.837187702500543,-0.0006999906690888791,0.0006999906690888791
D81,D82,11.903304032914555,11.895184241803033,-0.0006821459898083138,0.0006821459898083138
D81,D94,10.508743943021921,10.501387922261793,-0.0006999904841160642,0.0006999904841160642
D81,D95,10.873075708832353,10.865464661808964,-0.0006999902536506397,0.0006999902536506397
D82,D83,11.881924064729589,11.875645929068622,-0.0005283770226744977,0.0005283770226744977
D82,D95,10.51469992581815,10.507528525358115,-0.0006820356748770129,0.0006820356748770129
D82,D96,10.867768569950316,10.860355924904944,-0.0006820760855975605,0.0006820760855975605
D83,D84,11.821880159264001,11.818344531352327,-0.000299074924127285,0.000299074924127285
D83,D96,10.484898809716768,10.479305321177883,-0.0005334804503502877,0.0005334804503502877
D83,D97,10.76105027402066,10.755972216254545,-0.0004718923931035235,0.0004718923931035235
D84,D85,12.20534409265057,12.204167317611411,-9.641473687482804e-05,9.641473687482804e-05
D84,D97,10.491115798617415,10.487749457813115,-0.00032087538341185606,0.00032087538341185606
D84,D98,10.755712359950865,10.752843322428818,-0.00026674546752747386,0.00026674546752747386
D85,D86,12.226297336479265,12.226962911796774,5.4438011704682765e-05,5.4438011704682765e-05
D85,D98,10.779921200546884,10.778455325060344,-0.00013598202243492175,0.00013598202243492175
D85,D99,10.785818159045704,10.784791682551285,-9.516908956574976e-05,9.516908956574976e-05
D86,D87,12.205791932521214,12.20743096526503,0.0001342831954598278,0.0001342831954598278
D86,D99,10.785208481990502,10.785118194930808,-8.371378248717143e-06,8.371378248717143e-06
D86,D100,10.779635668240362,10.779769984444457,1.246018030931495e-05,1.246018030931495e-05
D87,D88,11.821380801327734,11.823014178511398,0.00013817143793226627,0.00013817143793226627
D87,D100,10.755914620337965,10.756384642681207,4.369896562339548e-05,4.369896562339548e-05
D87,D101,10.491191706379222,10.491678802031878,4.6429010763349154e-05,4.6429010763349154e-05
D88,D89,11.88201231610202,11.882822590499966,6.81933645909627e-05,6.81933645909627e-05
D88,D101,10.76174363242315,10.76195096789736,1.9265974110949102e-05,1.9265974110949102e-05
D88,D102,10.48506061260497,10.485098965409842,3.6578524711394778e-06,3.6578524711394778e-06
D89,D90,11.903136713068522,11.902312242812613,-6.926495727832549e-05,6.926495727832549e-05
D89,D102,10.866726675959047,10.865898729602561,-7.619096174726891e-05,7.619096174726891e-05
D89,D103,10.514499912026247,10.513332680710207,-0.00011101158645743237,0.00011101158645743237
D90,D91,11.882759432892692,11.879640749757726,-0.00026245445366279707,0.00026245445366279707
D90,D103,10.872959650895432,10.870414130553467,-0.00023411476025803069,0.00023411476025803069
D90,D104,10.508431341070848,10.505425810224152,-0.00028601137021755374,0.00028601137021755374
D91,E79,11.82155058864953,11.815761399343296,-0.0004897148866234158,0.0004897148866234158
D91,D104,10.844976872727761,10.840250905257356,-0.00043577478549439164,0.00043577478549439164
D91,D105,10.398693025568164,10.393488510701587,-0.0005004970195562342,0.0005004970195562342
E79,E80,11.821069595007046,11.814126550405481,-0.0005873448714401874,0.0005873448714401874
E79,D105,10.850841696384661,10.843740188576792,-0.0006544660779850275,0.0006544660779850275
E79,E92,10.393000834215307,10.386129768496058,-0.0006611243305810754,0.0006611243305810754
E79,E93,10.849755999560532,10.842580940350034,-0.0006613106516670797,0.0006613106516670797
E80,E81,11.882158459640237,11.875784406081012,-0.0005364390300698352,0.0005364390300698352
E80,E93,10.398821787106446,10.392409570916202,-0.0006166291067891683,0.0006166291067891683
E80,E94,10.844628458826968,10.837933450303407,-0.0006173571136143252,0.0006173571136143252
E81,E82,11.9037158492632,11.897364261194735,-0.0005335802827365344,0.0005335802827365344
E81,E94,10.508648446398796,10.50236495803902,-0.0005979349667871725,0.0005979349667871725
E81,E95,10.873533990842176,10.867022713959486,-0.0005988188281910167,0.0005988188281910167
E82,E83,11.882140248288609,11.875241174612182,-0.0005806255045189834,0.0005806255045189834
E82,E95,10.514568176106902,10.50812144214647,-0.0006131239868777394,0.0006131239868777394
E82,E96,10.867517501711234,10.860847789788163,-0.0006137291172542136,0.0006137291172542136
E83,E84,11.820863734093209,11.813092786765333,-0.0006573925140057613,0.0006573925140057613
E83,E96,10.485113106209214,10.47822638435184,-0.0006568094962461357,0.0006568094962461357
E83,E97,10.760850924067306,10.753781585375561,-0.0006569497841414362,0.0006569497841414362
E84,E85,12.20598121291361,12.197437152314913,-0.0006999896566821651,0.0006999896566821651
E84,E97,10.490886838108596,10.483543317321361,-0.0006999904679706459,0.0006999904679706459
E84,E98,10.755981023133122,10.748451936701558,-0.0006999906763847097,0.0006999906763847097
E85,E86,12.22644408198884,12.217885697026759,-0.0006999897030313118,0.0006999897030313118
E85,E98,10.779835877229297,10.77229009211321,-0.0006999907236090452,0.0006999907236090452
E85,E99,10.78569520244291,10.77814531581052,-0.0006999907275963002,0.0006999907275963002
E86,E87,12.20497483241977,12.19643147589468,-0.0006999896880078849,0.0006999896880078849
E86,E99,10.785894023677407,10.778343997883217,-0.0006999907265560212,0.0006999907265560212
E86,E100,10.780231751219457,10.772685689059719,-0.0006999907176286069,0.0006999907176286069
E87,E88,11.821956192187482,11.81368094776684,-0.0006999894337377244,0.0006999894337377244
E87,E100,10.755431017397672,10.747902315666867,-0.0006999907041035369,0.0006999907041035369
E87,E101,10.491504352093655,10.48416039903911,-0.0006999904692485126,0.0006999904692485126
E88,E89,11.882348963062817,11.874031443561137,-0.0006999894993436895,0.0006999894993436895
E88,E101,10.761170027464491,10.75363731359507,-0.0006999902287759818,0.0006999902287759818
E88,E102,10.484928037902797,10.477588688272778,-0.0006999904628327558,0.0006999904628327558
E89,E90,11.902725574422014,11.89439379124693,-0.0006999895211385887,0.0006999895211385887
E89,E102,10.867613495151549,10.860006266031487,-0.0006999907683002959,0.0006999907683002959
E89,E103,10.51462337366394,10.507263237302446,-0.0006999904894290365,0.0006999904894290365
E90,E91,11.883038091750782,11.877408082053613,-0.0004737853782592616,0.0004737853782592616
E90,E103,10.873021173988395,10.86541016565447,-0.0006999902062301278,0.0006999902062301278
E90,E104,10.508939202888184,10.50420856039534,-0.0004501541403479914,0.0004501541403479914
E91,A79,11.820881965826421,11.82265596353619,0.00015007321068738477,0.00015007321068738477
E91,E104,10.844932896057955,10.841393239413273,-0.00032638806331097836,0.00032638806331097836
E91,E105,10.398591306518405,10.400389091883671,0.00017288739525112007,0.00017288739525112007
A79,A93,10.850841099195945,10.857605364169242,0.0006233862344364738,0.0006233862344364738
A79,E105,10.850268603587649,10.853862769556262,0.00033125133578937316,0.00033125133578937316
A79,A92,10.393273567553186,10.39554578896845,0.00021862422849694418,0.00021862422849694418
A93,A94,11.816331104450308,11.824602444220053,0.000699992213880174,0.000699992213880174
A93,A92,11.816347607023088,11.823119223859377,0.0005730719052530198,0.0005730719052530198
A93,A107,10.421740854578974,10.428279446098792,0.0006273991659411227,0.0006273991659411227
A93,A108,10.872689877394647,10.879295326603884,0.0006075266823319936,0.0006075266823319936
A94,A95,11.897832125643728,11.906160516099117,0.0006999922647621393,0.0006999922647621393
A94,A108,10.416048734525024,10.420930618931424,0.00046868870632477133,0.00046868870632477133
A94,A109,10.845019923448746,10.849968257190023,0.0004562770540030847,0.0004562770540030847
A95,A96,11.897902284016293,11.904694038494704,0.0005708362967087321,0.0005708362967087321
A95,A109,10.49107915945734,10.497629934063143,0.0006244138001663124,0.0006244138001663124
A95,A110,10.850118268940658,10.856726960183424,0.0006090893277803655,0.0006090893277803655
C95,C96,11.897482139091451,11.904490183995007,0.0005890359675790879,0.0005890359675790879
C96,C97,11.816901003224146,11.824145885020215,0.0006130949048395173,0.0006130949048395173
C96,C110,10.48531085662222,10.49207848224559,0.0006454387205026002,0.0006454387205026002
C96,C111,10.778688273625882,10.785500582011997,0.0006320164581421484,0.0006320164581421484
C97,C98,11.816136042717186,11.8173926168553,0.00010634391255903708,0.00010634391255903708
C97,C111,10.513871244218274,10.515590045243597,0.00016347936791283324,0.00016347936791283324
C97,C112,10.783437383320775,10.787900914343805,0.00041392469435885815,0.00041392469435885815
C98,C99,12.22121190962663,12.217215024738802,-0.00032704488862345116,0.00032704488862345116
C98,C112,10.508211034234145,10.51203400056975,0.00036380753328524307,0.00036380753328524307
C98,C113,10.755307633908027,10.755280879746657,-2.4875310200567213e-06,2.4875310200567213e-06
C99,C100,12.221460350138205,12.214055732709411,-0.0006058701019890922,0.0006058701019890922
C99,C113,10.761683795763561,10.76118945533818,-4.59352304680305e-05,4.59352304680305e-05
C99,C114,10.761885169430137,10.758022196338134,-0.0003589494806147675,0.0003589494806147675
C100,C101,11.816309925268548,11.808038608332033,-0.0006999915361755038,0.0006999915361755038
C100,C114,10.755718830928974,10.75146308895732,-0.00039567248256944243,0.00039567248256944243
C100,C115,10.507936327367037,10.501837644151044,-0.000580388291858025,0.000580388291858025
C101,C102,11.816491689583668,11.808220245404211,-0.0006999915369760856,0.0006999915369760856
C101,C115,10.783736900073176,10.77746930585935,-0.0005812080053421154,0.0005812080053421154
C101,C116,10.514484832838939,10.507327633256166,-0.0006806990258256818,0.0006806990258256818
C102,C103,11.897681296790571,11.889353021077191,-0.0006999914946138608,0.0006999914946138608
C102,C116,10.778191394199684,10.770854299279321,-0.0006807352599352834,0.0006807352599352834
C102,C117,10.48511680049392,10.477777318733612,-0.0006999904626682207,0.0006999904626682207
C103,C104,11.898084182337916,11.88975562460229,-0.0006999914951004715,0.0006999914951004715
C103,C117,10.850703033444411,10.843107647817714,-0.0006999901852705603,0.0006999901852705603
C103,C118,10.491502510603512,10.484158558845984,-0.0006999904684868996,0.0006999904684868996
C104,C105,11.816327422680883,11.808056095385743,-0.0006999913762768539,0.0006999913762768539
C104,C118,10.84489134569822,10.837300022111197,-0.00069999074633742,0.00069999074633742
C104,C119,10.41567963409017,10.408388758346334,-0.0006999903990876355,0.0006999903990876355
C105,D92,11.816175432854743,11.807904217901767,-0.0006999908726793569,0.0006999908726793569
C105,C119,10.872492262586356,10.86488162669924,-0.0006999900025962402,0.0006999900025962402
C105,C120,10.421281274392314,10.413986477500243,-0.0006999904042505056,0.0006999904042505056
D92,D93,11.816175432854743,11.807904216300917,-0.0006999910081588734,0.0006999910081588734
D92,C120,10.866964793354214,10.859358023448344,-0.0006999902963265026,0.0006999902963265026
D92,D106,10.392668012113159,10.385393244504652,-0.0006999903778344141,0.0006999903778344141
D92,D107,10.866964793354214,10.85935802492359,-0.0006999901605713177,0.0006999901605713177
D93,D94,11.816327422680883,11.808056093484778,-0.0006999915371530552,0.0006999915371530552
D93,D107,10.421281274392314,10.413986477501004,-0.000699990404177564,0.000699990404177564
D93,D108,10.872492262586356,10.864881625485708,-0.0006999901142111797,0.0006999901142111797
D94,D95,11.898084182337916,11.88975562342981,-0.0006999915936440892,0.0006999915936440892
D94,D108,10.41567963409017,10.408388758330057,-0.0006999904006503854,0.0006999904006503854
D94,D109,10.84489134569822,10.837300022609515,-0.0006999907003878425,0.0006999907003878425
D95,D96,11.897681296790571,11.88935302017234,-0.0006999915706665805,0.0006999915706665805
D95,D109,10.491502510603512,10.4841585588289,-0.0006999904701151527,0.0006999904701151527
D95,D110,10.850703033444411,10.84310764705757,-0.0006999902553254111,0.0006999902553254111
D96,D97,11.816491689583668,11.809385078067436,-0.0006014146756009309,0.0006014146756009309
D96,D110,10.48511680049392,10.477777318733896,-0.0006999904626411313,0.0006999904626411313
D96,D111,10.778191394199684,10.770646760224825,-0.000699990721905297,0.000699990721905297
D97,D98,11.816309925268548,11.811289797549493,-0.00042484732973357975,0.00042484732973357975
D97,D111,10.514484832838939,10.50818849410756,-0.0005988252236298619,0.0005988252236298619
D97,D112,10.783736900073176,10.777475014405661,-0.0005806786390970542,0.0005806786390970542
D98,D99,12.221460350138205,12.21814077797401,-0.000271618290211717,0.000271618290211717
D98,D112,10.507936327367037,10.503092265029258,-0.00046099083462880497,0.00046099083462880497
D98,D113,10.755718830928974,10.751172777733242,-0.0004226638188662424,0.0004226638188662424
D99,D100,12.22121190962663,12.21914512794503,-0.00016911429871957484,0.00016911429871957484
D99,D113,10.761885169430137,10.758367787494954,-0.0003268369695277329,0.0003268369695277329
D99,D114,10.761683795763561,10.758451072968231,-0.00030039191419117817,0.00030039191419117817
D100,D101,11.816136042717186,11.814583269954586,-0.00013141121234450104,0.00013141121234450104
D100,D114,10.755307633908027,10.752641446746662,-0.0002478950163136151,0.0002478950163136151
D100,D115,10.508211034234145,10.505716133967145,-0.00023742388298764183,0.00023742388298764183
D101,D102,11.816901003224146,11.815015192270405,-0.00015958591454956483,0.00015958591454956483
D101,D115,10.783437383320775,10.780895132915518,-0.0002357551043222772,0.0002357551043222772
D101,D116,10.513871244218274,10.511338767749947,-0.00024087002869843666,0.00024087002869843666
D102,D103,11.897482139091451,11.894501744658214,-0.0002505063170840094,0.0002505063170840094
D102,D116,10.778688273625882,10.775591806239328,-0.0002872768288633143,0.0002872768288633143
D102,D117,10.48531085662222,10.48207996700453,-0.00030813484329361707,0.00030813484329361707
D103,D104,11.898030053752587,11.893331767141976,-0.000394879369894352,0.000394879369894352
D103,D117,10.85056381069665,10.846253665227387,-0.00039722778875461717,0.00039722778875461717
D103,D118,10.490883277398526,10.48634169758054,-0.0004329072870127293,0.0004329072870127293
D104,D105,11.816308364713583,11.809510224256577,-0.0005753184706407399,0.0005753184706407399
D104,D118,10.84452683615104,10.838557064531823,-0.0005504870530004258,0.0005504870530004258
D104,D119,10.41603917811374,10.410030631781865,-0.0005768551969831393,0.0005768551969831393
D105,E92,11.8163085360869,11.808127885299,-0.0006923186512028945,0.0006923186512028945
D105,D119,10.872686549790727,10.865159361685334,-0.0006923025023228835,0.0006923025023228835
D105,D120,10.421859761098302,10.41464471489965,-0.0006922992982101306,0.0006922992982101306
E92,E93,11.815911850128204,11.807640819606615,-0.0006999908789518949,0.0006999908789518949
E92,D120,10.867431068104374,10.85982397457048,-0.0006999900423771965,0.0006999900423771965
E92,E106,10.3928765435754,10.385601629994895,-0.0006999903780250394,0.0006999903780250394
E92,E107,10.86731289233911,10.859705882415716,-0.000699989960605274,0.000699989960605274
E93,E94,11.816449829369224,11.808178414467116,-0.0006999915390449862,0.0006999915390449862
E93,E107,10.42160749068973,10.414312465465393,-0.000699990402714179,0.000699990402714179
E93,E108,10.872614839586678,10.865004115946252,-0.0006999901820043952,0.0006999901820043952
E94,E95,11.898463798322869,11.890134973692149,-0.0006999915931915623,0.0006999915931915623
E94,E108,10.416040929259095,10.408749800603776,-0.0006999903998877732,0.0006999903998877732
E94,E109,10.845447013839502,10.837855302508384,-0.0006999906339896222,0.0006999906339896222
E95,E96,11.898031356489192,11.889702834596935,-0.0006999915904334353,0.0006999915904334353
E95,E109,10.490984440461238,10.483640851328639,-0.0006999904703200999,0.0006999904703200999
E95,E110,10.850595018246686,10.84299970696506,-0.0006999903018086728,0.0006999903018086728
E96,E97,11.815694444255064,11.807423558111958,-0.0006999915393992584,0.0006999915393992584
E96,E110,10.485180254530666,10.477840728353177,-0.000699990462664446,0.000699990462664446
E96,E111,10.77761304278456,10.770068813883757,-0.0006999907002464001,0.0006999907002464001
E97,E98,11.816663729665832,11.808392165079864,-0.0006999915352758901,0.0006999915352758901
E97,E111,10.513941967692219,10.506582308322205,-0.0006999904881184182,0.0006999904881184182
E97,E112,10.783968749954717,10.77642007670342,-0.0006999902750393083,0.0006999902750393083
E98,E99,12.221304862411381,12.212750049867495,-0.000699991747215023,0.000699991747215023
E98,E112,10.50824197951304,10.500886310128902,-0.0006999904835155446,0.0006999904835155446
E98,E113,10.755934550284337,10.748405496076417,-0.0006999907049193288,0.0006999907049193288
E99,E100,12.221778940072513,12.213223795746364,-0.0006999917416358192,0.0006999917416358192
E99,E113,10.761556642512286,10.754023652849144,-0.000699990708907694,0.000699990708907694
E99,E114,10.761809004530795,10.754275838209317,-0.0006999907095829316,0.0006999907095829316
E100,E101,11.816194012455956,11.807922777110802,-0.0006999914978067512,0.0006999914978067512
E100,E114,10.755771426076329,10.748242486099548,-0.0006999907006696171,0.0006999907006696171
E100,E115,10.50768956003174,10.500334277336195,-0.0006999904834952275,0.0006999904834952275
E101,E102,11.81588841856591,11.807617397131006,-0.000699991498050001,0.000699991498050001
E101,E115,10.783864109399742,10.77631550968177,-0.0006999902485224085,0.0006999902485224085
E101,E116,10.513411472019918,10.506052183996365,-0.0006999904876869856,0.0006999904876869856
E102,E103,11.89826732301809,11.889938637586708,-0.0006999914529798312,0.0006999914529798312
E102,E116,10.778146027030804,10.770601424811602,-0.0006999907219924495,0.0006999907219924495
E102,E117,10.485408867564471,10.478173040639808,-0.0006900853382119099,0.0006900853382119099
E103,E104,11.897799302392018,11.892285848196805,-0.00046340117656085145,0.00046340117656085145
E103,E117,10.850590544758369,10.843102490129047,-0.000690105722673251,0.000690105722673251
E103,E118,10.490826465536454,10.486629905124527,-0.0004000219073028166,0.0004000219073028166
E104,E105,11.816481786047826,11.818064296145083,0.00013392396534861462,0.00013392396534861462
E104,E118,10.844997274780676,10.841876552115254,-0.0002877568879320336,0.0002877568879320336
E104,E119,10.415928994093623,10.418176497849586,0.00021577564106256553,0.00021577564106256553
E105,A92,11.816432027477662,11.818725236822887,0.00019406952453104864,0.00019406952453104864
E105,E119,10.872732258728721,10.876462569456791,0.00034308862200438384,0.00034308862200438384
E105,E120,10.42189430382022,10.424015920356341,0.00020357302370088703,0.00020357302370088703
C111,C112,11.82152247639871,11.825560411262316,0.00034157485820185407,0.00034157485820185407
C112,C113,11.800684137794732,11.8049967751721,0.0003654565554851441,0.0003654565554851441
C112,C127,10.508210604094286,10.51203638183054,0.0003640750914113422,0.0003640750914113422
C112,C128,10.760751156401675,10.768283582225287,0.0006999907082816392,0.0006999907082816392
C113,C114,12.226885112734147,12.226547587224228,-2.760519190347921e-05,2.760519190347921e-05
C113,C128,10.513905259702511,10.520902892235501,0.0006655597858400419,0.0006655597858400419
C113,C129,10.7557497395579,10.759902330143609,0.0003860809972582313,0.0003860809972582313
C114,C115,11.80081581967958,11.796653419066585,-0.0003527214284670954,0.0003527214284670954
C114,C129,10.755623623946677,10.759626894308113,0.00037220253342851173,0.00037220253342851173
C114,C130,10.514251229640658,10.514394049340014,1.3583439870012981e-05,1.3583439870012981e-05
C115,C116,11.821953282347215,11.815216946237738,-0.0005698158289574318,0.0005698158289574318
C115,C130,10.761454383585908,10.761322381014939,-1.2266238954783404e-05,1.2266238954783404e-05
C115,C131,10.508586160373804,10.505925608491859,-0.0002531788616795261,0.0002531788616795261
C116,C117,11.80082716804207,11.792792786841472,-0.0006808320371267662,0.0006808320371267662
C116,C131,10.778007394690338,10.774980229610154,-0.0002808650030872162,0.0002808650030872162
C116,C132,10.490870233207527,10.486284613942257,-0.00043710570842403484,0.00043710570842403484
C117,C118,11.903142010830592,11.894809937148061,-0.000699989437658588,0.000699989437658588
C117,C132,10.783756659902894,10.778928533554213,-0.00044772211585908384,0.00044772211585908384
C117,C133,10.48511060504372,10.479481904177348,-0.0005368279914629293,0.0005368279914629293
C118,C119,11.800861679555448,11.792601201795447,-0.0006999893723278472,0.0006999893723278472
C118,C133,10.844830169716813,10.838987853827984,-0.0005387189838290674,0.0005387189838290674
C118,C134,10.421408918663559,10.41535083580934,-0.0005813113084325305,0.0005813113084325305
C119,C120,11.821291464133676,11.813016685118093,-0.0006999894250716565,0.0006999894250716565
C119,C134,10.850491218834287,10.844170352294643,-0.0005825419708808122,0.0005825419708808122
C119,C135,10.416229934578034,10.410061977467622,-0.0005921487091924416,0.0005921487091924416
C120,D106,11.801071826321543,11.792811195134835,-0.0006999899083982575,0.0006999899083982575
C120,C135,10.867254800086357,10.86080734645576,-0.0005932918431751366,0.0005932918431751366
C120,C136,10.398864855357989,10.392921808388385,-0.0005715092033858893,0.0005715092033858893
D106,D107,11.801071826321543,11.792811196738024,-0.0006999897725471493,0.0006999897725471493
D106,C136,10.87268568707841,10.866453554462895,-0.0005731916469288167,0.0005731916469288167
D106,D121,10.392955210622228,10.387616529040866,-0.0005136827276909228,0.0005136827276909228
D106,D122,10.87268568707841,10.865074909290835,-0.0006999906009075296,0.0006999906009075296
D107,D108,11.821291464133676,11.813016687006355,-0.0006999892653376527,0.0006999892653376527
D107,D122,10.398864855357989,10.391585749958416,-0.0006999903836447663,0.0006999903836447663
D107,D123,10.867254800086357,10.859647822921518,-0.0006999906880602591,0.0006999906880602591
D108,D109,11.800861679555448,11.792601202920638,-0.0006999892769796734,0.0006999892769796734
D108,D123,10.416229934578034,10.408938673640069,-0.0006999903980383637,0.0006999903980383637
D108,D124,10.850491218834287,10.842895982374001,-0.0006999901024852262,0.0006999901024852262
D109,D110,11.903142010830592,11.894809938033246,-0.0006999893632928522,0.0006999893632928522
D109,D124,10.421408918663559,10.414114032437471,-0.0006999904027394921,0.0006999904027394921
D109,D125,10.844830169716813,10.837238889700346,-0.0006999906773703657,0.0006999906773703657
D110,D111,11.80082716804207,11.792566714013626,-0.0006999894084387392,0.0006999894084387392
D110,D125,10.48511060504372,10.477771127621036,-0.0006999904625855091,0.0006999904625855091
D110,D126,10.783756659902894,10.776208135828613,-0.0006999902086393117,0.0006999902086393117
D111,D112,11.821953282347215,11.813975763940624,-0.0006748054417118343,0.0006748054417118343
D111,D126,10.490870233207527,10.483526724045113,-0.0006999904678230973,0.0006999904678230973
D111,D127,10.778007394690338,10.770462889512563,-0.0006999907219855661,0.0006999907219855661
D112,D113,11.80081581967958,11.7939541526733,-0.0005814570035774791,0.0005814570035774791
D112,D127,10.508586160373804,10.501497075256953,-0.0006745993237018411,0.0006745993237018411
D112,D128,10.761454383585908,10.754194154365335,-0.0006746513028618173,0.0006746513028618173
D113,D114,12.226885112734147,12.221080829503343,-0.0004747147926300599,0.0004747147926300599
D113,D128,10.514251229640658,10.507958488055813,-0.0005984964071531484,0.0005984964071531484
D113,D129,10.755623623946677,10.74918173882194,-0.0005989318099970387,0.0005989318099970387
D114,D115,11.800684137794732,11.795788025516593,-0.00041490071431182773,0.00041490071431182773
D114,D129,10.7557497395579,10.74996588851047,-0.0005377450375362303,0.0005377450375362303
D114,D130,10.513905259702511,10.508383641052243,-0.0005251729508569669,0.0005251729508569669
D115,D116,11.82152247639871,11.816667183326821,-0.000410716393052013,0.000410716393052013
D115,D130,10.760751156401675,10.755336118065667,-0.0005032212210190901,0.0005032212210190901
D115,D131,10.508210604094286,10.502945969246433,-0.0005010020303363172,0.0005010020303363172
D116,D117,11.801001882043739,11.795568363420271,-0.0004604285871468994,0.0004604285871468994
D116,D131,10.778160382922481,10.772564883721785,-0.0005191515993362428,0.0005191515993362428
D116,D132,10.490724476412469,10.485172159220443,-0.0005292596526111915,0.0005292596526111915
D117,D118,11.903470909360864,11.89682461557129,-0.0005583492277321245,0.0005583492277321245
D117,D132,10.783201542213696,10.776897031155144,-0.0005846604122042853,0.0005846604122042853
D117,D133,10.484968379542227,10.478838350652271,-0.0005846492491018429,0.0005846492491018429
D118,D119,11.800706018709214,11.792911774896039,-0.0006604896182328401,0.0006604896182328401
D118,D133,10.84479344985417,10.837634458397261,-0.0006601316558043635,0.0006601316558043635
D118,D134,10.42196916566155,10.41509080576863,-0.0006599865902100488,0.0006599865902100488
D119,D120,11.821202482404223,11.812927767616953,-0.0006999892607868485,0.0006999892607868485
D119,D134,10.850641743694247,10.84304640300802,-0.0006999899974249324,0.0006999899974249324
D119,D135,10.416036352663133,10.408745227216247,-0.0006999903994210355,0.0006999903994210355
D120,E106,11.801189806540693,11.792929091882856,-0.000699989983489524,0.000699989983489524
D120,D135,10.86696934062114,10.859362562208895,-0.0006999907861899857,0.0006999907861899857
D120,D136,10.39844838425424,10.391169570384909,-0.0006999903832145549,0.0006999903832145549
E106,E107,11.80151504214607,11.793254100792065,-0.0006999899016780775,0.0006999899016780775
E106,D136,10.872107569832073,10.864497195435062,-0.0006999907191985733,0.0006999907191985733
E106,E121,10.392905973306974,10.385631039127455,-0.0006999903778792671,0.0006999903778792671
E106,E122,10.87258707943975,10.864976368482797,-0.0006999908026807944,0.0006999908026807944
E107,E108,11.820679002493888,11.812404654102856,-0.0006999892636697647,0.0006999892636697647
E107,E122,10.398758739868908,10.39147970873188,-0.000699990385306215,0.000699990385306215
E107,E123,10.866874752660042,10.859268042268635,-0.0006999906196162309,0.0006999906196162309
E108,E109,11.801930759413905,11.793669534437424,-0.0006999892767454163,0.0006999892767454163
E108,E123,10.41580509850295,10.408514134938914,-0.0006999903987340295,0.0006999903987340295
E108,E124,10.850650918723714,10.843055569757892,-0.0006999901685820209,0.0006999901685820209
E109,E110,11.902944381118484,11.894612446906994,-0.000699989342528351,0.000699989342528351
E109,E124,10.421969234746381,10.414673956306142,-0.0006999904025735137,0.0006999904025735137
E109,E125,10.844783836019968,10.837192588935558,-0.0006999906313666093,0.0006999906313666093
E110,E111,11.800531683360713,11.792271436127436,-0.0006999894119114058,0.0006999894119114058
E110,E125,10.485129252899082,10.47778976242146,-0.0006999904627396081,0.0006999904627396081
E110,E126,10.783617538191903,10.776069111229786,-0.0006999902338322705,0.0006999902338322705
E111,E112,11.821685198820004,11.81341014406249,-0.0006999894362219594,0.0006999894362219594
E111,E126,10.490827898693219,10.483484419128269,-0.0006999904712825522,0.0006999904712825522
E111,E127,10.778073550036671,10.770528998822234,-0.0006999906967986025,0.0006999906967986025
E112,E113,11.80140401181147,11.793143153562063,-0.0006999894454201572,0.0006999894454201572
E112,E127,10.508123387646345,10.50076780127346,-0.0006999904836987314,0.0006999904836987314
E112,E128,10.761058293680982,10.753525657630968,-0.0006999902653103129,0.0006999902653103129
E113,E114,12.226413179669665,12.217854816767163,-0.0006999896680027762,0.0006999896680027762
E113,E128,10.514128858350563,10.506769068172249,-0.0006999904868456586,0.0006999904868456586
E113,E129,10.755691967047015,10.748163082683273,-0.000699990701370834,0.000699990701370834
E114,E115,11.80076413288563,11.792503722480282,-0.0006999894508804561,0.0006999894508804561
E114,E129,10.755668889009174,10.748140020792555,-0.0006999907020485141,0.0006999907020485141
E114,E130,10.51372201268419,10.506362507266727,-0.0006999904894368081,0.0006999904894368081
E115,E116,11.821248606217537,11.812973856650855,-0.00069998947169847,0.00069998947169847
E115,E130,10.761260158550213,10.753727381125143,-0.0006999902719649898,0.0006999902719649898
E115,E131,10.508063176913229,10.500707632692892,-0.0006999904831650472,0.0006999904831650472
E116,E117,11.801509311100844,11.793364875338419,-0.0006901181491052455,0.0006901181491052455
E116,E131,10.778030441597375,10.77048592028178,-0.000699990722467847,0.000699990722467847
E116,E132,10.49124070308177,10.48462842485817,-0.0006302665633871607,0.0006302665633871607
E117,E118,11.902799498437329,11.897879173680526,-0.00041337542125685633,0.00041337542125685633
E117,E132,10.783775061174083,10.777059935938135,-0.0006227063526319521,0.0006227063526319521
E117,E133,10.484744155199992,10.481612770506198,-0.0002986610495633313,0.0002986610495633313
E118,E119,11.80114905846037,11.803245892621593,0.0001776805081299404,0.0001776805081299404
E118,E133,10.844917459344721,10.842757430021905,-0.00019917434419525204,0.00019917434419525204
E118,E134,10.422071161242371,10.425435432963049,0.00032280260503192437,0.00032280260503192437
E119,E120,11.8218550934276,11.824504388795319,0.00022410149226015363,0.00022410149226015363
E119,E134,10.850386601868156,10.854934274859001,0.00041912543374844624,0.00041912543374844624
E119,E135,10.41577563362422,10.418240810133108,0.00023667719002418153,0.00023667719002418153
C127,C128,11.79549427578174,11.802843361071355,0.0006230417410064693,0.0006230417410064693
C128,C129,11.795979423939334,11.804213889414235,0.000698073909673802,0.000698073909673802
C128,C144,12.261358299144495,12.268802874606637,0.0006071574845554206,0.0006071574845554206
C128,C145,11.948793426953182,11.956173023441565,0.0006176018133960959,0.0006176018133960959
C129,C130,11.796271267650637,11.800788429167085,0.000382931302100209,0.000382931302100209
C129,C145,12.254424117436107,12.25866072074492,0.00034572031033142103,0.00034572031033142103
C129,C146,12.25452839402643,12.258765270630546,0.000345739670094547,0.000345739670094547
C130,C131,11.79581654740357,11.796238803198293,3.579708051804076e-05,3.579708051804076e-05
C130,C146,11.947958398822774,11.948923577132662,8.078186060500592e-05,8.078186060500592e-05
C130,C147,12.261371834342171,12.268915064062654,0.0006152027540144989,0.0006152027540144989
C131,C132,11.796077943537002,11.793639302971883,-0.00020673316815911225,0.00020673316815911225
C131,C147,11.941011054345445,11.9484723284397,0.0006248444173024836,0.0006248444173024836
C131,C148,12.281771041669863,12.285687586949386,0.0003188909210434243,0.0003188909210434243
C132,C133,11.795696997634344,11.791361001481091,-0.0003675913474314729,0.0003675913474314729
C132,C148,11.918958592511355,11.922773019183346,0.00032003019746928985,0.00032003019746928985
C132,C149,12.28854899327013,12.289968653159132,0.00011552705610573533,0.00011552705610573533
C133,C134,11.795827914987584,11.790364086468173,-0.000463200087250204,0.000463200087250204
C133,C149,11.911786538550798,11.91315893832289,0.00011521359685651156,0.00011521359685651156
C133,C150,12.366231995640396,12.366078431148695,-1.2418050361229227e-05,1.2418050361229227e-05
C134,C135,11.796055951884924,11.790099156527518,-0.0005049819517390919,0.0005049819517390919
C134,C150,11.832510072254317,11.832425685104065,-7.131804641402617e-06,7.131804641402617e-06
C134,C151,12.372910838198065,12.372082615324686,-6.693840149740726e-05,6.693840149740726e-05
C135,C136,11.7957961346405,11.789925597135522,-0.0004976804819252223,0.0004976804819252223
C135,C151,11.824922596363995,11.824241949319285,-5.756038055759749e-05,5.756038055759749e-05
C135,C152,12.393165685166961,12.392450247398488,-5.772841150097907e-05,5.772841150097907e-05
C136,D121,11.795931102715045,11.790740134952573,-0.00044006426599740855,0.00044006426599740855
C136,C152,11.803075606383286,11.80257983756823,-4.200335841186842e-05,4.200335841186842e-05
C136,C153,12.400966791343343,12.401186698595184,1.773307319830053e-05,1.773307319830053e-05
D121,D122,11.795931102715045,11.789772850442068,-0.0005220658055182792,0.0005220658055182792
D121,C153,11.796153066996036,11.796609618276703,3.870340424327878e-05,3.870340424327878e-05
D121,D137,10.392947503475623,10.393777568427039,7.986809816351581e-05,7.986809816351581e-05
D121,D138,11.796153066996036,11.792304920073938,-0.00032622049749964077,0.00032622049749964077
D122,D123,11.7957961346405,11.787539177430867,-0.0006999915152302583,0.0006999915152302583
D122,D138,12.400966791343343,12.395690156121622,-0.00042550192339874116,0.00042550192339874116
D122,D139,11.803075606383286,11.794874257728683,-0.0006948484385008724,0.0006948484385008724
D123,D124,11.796055951884924,11.787798812699155,-0.000699991524239052,0.000699991524239052
D123,D139,12.393165685166961,12.384554251185657,-0.0006948534539170659,0.0006948534539170659
D123,D140,11.824922596363995,11.816645251024102,-0.0006999915028990111,0.0006999915028990111
D124,D125,11.795827914987584,11.787570935670693,-0.0006999915034703319,0.0006999915034703319
D124,D140,12.372910838198065,12.364249909393868,-0.0006999912080073445,0.0006999912080073445
D124,D141,11.832510072254317,11.824227415202445,-0.0006999915488171693,0.0006999915488171693
D125,D126,11.795696997634344,11.787440109733309,-0.0006999915225603948,0.0006999915225603948
D125,D141,12.366231995640396,12.357575734370307,-0.000699991822338486,0.000699991822338486
D125,D142,11.911786538550798,11.903448388722303,-0.0006999915421175285,0.0006999915421175285
D126,D127,11.796077943537002,11.787820788978276,-0.0006999915224575881,0.0006999915224575881
D126,D142,12.28854899327013,12.27994711604064,-0.0006999912873522085,0.0006999912873522085
D126,D143,11.918958592511355,11.910615422693473,-0.0006999915095874387,0.0006999915095874387
D127,D128,11.79581654740357,11.787559575820417,-0.0006999915224156217,0.0006999915224156217
D127,D143,12.281771041669863,12.273173903089338,-0.0006999917643274456,0.0006999917643274456
D127,D144,11.941011054345445,11.932652447392593,-0.0006999915597439843,0.0006999915597439843
D128,D129,11.796271267650637,11.788013977763624,-0.000699991522715937,0.000699991522715937
D128,D144,12.261371834342171,12.25278898066486,-0.0006999913054811513,0.0006999913054811513
D128,D145,11.94799807038817,11.939634573360351,-0.0006999914946879127,0.0006999914946879127
D129,D130,11.795979423939334,11.787952623027008,-0.0006804692195406803,0.0006804692195406803
D129,D145,12.254568763118503,12.245990666087557,-0.0006999917497514385,0.0006999917497514385
D129,D146,12.254383747867534,12.245805780324467,-0.0006999917514872722,0.0006999917514872722
D130,D131,11.79549427578174,11.787709257123433,-0.0006599993587628195,0.0006599993587628195
D130,D146,11.948753758028484,11.940622516292278,-0.0006805096080202411,0.0006805096080202411
D130,D147,12.261358299144495,12.253014209376886,-0.0006805192021989148,0.0006805192021989148
D131,D132,11.796281485281712,11.788291902907654,-0.0006772966874372122,0.0006772966874372122
D131,D147,11.940628210023117,11.932526604243257,-0.0006784907491768077,0.0006784907491768077
D131,D148,12.282115166778091,12.273781594521422,-0.0006785127922599443,0.0006785127922599443
D132,D133,11.796053583296414,11.787811024605135,-0.000698755616280966,0.000698755616280966
D132,D148,11.919277220117017,11.910948559482122,-0.0006987555101779508,0.0006987555101779508
D132,D149,12.289316838620476,12.280729603418722,-0.000698756107806342,0.000698756107806342
D133,D134,11.795456260781094,11.787199541406334,-0.0006999915214991326,0.0006999915214991326
D133,D149,11.912495853514507,11.904157206396187,-0.0006999916072045753,0.0006999916072045753
D133,D150,12.36612378233373,12.357467595736937,-0.0006999919092803841,0.0006999919092803841
D134,D135,11.795877604061513,11.78762058973012,-0.0006999915231868936,0.0006999915231868936
D134,D150,11.832328516399448,11.824045986909956,-0.0006999915086884911,0.0006999915086884911
D134,D151,12.372710262509159,12.364049474941456,-0.000699991140497791,0.000699991140497791
D135,D136,11.796318629555559,11.788061306516234,-0.0006999915226634235,0.0006999915226634235
D135,D151,11.824467360942734,11.81619033379189,-0.0006999915428057557,0.0006999915428057557
D135,D152,12.393658157703078,12.384982696998629,-0.0006999919308777747,0.0006999919308777747
D136,E121,11.795411425634978,11.787154746414712,-0.0006999907779664527,0.0006999907779664527
D136,D152,11.803886529444457,11.79562390887292,-0.0006999915282925873,0.0006999915282925873
D136,D153,12.40069432128704,12.39201394538844,-0.0006999911193439345,0.0006999911193439345
E121,E122,11.7961868215962,11.787929598622034,-0.0006999908613729566,0.0006999908613729566
E121,D153,11.795473026970992,11.787216304634027,-0.0006999907776555903,0.0006999907776555903
E121,E137,10.392704125972227,10.385429333082216,-0.0006999903780412486,0.0006999903780412486
E121,E138,11.79657895917288,11.788321461709705,-0.0006999908610584304,0.0006999908610584304
E122,E123,11.796211607969727,11.787954359866438,-0.0006999915208125707,0.0006999915208125707
E122,E138,12.400431470315866,12.39175127634301,-0.000699991286080226,0.000699991286080226
E122,E139,11.803643885258486,11.795381434540403,-0.0006999915279045643,0.0006999915279045643
E123,E124,11.79563653432913,11.787379688724839,-0.0006999915248542266,0.0006999915248542266
E123,E139,12.39355824813841,12.384882859454711,-0.0006999917626563379,0.0006999917626563379
E123,E140,11.824861961984997,11.816584658639147,-0.0006999915409127144,0.0006999915409127144
E124,E125,11.796459002599045,11.788201581297578,-0.000699991522850052,0.000699991522850052
E124,E140,12.372867092553765,12.364206193105282,-0.0006999913103160615,0.0006999913103160615
E124,E141,11.832158844437467,11.823876433678748,-0.000699991511913578,0.000699991511913578
E125,E126,11.795764033753812,11.787507098929948,-0.0006999915224004116,0.0006999915224004116
E125,E141,12.366083017673782,12.357426861699883,-0.0006999917404344469,0.0006999917404344469
E125,E142,11.912047431487176,11.903709098334467,-0.0006999916009962082,0.0006999916009962082
E126,E127,11.795609965152288,11.787353138217206,-0.0006999915188340422,0.0006999915188340422
E126,E142,12.289157205032426,12.280554901018805,-0.0006999913720769912,0.0006999913720769912
E126,E143,11.919337064199512,11.910993630174847,-0.0006999914491658821,0.0006999914491658821
E127,E128,11.795809161308092,11.787552194855778,-0.0006999915257529521,0.0006999915257529521
E127,E143,12.282141709001735,12.273544312059885,-0.0006999916745422663,0.0006999916745422663
E127,E144,11.94122590021644,11.932867142175848,-0.0006999916181503751,0.0006999916181503751
E128,E129,11.796452781238951,11.788195364306231,-0.0006999915216761021,0.0006999915216761021
E128,E144,12.261113082016635,12.252530408307562,-0.0006999913997743912,0.0006999913997743912
E128,E145,11.948265229731016,11.939901546405626,-0.0006999914351230041,0.0006999914351230041
E129,E130,11.795541336030318,11.787284557080895,-0.0006999915234243703,0.0006999915234243703
E129,E145,12.254274683554293,12.245696793605877,-0.0006999916494386804,0.0006999916494386804
E129,E146,12.253960095006027,12.24538242291823,-0.00069999184111047,0.00069999184111047
E130,E131,11.795774830421273,11.787517888043404,-0.0006999915220977648,0.0006999915220977648
E130,E146,11.948001733344357,11.939638232151765,-0.000699991628663077,0.000699991628663077
E130,E147,12.260981470094459,12.2527794102828,-0.0006689562195052456,0.0006689562195052456
E131,E132,11.796110678100643,11.788659490501109,-0.0006316647751845039,0.0006316647751845039
E131,E147,11.940873477262885,11.932886265763772,-0.0006688967531832679,0.0006688967531832679
E131,E148,12.28221574350493,12.276506741919713,-0.0004648185396218807,0.0004648185396218807
E132,E133,11.79552095034382,11.791951665785216,-0.0003025966020177018,0.0003025966020177018
E132,E148,11.919233809268121,11.914172810923295,-0.00042460769088115136,0.00042460769088115136
E132,E149,12.288933916739904,12.288276346798947,-5.3509111971106194e-05,5.3509111971106194e-05
E133,E134,11.796543100841028,11.799869504610168,0.00028198123303613265,0.00028198123303613265
E133,E149,11.912048461117,11.912411871315292,3.0507783735034266e-05,3.0507783735034266e-05
E133,E150,12.366135146034903,12.37363939429542,0.0006068386097917156,0.0006068386097917156
E134,E135,11.795420793680915,11.799008114865535,0.0003041282924423072,0.0003041282924423072
E134,E150,11.832239438077636,11.840281059171012,0.0006796364403764965,0.0006796364403764965
E134,E151,12.373007162771692,12.376686869302562,0.00029739791486904643,0.00029739791486904643
C146,C147,11.803469444193096,11.810821810966933,0.0006228987848528877,0.0006228987848528877
C147,C148,11.831860054953315,11.840083493457694,0.0006950249974377876,0.0006950249974377876
C147,C164,11.940650127191585,11.948032661836306,0.0006182690696137083,0.0006182690696137083
C147,C165,12.288649745598565,12.296103299746527,0.0006065397177286158,0.0006065397177286158
C148,C149,11.803287064627384,11.808337461880733,0.0004278805747666148,0.0004278805747666148
C148,C165,11.948161768657119,11.952256997335722,0.0003427496846708511,0.0003427496846708511
C148,C166,12.282392515304164,12.286547146756805,0.0003382591337530716,0.0003382591337530716
C149,C150,11.949328565655895,11.952346710197254,0.0002525785883931153,0.0002525785883931153
C149,C166,11.912111049264093,11.914333843860295,0.00018659955292643637,0.00018659955292643637
C149,C167,12.372960440007871,12.375242375041969,0.00018442918694860921,0.00018442918694860921
C150,C151,11.80296802164607,11.804833344943473,0.00015803849455342522,0.00015803849455342522
C150,C167,11.919029767560772,11.920252320956115,0.00010257155315351874,0.00010257155315351874
C150,C168,12.365520177089174,12.372386359111973,0.000555268353006344,0.000555268353006344
C151,C152,11.8321162084388,11.833744985654903,0.0001376573038507356,0.0001376573038507356
C151,C168,11.824971058315533,11.831567439608188,0.000557834878421648,0.000557834878421648
C151,C169,12.400966791343343,12.406806665893356,0.0004709209086899424,0.0004709209086899424
C152,C153,11.80356646145562,11.80576807440799,0.0001865209942739643,0.0001865209942739643
C152,C169,11.8326101351308,11.838304496534878,0.0004812430511145216,0.0004812430511145216
C152,C170,12.394260259087684,12.40106717446621,0.0005491990031059046,0.0005491990031059046
C153,D137,10.872518196351757,10.87498235439545,0.00022664096754687613,0.00022664096754687613
C153,C170,11.795896930712823,11.802629646701844,0.0005707676176358589,0.0005707676176358589
C153,C171,10.398032704795652,10.403361301591119,0.0005124620153396098,0.0005124620153396098
D137,D138,10.872518196351757,10.873334521502917,7.508151620605474e-05,7.508151620605474e-05
D137,C171,11.800866428360244,11.806729084587783,0.000496798795506237,0.000496798795506237
D137,D154,10.392566237941413,10.398760899663317,0.0005960666095434775,0.0005960666095434775
D137,D155,11.800866428360244,11.805065696103524,0.00035584401948551836,0.00035584401948551836
D138,D139,11.80356646145562,11.798641066021899,-0.0004172802728569236,0.0004172802728569236
D138,D155,10.398032704795652,10.401214029190147,0.00030595445165571,0.00030595445165571
D138,D156,11.795896930712823,11.794209644120118,-0.0001430401268014414,0.0001430401268014414
D139,D140,11.8321162084388,11.8238946776936,-0.0006948487151720029,0.0006948487151720029
D139,D156,12.394260259087684,12.3911510510495,-0.000250858701785317,0.000250858701785317
D139,D157,11.8326101351308,11.8255886695228,-0.0005933995566331784,0.0005933995566331784
D140,D141,11.80296802164607,11.794706044031576,-0.0006999915274989998,0.0006999915274989998
D140,D157,12.400966791343343,12.393546406546717,-0.0005983714755051217,0.0005983714755051217
D140,D158,11.824971058315533,11.816693678573975,-0.0006999915433820725,0.0006999915433820725
D141,D142,11.949328565655895,11.940964136184409,-0.0006999915874374985,0.0006999915874374985
D141,D158,12.365520177089174,12.356864413328406,-0.0006999918836253505,0.0006999918836253505
D141,D159,11.919029767560772,11.910686546723586,-0.0006999916100465242,0.0006999916100465242
D142,D143,11.803287064627384,11.795024863666077,-0.0006999915291450165,0.0006999915291450165
D142,D159,12.372960440007871,12.364299474983733,-0.0006999913291675375,0.0006999913291675375
D142,D160,11.912111049264093,11.903772671545644,-0.0006999916038361587,0.0006999916038361587
D143,D144,11.831860054953315,11.823577852930542,-0.0006999915469170226,0.0006999915469170226
D143,D160,12.282392515304164,12.273794940935355,-0.000699991826355939,0.000699991826355939
D143,D161,11.948161768657119,11.939798157358792,-0.0006999914681660169,0.0006999914681660169
D144,D145,11.803465838896647,11.795203512760827,-0.0006999915320289318,0.0006999915320289318
D144,D161,12.288649745598565,12.280047798130704,-0.0006999912639663597,0.0006999912639663597
D144,D162,11.940650127191585,11.932291772136384,-0.0006999916224131875,0.0006999916224131875
D145,D146,12.416394285379306,12.407702912146279,-0.0006999917233025954,0.0006999917233025954
D145,D162,12.254118625588724,12.245540842886646,-0.0006999918120725868,0.0006999918120725868
D145,D163,12.261827309581562,12.253244130514531,-0.0006999918405574679,0.0006999918405574679
D146,D147,11.803445817641565,11.795183505542202,-0.0006999915301864057,0.0006999915301864057
D146,D163,12.261391427566453,12.252808553592837,-0.0006999918422243567,0.0006999918422243567
D146,D164,12.254263666985466,12.245685782682777,-0.0006999918180150555,0.0006999918180150555
D147,D148,11.832552870788271,11.824270183776823,-0.0006999915488986597,0.0006999915488986597
D147,D164,11.941257314453972,11.932898534364114,-0.0006999916231384962,0.0006999916231384962
D147,D165,12.289358242805035,12.280755799512372,-0.0006999912544415343,0.0006999912544415343
D148,D149,11.802986346260012,11.794724355818806,-0.0006999915274682467,0.0006999915274682467
D148,D165,11.94866045630219,11.940296495926935,-0.000699991468151806,0.000699991468151806
D148,D166,12.28238871921906,12.273791147352576,-0.0006999918389678506,0.0006999918389678506
D149,D150,11.948795148465802,11.940431092299834,-0.0006999915943024515,0.0006999915943024515
D149,D166,11.91232771459883,11.903989185218494,-0.0006999916036658504,0.0006999916036658504
D149,D167,12.37319923746479,12.364538105503204,-0.0006999913114921208,0.0006999913114921208
D150,D151,11.803685153374762,11.79542267376471,-0.0006999915282973612,0.0006999915282973612
D150,D167,11.919406064481562,11.911062580199978,-0.0006999916133779704,0.0006999916133779704
D150,D168,12.365918683219613,12.357262640167324,-0.0006999919111577713,0.0006999919111577713
D151,D152,11.831766246845827,11.823484110470073,-0.0006999915484269259,0.0006999915484269259
D151,D168,11.825436323451243,11.817158618028772,-0.0006999915433187898,0.0006999915433187898
D151,D169,12.400694321287016,12.392013944884242,-0.0006999911600008568,0.0006999911600008568
D152,D153,11.80352456895821,11.795262201761103,-0.0006999915278556035,0.0006999915278556035
D152,D169,11.831941328877512,11.823659069945812,-0.000699991548427148,0.000699991548427148
D152,D170,12.393582704367613,12.38490729647414,-0.0006999919313417369,0.0006999919313417369
D153,E137,10.872441363373717,10.86483075532573,-0.0006999907190693433,0.0006999907190693433
D153,D170,11.795868420764966,11.787611412869529,-0.000699991522531973,0.000699991522531973
D153,D171,10.398558065905092,10.391279175258704,-0.0006999903833064813,0.0006999903833064813
E137,E138,10.873237527526014,10.865626361263793,-0.0006999908024590829,0.0006999908024590829
E137,D171,11.800661771697378,11.792401426658309,-0.0006999899835177237,0.0006999899835177237
E137,E154,10.39267830830918,10.38540353349343,-0.0006999903778348582,0.0006999903778348582
E137,E155,11.801160282362083,11.792899589348004,-0.0006999899006902011,0.0006999899006902011
E138,E139,11.803203422800099,11.794941280401977,-0.0006999915279068958,0.0006999915279068958
E138,E155,10.39877501920298,10.391495976689514,-0.0006999903834848942,0.0006999903834848942
E138,E156,11.795869506314485,11.787612497660247,-0.0006999915224408237,0.0006999915224408237
E139,E140,11.831690735055584,11.823408651542465,-0.0006999915480025987,0.0006999915480025987
E139,E156,12.393679794556572,12.385004320770522,-0.000699991764339547,0.000699991764339547
E139,E157,11.83169341218745,11.823411326798027,-0.0006999915481998853,0.0006999915481998853
E140,E141,11.803081257451378,11.794819200567247,-0.000699991527967847,0.000699991527967847
E140,E157,12.40069432128702,12.39201394281848,-0.0006999913265856028,0.0006999913265856028
E140,E158,11.825274662772106,11.81699707050826,-0.000699991543528844,0.000699991543528844
E141,E142,11.949636682761524,11.941272037579285,-0.0006999915900627318,0.0006999915900627318
E141,E158,12.365822596172084,12.357166622434127,-0.0006999917450406512,0.0006999917450406512
E141,E159,11.919880573227227,11.911536756826873,-0.00069999161057821,0.00069999161057821
E142,E143,11.80326350972476,11.795001325267881,-0.0006999915277728919,0.0006999915277728919
E142,E159,12.372999190576202,12.364338196670008,-0.0006999914711697253,0.0006999914711697253
E142,E160,11.911425399590073,11.903087501809619,-0.0006999916047613075,0.0006999916047613075
E143,E144,11.83223646822527,11.823954002697523,-0.0006999915485115249,0.0006999915485115249
E143,E160,12.282495131283362,12.273897486858749,-0.00069999168187862,0.00069999168187862
E143,E161,11.947802270710696,11.939438911075646,-0.0006999914666776519,0.0006999914666776519
E144,E145,11.802931195681861,11.794669243844744,-0.0006999915275401891,0.0006999915275401891
E144,E161,12.289357186606622,12.280754742137047,-0.0006999914103685834,0.0006999914103685834
E144,E162,11.940482165306394,11.932123927791242,-0.0006999916250817195,0.0006999916250817195
E145,E146,12.416724608768611,12.408033003922766,-0.0006999917546457457,0.0006999917546457457
E145,E162,12.254254269028388,12.245676393234548,-0.0006999916604897294,0.0006999916604897294
E145,E163,12.262212554021422,12.254356237897827,-0.0006406931937432692,0.0006406931937432692
E146,E147,11.802768855230532,11.79487418720841,-0.0006688827104008865,0.0006688827104008865
E146,E163,12.261985165950911,12.254128735900808,-0.0006407143658857528,0.0006407143658857528
E146,E164,12.253901413427485,12.248170437250003,-0.00046768584013590075,0.00046768584013590075
E147,E148,11.832426373740937,11.827160322614132,-0.0004450525158974372,0.0004450525158974372
E147,E164,11.940962727519096,11.93560660496905,-0.0004485503114168843,0.0004485503114168843
E147,E165,12.289870947247573,12.288004444425551,-0.00015187326457977157,0.00015187326457977157
E148,E149,11.80306626813558,11.802933856312237,-1.1218425817194344e-05,1.1218425817194344e-05
E148,E165,11.94799194048941,11.946912759131132,-9.032324123192659e-05,9.032324123192659e-05
E148,E166,12.282384997222643,12.286013694147716,0.00029543911267171374,0.00029543911267171374
E149,E150,11.949292615464731,11.956726409218088,0.0006221116171962748,0.0006221116171962748
E149,E166,11.911924279897,11.916303644773125,0.00036764545955980665,0.00036764545955980665
E149,E167,12.37315954394834,12.374184545174993,8.284070232922325e-05,8.284070232922325e-05
E150,E151,11.80377522532516,11.811114872699594,0.000621805077979376,0.000621805077979376
E150,E167,11.91947905447215,11.926845869506327,0.0006180484063531555,0.0006180484063531555
E150,E168,12.366187021471099,12.373641578659171,0.0006028177622681152,0.0006028177622681152
C167,C168,11.941833112633917,11.948357645922162,0.0005463594430357155,0.0005463594430357155
C168,C169,11.825133066904579,11.833410560051448,0.0006999915434384718,0.0006999915434384718
C168,C186,11.941683897172963,11.948203193279474,0.0005459277069002066,0.0005459277069002066
C168,C187,12.365749980086143,12.37236007876351,0.0005345489507722068,0.0005345489507722068
C169,C170,11.824979575458052,11.833256961160888,0.0006999915433270054,0.0006999915433270054
C169,C187,11.803013462671306,11.80848615284239,0.00046366889171078896,0.00046366889171078896
C169,C188,12.372756679899588,12.378335913048415,0.0004509288667973177,0.0004509288667973177
C170,C171,10.866858096524489,10.874464797192074,0.0006999907977098818,0.0006999907977098818
C170,C188,11.795897270661516,11.802389207278704,0.0005503554726042914,0.0005503554726042914
C170,C189,10.415649275969303,10.421913045323416,0.0006013805945410677,0.0006013805945410677
C171,D154,10.867076818077619,10.8746836718503,0.0006999907978959552,0.0006999907978959552
C171,C189,11.821515119898978,11.826969025815243,0.0004613542224451983,0.0004613542224451983
C171,C190,10.422365468548872,10.427576060664345,0.0004999433315975299,0.0004999433315975299
D154,D155,10.867076818077619,10.873919768516432,0.0006296955983073893,0.0006296955983073893
D154,C190,11.81658863674284,11.823079827950773,0.0005493286943871745,0.0005493286943871745
D154,D172,10.393181795773621,10.399435488976394,0.0006017111338623149,0.0006017111338623149
D154,D173,11.81658863674284,11.823079827950773,0.0005493286943871745,0.0005493286943871745
D155,D156,10.866858096524489,10.87007213645105,0.0002957653351145506,0.0002957653351145506
D155,D173,10.422365468548872,10.4255915611587,0.0003095355482940487,0.0003095355482940487
D155,D174,11.821515119898978,11.829104802041313,0.000642022791948138,0.000642022791948138
D156,D157,11.824979575458052,11.82244265563538,-0.00021453904478085928,0.00021453904478085928
D156,D174,10.415649275969303,10.422282854332423,0.0006368857271745743,0.0006368857271745743
D156,D175,11.795897270661516,11.797410925872361,0.00012832048093613935,0.00012832048093613935
D157,D158,11.825133066904579,11.81806866487859,-0.0005974057108719677,0.0005974057108719677
D157,D175,12.372756679899588,12.37324335988266,3.9334805949975404e-05,3.9334805949975404e-05
D157,D176,11.803013462671306,11.798689569707426,-0.0003663380523588611,0.0003663380523588611
D158,D159,11.941833112633917,11.93347392945557,-0.000699991626034735,0.000699991626034735
D158,D176,12.365749980086143,12.360530405478052,-0.00042209931597325667,0.00042209931597325667
D158,D177,11.941683897172963,11.933902639771988,-0.000651604703991282,0.000651604703991282
D159,D160,11.941495258132461,11.933136311444128,-0.0006999916264790462,0.0006999916264790462
D159,D177,12.402080309770604,12.393997106010435,-0.0006517619268923136,0.0006517619268923136
D159,D178,11.949274835737937,11.94091044336006,-0.0006999916306937859,0.0006999916306937859
D160,D161,11.825065327937946,11.816787882214697,-0.0006999915428536063,0.0006999915428536063
D160,D178,12.39463527418214,12.385959129823814,-0.000699991905078301,0.000699991905078301
D160,D179,11.912217772102734,11.903879319646595,-0.0006999916065727474,0.0006999916065727474
D161,D162,11.82488852590162,11.816611203927073,-0.0006999915438032911,0.0006999915438032911
D161,D179,12.26175590362166,12.253172781791358,-0.0006999912490320837,0.0006999912490320837
D161,D180,11.919215842076198,11.910872492504442,-0.0006999914828543785,0.0006999914828543785
D162,D163,12.409131247593443,12.400444955846982,-0.0006999919311954095,0.0006999919311954095
D162,D180,12.253947482342161,12.245369819073304,-0.00069999184191194,0.00069999184191194
D162,D181,12.28546990391494,12.27687017522394,-0.0006999918406261907,0.0006999918406261907
D163,D164,12.408459106593368,12.399773285288482,-0.0006999919353620765,0.0006999919353620765
D163,D181,12.293807620098821,12.285202054724447,-0.000699991869102079,0.000699991869102079
D163,D182,12.293151677661845,12.284546571441174,-0.0006999918691564799,0.0006999918691564799
D164,D165,11.82508956287436,11.816812100192045,-0.0006999915424152903,0.0006999915424152903
D164,D182,12.284715349164584,12.276116148603432,-0.0006999918448852283,0.0006999918448852283
D164,D183,12.254106407649639,12.245528633101536,-0.0006999918445907971,0.0006999918445907971
D165,D166,11.825055712765165,11.816778273754457,-0.0006999915443758331,0.0006999915443758331
D165,D183,11.918959937007932,11.910616766652016,-0.0006999914757671588,0.0006999914757671588
D165,D184,12.261014745933554,12.252432143040938,-0.0006999912381202567,0.0006999912381202567
D166,D167,11.941677174082374,11.933318100099077,-0.0006999916227377057,0.0006999916227377057
D166,D184,11.911399216296978,11.903061336794607,-0.0006999916089591718,0.0006999916089591718
D166,D185,12.394242859085825,12.385566989218992,-0.0006999919208838801,0.0006999919208838801
D167,D168,11.941704066422004,11.933344973546678,-0.0006999916283999541,0.0006999916283999541
D167,D185,11.948326226714775,11.939962498382913,-0.0006999916283806362,0.0006999916283806362
D167,D186,12.401523495522643,12.39284253659086,-0.0006999913304939209,0.0006999913304939209
D168,D169,11.82511699096462,11.816839509072164,-0.0006999915433210102,0.0006999915433210102
D168,D186,11.941795284629519,11.933436127904084,-0.0006999916282431906,0.0006999916282431906
D168,D187,12.365720695535714,12.357064791074995,-0.0006999919110127761,0.0006999919110127761
D169,D170,11.825022415200745,11.816744999512915,-0.0006999915431187276,0.0006999915431187276
D169,D187,11.802822435756628,11.79456056004912,-0.0006999915276602042,0.0006999915276602042
D169,D188,12.372863678631568,12.364202783681208,-0.000699991139910261,0.000699991139910261
D170,D171,10.867202231025244,10.859595289586212,-0.0006999907867100141,0.0006999907867100141
D170,D188,11.796257652747329,11.788000372389222,-0.000699991522835508,0.000699991522835508
D170,D189,10.416038882415888,10.408747755198275,-0.00069999039941393,0.00069999039941393
D171,E154,10.867237329238737,10.85963037132697,-0.0006999900417468119,0.0006999900417468119
D171,D189,11.82180932556434,11.813534185997582,-0.000699989260430911,0.000699989260430911
D171,D190,10.42185860775322,10.415508444941167,-0.0006093119328378638,0.0006093119328378638
E154,E155,10.866530016983347,10.858923555084393,-0.0006999899588061576,0.0006999899588061576
E154,D190,11.816563898612824,11.809336027292408,-0.0006116728502829627,0.0006116728502829627
E154,E172,10.392956034257038,10.388810273997306,-0.000398900971587568,0.000398900971587568
E154,E173,11.815906690559135,11.809855921873929,-0.0005120867017375241,0.0005120867017375241
E155,E156,10.867557575186796,10.859950386823856,-0.000699990619815849,0.000699990619815849
E155,E173,10.421838945694757,10.416595141667386,-0.0005031553504803998,0.0005031553504803998
E155,E174,11.821739250211861,11.815060312377401,-0.0005649708298497425,0.0005649708298497425
E156,E157,11.824135945175867,11.815859150013996,-0.0006999915427433612,0.0006999915427433612
E156,E174,10.416000684043748,10.410169878366533,-0.0005597931350126428,0.0005597931350126428
E156,E175,11.795472610285685,11.78854220063202,-0.0005875482808226362,0.0005875482808226362
E157,E158,11.82568154145883,11.817403664380993,-0.0006999915437274629,0.0006999915437274629
E157,E175,12.372796976027677,12.365512151766852,-0.0005887774829684833,0.0005887774829684833
E157,E176,11.803867554746622,11.79638959210417,-0.0006335180065152324,0.0006335180065152324
E158,E159,11.941759391312491,11.933400259737269,-0.0006999916261336558,0.0006999916261336558
E158,E176,12.365894169448488,12.358054634420139,-0.0006339642666292056,0.0006339642666292056
E158,E177,11.94162675099168,11.933897837527477,-0.0006472245051171166,0.0006472245051171166
E159,E160,11.940751016581828,11.932392590870688,-0.000699991625278229,0.000699991625278229
E159,E177,12.401604397012528,12.393575020141972,-0.0006474466217041286,0.0006474466217041286
E159,E178,11.948671149964758,11.941074739356766,-0.000635753592399646,0.000635753592399646
E160,E161,11.825482241752342,11.817204504183401,-0.0006999915436610715,0.0006999915436610715
E160,E178,12.394315081116835,12.386431348275694,-0.0006360765229497245,0.0006360765229497245
E160,E179,11.912084457810067,11.904980004421887,-0.0005964072378216168,0.0005964072378216168
E161,E162,11.824838146883872,11.816560860180783,-0.0006999915432475134,0.0006999915432475134
E161,E179,12.261242183400512,12.253921749941885,-0.0005970384851003985,0.0005970384851003985
E161,E180,11.919509972310104,11.913383209441214,-0.0005140113044179717,0.0005140113044179717
E162,E163,12.409518058732173,12.401566420227244,-0.0006407693245857882,0.0006407693245857882
E162,E180,12.25398075810468,12.2476624419262,-0.000515613358891609,0.000515613358891609
E162,E181,12.285429754387922,12.281038563744522,-0.00035743077215766306,0.00035743077215766306
E163,E164,12.408199273061342,12.402812249938638,-0.0004341502746816328,0.0004341502746816328
E163,E181,12.293196671330037,12.289103014664631,-0.0003330018037499549,0.0003330018037499549
E163,E182,12.29282984507636,12.291912258276103,-7.464406583523875e-05,7.464406583523875e-05
E164,E165,11.82580926617709,11.824739287463828,-9.047826573038709e-05,9.047826573038709e-05
E164,E182,12.285129628945723,12.284708836964606,-3.4252140093449235e-05,3.4252140093449235e-05
E164,E183,12.254642259160397,12.25825557604729,0.00029485290639086337,0.00029485290639086337
E165,E166,11.824580914772424,11.828645441916342,0.00034373540789411905,0.00034373540789411905
E165,E183,11.919234996424889,11.923305204495387,0.00034148232430353254,0.00034148232430353254
E165,E184,12.260776455021125,12.268391430266169,0.000621084257834692,0.000621084257834692
E166,E167,11.941462587556009,11.945434295077254,0.00033259807934959973,0.00033259807934959973
E166,E184,11.911983677372984,11.920321965960817,0.0006999916062402356,0.0006999916062402356
E166,E185,12.394230025701475,12.398281909675772,0.00032691695780173724,0.00032691695780173724
D173,D174,10.872748223425386,10.879363656854876,0.0006084417015410626,0.0006084417015410626
D174,D175,10.85036146402506,10.856995341894615,0.0006113969466869928,0.0006113969466869928
D174,D193,10.415855900020897,10.422411966057696,0.0006294313304378019,0.0006294313304378019
D174,D194,11.801147855187642,11.807930783955134,0.0005747685607133679,0.0005747685607133679
D175,D176,11.832500392562848,11.833434085210083,7.890915835684353e-05,7.890915835684353e-05
D175,D194,10.42164882348278,10.423219639039903,0.00015072620309219964,0.00015072620309219964
D175,D195,11.79599608002648,11.80203163177721,0.0005116610509008357,0.0005116610509008357
D176,D177,11.919170533640342,11.914462530447704,-0.0003949941968990345,0.0003949941968990345
D176,D195,12.366391471241714,12.371994960938117,0.00045312245770601223,0.00045312245770601223
D176,D196,11.948981203433187,11.948610605918905,-3.101498847246642e-05,3.101498847246642e-05
D177,D178,11.949132599900286,11.941346464618528,-0.0006516067351887145,0.0006516067351887145
D177,D196,12.372869244035515,12.371669472078661,-9.696796540803465e-05,9.696796540803465e-05
D177,D197,11.941463034318701,11.936488431120237,-0.0004165823889558107,0.0004165823889558107
D178,D179,11.919170078910694,11.910826759847907,-0.0006999916107874871,0.0006999916107874871
D178,D197,12.394079454723528,12.388564478376301,-0.0004449686132297348,0.0004449686132297348
D178,D198,11.91938084633594,11.911889218379493,-0.0006285249253320524,0.0006285249253320524
D179,D180,11.832731732360031,11.824448920173488,-0.0006999915466596729,0.0006999915466596729
D179,D198,12.401229657175115,12.393429088255791,-0.000629015761740237,0.000629015761740237
D179,D199,11.911962446213472,11.903624172498517,-0.000699991605296324,0.000699991605296324
D180,D181,12.385393820948936,12.37672414708329,-0.0006999917799126454,0.0006999917799126454
D180,D199,12.254581990831024,12.246003883440062,-0.0006999918395731441,0.0006999918395731441
D180,D200,12.293222621021714,12.284617465445594,-0.000699991844400949,0.000699991844400949
D181,D182,12.417062981639424,12.408371139636946,-0.0006999917786781884,0.0006999917786781884
D181,D200,12.261809441106166,12.253226274515539,-0.000699991843116865,0.000699991843116865
D181,D201,12.285207616072263,12.276608070761004,-0.0006999918585022247,0.0006999918585022247
D182,D183,12.385699440080073,12.377029552302826,-0.0006999917783561127,0.0006999917783561127
D182,D201,12.285591410265926,12.276991596301352,-0.0006999918585431919,0.0006999918585431919
D182,D202,12.26192069049542,12.253337446027867,-0.0006999918433827634,0.0006999918433827634
D183,D184,11.832472308862586,11.824189678345192,-0.0006999915403300694,0.0006999915403300694
D183,D202,12.292625343676596,12.284020606205878,-0.0006999918430885543,0.0006999918430885543
D183,D203,12.254199651548038,12.245621811750222,-0.0006999918429378971,0.0006999918429378971
D184,D185,11.9195768557445,11.911233251896045,-0.0006999916145877805,0.0006999916145877805
D184,D203,11.912304242253052,11.903965729284309,-0.0006999916052484734,0.0006999916052484734
D184,D204,12.40160439701253,12.392923381835555,-0.0006999912994375412,0.0006999912994375412
D185,D186,11.948444166919813,11.940080356032675,-0.0006999916282233176,0.0006999916282233176
D185,D204,11.919607753613386,11.911264128172872,-0.0006999916115515425,0.0006999916115515425
D185,D205,12.394378698829577,12.385702733857308,-0.0006999919223936724,0.0006999919223936724
D186,D187,11.919939324510013,11.91159546695898,-0.000699991612698514,0.000699991612698514
D186,D205,11.940922518800635,11.932563973057974,-0.0006999916237209192,0.0006999916237209192
D186,D206,12.372961819225015,12.364300853454992,-0.0006999913114227319,0.0006999913114227319
D187,D188,11.831783474185112,11.823501326236137,-0.0006999915073704344,0.0006999915073704344
D187,D206,11.949132566006623,11.940768273653813,-0.0006999915940848478,0.0006999915940848478
D187,D207,12.366008153806128,12.357978110973919,-0.000649364187078949,0.000649364187078949
D188,D189,10.850577644070379,10.8429823482588,-0.0006999899969131196,0.0006999899969131196
D188,D207,11.795637346069936,11.78798031372428,-0.0006491410443546508,0.0006491410443546508
D188,D208,10.421730883111499,10.41600483620668,-0.0005494333877013036,0.0005494333877013036
D189,D190,10.872994274347796,10.866359528720034,-0.0006102040946912579,0.0006102040946912579
D189,D208,11.800779405191852,11.794228813900977,-0.0005550981902087138,0.0005550981902087138
D189,D209,10.416002543202469,10.412112102148399,-0.000373506154394021,0.000373506154394021
D190,E172,10.850469123498762,10.846456718960551,-0.0003697908811629569,0.0003697908811629569
D190,D209,11.816450452229729,11.81226522257722,-0.00035418670517239903,0.00035418670517239903
D190,D210,10.398696442343159,10.39790836033779,-7.578661515295071e-05,7.578661515295071e-05
E172,E173,10.8499112590841,10.84646734839897,-0.00031741371914417726,0.00031741371914417726
E172,D210,11.821851556334153,11.82117782314963,-5.6990496058229034e-05,5.6990496058229034e-05
E172,E191,10.392813025355565,10.396370625805064,0.00034231352385716285,0.00034231352385716285
E172,E192,11.821006289652335,11.822314960390823,0.0001107072195396519,0.0001107072195396519
E173,E174,10.873239440479542,10.868627911247616,-0.00042411732558356174,0.00042411732558356174
E173,E192,10.398658827464237,10.400115723467657,0.00014010422186094829,0.00014010422186094829
E173,E193,11.816259355650583,11.816052449208227,-1.7510316600910514e-05,1.7510316600910514e-05
E174,E175,10.849786682234821,10.84454952555464,-0.00048269674174850064,0.00048269674174850064
E174,E193,10.416171875022037,10.416269128845101,9.336810512738936e-06,9.336810512738936e-06
E174,E194,11.800900345736352,11.799868257348132,-8.74584445239579e-05,8.74584445239579e-05
E175,E176,11.832921726268617,11.826567097135792,-0.0005370295925070101,0.0005370295925070101
E175,E194,10.421729232713755,10.421101831275106,-6.020127990657986e-05,6.020127990657986e-05
E175,E195,11.796011300435419,11.794780712315598,-0.00010432239241542351,0.00010432239241542351
E176,E177,11.919314504198638,11.912298889007612,-0.0005885921701751506,0.0005885921701751506
E176,E195,12.366042683898508,12.364503990454864,-0.00012442892871844524,0.00012442892871844524
E176,E196,11.948409764064836,11.946293172414984,-0.00017714421346826104,0.00017714421346826104
E177,E178,11.94853432057673,11.941478996062399,-0.0005904761475372666,0.0005904761475372666
E177,E196,12.373248859535632,12.370922639204556,-0.00018800400424201502,0.00018800400424201502
E177,E197,11.94157789741371,11.939373374643521,-0.000184609001350311,0.000184609001350311
E178,E179,11.919280257633009,11.91276981025421,-0.000546211452208345,0.000546211452208345
E178,E197,12.394311221282118,12.391959410014692,-0.0001897492507197951,0.0001897492507197951
E178,E198,11.919290103022075,11.917745538623992,-0.00012958526764028644,0.00012958526764028644
E179,E180,11.833008343612374,11.827719885413194,-0.00044692423478553955,0.00044692423478553955
E179,E198,12.401604397012505,12.399989836002323,-0.00013018968824474175,0.00013018968824474175
E179,E199,11.912096220229255,11.912012888786348,-6.9955313797276375e-06,6.9955313797276375e-06
E180,E181,12.3854149534846,12.382064933734235,-0.0002704810265096169,0.0002704810265096169
E180,E199,12.254409435790873,12.25439592142887,-1.1028162616444348e-06,1.1028162616444348e-06
E180,E200,12.292476164304743,12.295117668879234,0.00021488791511026228,0.00021488791511026228
E181,E182,12.416724608365922,12.416776322642892,4.164888777191678e-06,4.164888777191678e-06
E181,E200,12.262039700637079,12.26488176908681,0.00023177778894178935,0.00023177778894178935
E181,E201,12.285325907357933,12.292199715620594,0.000559513708834114,0.000559513708834114
E182,E183,12.386092898892704,12.390519829739032,0.0003574114034559095,0.0003574114034559095
E182,E201,12.285361771230013,12.292343704129287,0.0005683131705265243,0.0005683131705265243
E182,E202,12.261940163367278,12.262803390831598,7.039892976301587e-05,7.039892976301587e-05
E183,E184,11.831880946831733,11.840163163508661,0.0006999915494541042,0.0006999915494541042
E183,E202,12.29311214013766,12.297129633144372,0.0003268084567125129,0.0003268084567125129
E183,E203,12.25434559044259,12.258354523745037,0.00032714380974985247,0.00032714380974985247
E184,E185,11.919177808053718,11.926717167529006,0.0006325402302660432,0.0006325402302660432
E184,E203,11.91192056764985,11.919453058700428,0.000632348999290322,0.000632348999290322
E184,E204,12.401824125909862,12.409458060820457,0.0006155493605692897,0.0006155493605692897
D194,D195,10.844784458900047,10.85020979088576,0.0005002710755823703,0.0005002710755823703
D195,D196,11.912163644779234,11.91792898572167,0.00048398772165647586,0.00048398772165647586
D195,D215,10.48465806786278,10.490029382875003,0.0005123023543025518,0.0005123023543025518
D195,D216,11.795898425300212,11.801487483035238,0.0004738136539934601,0.0004738136539934601
D196,D197,11.9121763909875,11.911718607817646,-3.842985150903644e-05,3.842985150903644e-05
D196,D216,12.289631821987204,12.290354824221607,5.883025991959556e-05,5.883025991959556e-05
D196,D217,11.803198606310083,11.808434894452699,0.00044363297757410436,0.00044363297757410436
D197,D198,11.911781279472859,11.906970488391256,-0.00040386831899719144,0.00040386831899719144
D197,D217,12.28232173695187,12.287302251587356,0.0004055027007232592,0.0004055027007232592
D197,D218,11.825175292569671,11.82521349223699,3.2303679542433628e-06,3.2303679542433628e-06
D198,D199,11.911957708538084,11.904470434681418,-0.0006285510778215597,0.0006285510778215597
D198,D218,12.261157133403048,12.260640892393193,-4.21037757071252e-05,4.21037757071252e-05
D198,D219,11.832310674166735,11.828624567162567,-0.00031152892327401815,0.00031152892327401815
D199,D200,12.37807000545722,12.369405456681944,-0.0006999919027323998,0.0006999919027323998
D199,D219,12.254010631625874,12.249798894874314,-0.0003437027172712437,0.0003437027172712437
D199,D220,12.378162211734011,12.371911713296555,-0.0005049617488072089,0.0005049617488072089
D200,D201,12.378211214872696,12.36954656700186,-0.0006999919229383478,0.0006999919229383478
D200,D220,12.41760748131458,12.41133381482705,-0.0005052234496033536,0.0005052234496033536
D200,D221,12.385943026673434,12.37853910110561,-0.0005977684179461207,0.0005977684179461207
D201,D202,12.378490953262435,12.369826109572793,-0.0006999919232770768,0.0006999919232770768
D201,D221,12.409648858045923,12.402230616095057,-0.0005977801657180981,0.0005977801657180981
D201,D222,12.4096565033042,12.401654268196157,-0.0006448393721383283,0.0006448393721383283
D202,D203,12.37785910648526,12.369194705272719,-0.000699991907970765,0.000699991907970765
D202,D222,12.386390000722576,12.378403492137782,-0.0006447809720450115,0.0006447809720450115
D202,D223,12.417904685171335,12.409697104957377,-0.0006609472710608078,0.0006609472710608078
D203,D204,11.912131652227497,11.903793260106486,-0.0006999916022126795,0.0006999916022126795
D203,D223,12.378474382976274,12.370292667472581,-0.0006609631567314755,0.0006609631567314755
D203,D224,12.254167520072523,12.246155511857507,-0.0006538190539578936,0.0006538190539578936
D204,D205,11.912071773205527,11.903733422941759,-0.0006999916070455914,0.0006999916070455914
D204,D224,11.832485500941884,11.82475138420687,-0.0006536341611741436,0.0006536341611741436
D204,D225,12.261191469836831,12.253720818537076,-0.0006092924425927793,0.0006092924425927793
D205,D206,11.911992831596224,11.90365453661389,-0.000699991605117245,0.000699991605117245
D205,D225,11.825160165088674,11.817962728535411,-0.000608654466644043,0.000608654466644043
D205,D226,12.282432535943363,12.275998794524831,-0.000523816548530065,0.000523816548530065
D206,D207,11.911792631673874,11.904059961747905,-0.0006491608916535663,0.0006491608916535663
D206,D226,11.80362648256882,11.797469427027558,-0.0005216240576872977,0.0005216240576872977
D206,D227,12.28916913220744,12.284608632725272,-0.00037109909002852604,0.00037109909002852604
D207,D208,10.844998410327229,10.839377885703142,-0.0005182596079252866,0.0005182596079252866
D207,D227,11.79558969869672,11.791518408844928,-0.00034515356635722583,0.00034515356635722583
D207,D228,10.485076166151599,10.48325580041127,-0.00017361492768219744,0.00017361492768219744
D208,D209,10.84490139051527,10.841411394198483,-0.00032180987093521907,0.00032180987093521907
D208,D228,11.902850070886378,11.900737573208762,-0.0001774783068790864,0.0001774783068790864
D208,D229,10.491138392471992,10.491838061385318,6.669141966786363e-05,6.669141966786363e-05
D209,D210,10.844629141192428,10.844165743452955,-4.2730621161890525e-05,4.2730621161890525e-05
D209,D229,11.898338234392224,11.899023518630353,5.759495356660871e-05,5.759495356660871e-05
D209,D230,10.50864182328048,10.512287270074646,0.00034689989967029433,0.00034689989967029433
D210,E191,10.845210109536836,10.848926848016593,0.0003427078352762347,0.0003427078352762347
D210,D230,11.882375692596153,11.886424897860554,0.00034077404798127375,0.00034077404798127375
D210,D231,10.514366632850496,10.521484566793996,0.000676972203086379,0.000676972203086379
E191,E192,10.844322983017424,10.848660536383726,0.0003999837862718181,0.0003999837862718181
E191,D231,11.877291949346034,11.885485810951998,0.0006898762479619069,0.0006898762479619069
E191,E211,10.392871063378,10.396396092782869,0.0003391776327612561,0.0003391776327612561
E191,E212,11.876690923401181,11.88044590696451,0.0003161641224433964,0.0003161641224433964
E192,E193,10.844874539154434,10.847365973324598,0.00022973379370760938,0.00022973379370760938
E192,E212,10.51443777336668,10.516303902513611,0.0001774825423055404,0.0001774825423055404
E192,E213,11.88263990239543,11.889425468809105,0.0005710487290206956,0.0005710487290206956
E193,E194,10.845274727732809,10.846648048468616,0.0001266284875471868,0.0001266284875471868
E193,E213,10.50853067559875,10.514598407798152,0.000577410142931889,0.000577410142931889
E193,E214,11.898099184743755,11.903993327066498,0.0004953852065967546,0.0004953852065967546
E194,E195,10.844598747763794,10.845502712607946,8.335622784927388e-05,8.335622784927388e-05
E194,E214,10.490972290974739,10.49637541029152,0.0005150256017194543,0.0005150256017194543
E194,E215,11.90279716075175,11.909227590828289,0.0005402452876994701,0.0005402452876994701
E195,E196,11.911832537859153,11.912347386519011,4.322161667591473e-05,4.322161667591473e-05
E195,E215,10.48510252930319,10.491165626368007,0.0005782582523987667,0.0005782582523987667
E195,E216,11.796198218493958,11.801917207706568,0.0004848163032429298,0.0004848163032429298
E196,E197,11.912563204449329,11.912616095163157,4.439910447517903e-06,4.439910447517903e-06
E196,E216,12.28912288652042,12.294864264989943,0.0004671918836307576,0.0004671918836307576
E196,E217,11.803383519143994,11.809734661100421,0.0005380780812660468,0.0005380780812660468
E197,E198,11.911381040416767,11.911763965599265,3.214784089244915e-05,3.214784089244915e-05
E197,E217,12.282324413562781,12.288768561789285,0.0005246684592850048,0.0005246684592850048
E197,E218,11.824532292653279,11.830106619585422,0.00047142050054760354,0.00047142050054760354
E198,E199,11.912120268869009,11.913656588538457,0.00012897113484178213,0.00012897113484178213
E198,E218,12.261156236260925,12.26690380117825,0.00046876206505941376,0.00046876206505941376
E198,E219,11.83288660682591,11.839332427378851,0.0005447377945142495,0.0005447377945142495
E199,E200,12.378011236462832,12.381999951942083,0.00032224203089281644,0.00032224203089281644
E199,E219,12.253955707852047,12.26071561973132,0.000551651404692155,0.000551651404692155
E199,E220,12.378138768813345,12.379426267926624,0.00010401395050774198,0.00010401395050774198
E200,E201,12.378491375365572,12.386277588409312,0.000629011468977092,0.000629011468977092
E200,E220,12.417641795848358,12.420928749280119,0.0002647002938078735,0.0002647002938078735
E200,E221,12.386414917158243,12.389695670089777,0.0002648670300062772,0.0002648670300062772
E201,E202,12.378152926830403,12.385022585532356,0.0005549825359696392,0.0005549825359696392
E201,E221,12.40968941311587,12.416565222119019,0.0005540677751274536,0.0005540677751274536
E201,E222,12.409847563125028,12.4167229992834,0.0005540306698690323,0.0005540306698690323
D216,D217,11.919587622900384,11.924659760019537,0.00042552958035302346,0.00042552958035302346
D217,D218,11.947975549439326,11.953376100318103,0.00045200551812563106,0.00045200551812563106
D217,D238,12.282227728307259,12.28737570548355,0.0004191403457229903,0.0004191403457229903
D217,D239,11.832505876609563,11.837564192082732,0.00042749317227630534,0.00042749317227630534
D218,D219,11.919235178483566,11.919644088006777,3.4306691418350965e-05,3.4306691418350965e-05
D218,D239,12.289424121983899,12.290524120929796,8.950776984972819e-05,8.950776984972819e-05
D218,D240,11.825065272124288,11.832197127298498,0.000603113387544818,0.000603113387544818
D219,D220,12.29293607320887,12.289815047215997,-0.0002538877591394817,0.0002538877591394817
D219,D240,12.254375223976123,12.261555665648086,0.0005859492255397836,0.0005859492255397836
D219,D241,12.38577860047562,12.388943665752032,0.0002555402755455294,0.0002555402755455294
D220,D221,12.386126522040692,12.380698689795574,-0.00043821869859472784,0.00043821869859472784
D220,D241,12.261552797260215,12.264532034381267,0.00024297388514415985,0.00024297388514415985
D220,D242,12.378016262713508,12.378303914115074,2.3238893491539514e-05,2.3238893491539514e-05
D221,D222,12.417710183846296,12.410832894935133,-0.0005538290722961747,0.0005538290722961747
D221,D242,12.409661332204022,12.409743081492524,6.587551933279201e-06,6.587551933279201e-06
D221,D243,12.417641795848336,12.416018046980613,-0.00013076145168455788,0.00013076145168455788
D222,D223,12.385858348132373,12.378298211382743,-0.0006103845641646233,0.0006103845641646233
D222,D243,12.417607481314564,12.41584444992898,-0.00014197834713625124,0.00014197834713625124
D222,D244,12.40987980521971,12.407263978561444,-0.0002107858173747701,0.0002107858173747701
D223,D224,12.293327010211678,12.285720930006484,-0.0006187161700714761,0.0006187161700714761
D223,D244,12.378054758321284,12.375394018809615,-0.0002149561917134113,0.0002149561917134113
D223,D245,12.261732944408788,12.258967023860505,-0.00022557338027362484,0.00022557338027362484
D224,D225,11.919322961057794,11.912508533419649,-0.0005717126434453546,0.0005717126434453546
D224,D245,12.385521840439335,12.382730056622592,-0.00022540703998663592,0.00022540703998663592
D224,D246,12.254184945560418,12.25198333222355,-0.00017966216004161595,0.00017966216004161595
D225,D226,11.947846510982657,11.94232149928387,-0.00046242740846291763,0.00046242740846291763
D225,D246,11.825276203539586,11.823365472114263,-0.00016158027875501357,0.00016158027875501357
D225,D247,12.289441079642321,12.288997584831685,-3.608746791339268e-05,3.608746791339268e-05
D226,D227,11.919586112780921,11.91619443892204,-0.00028454627759633144,0.00028454627759633144
D226,D247,11.83241340386651,11.83226356034529,-1.2663817270941458e-05,1.2663817270941458e-05
D226,D248,12.28214501827755,12.284509646678497,0.00019252568646832557,0.00019252568646832557
D227,D228,10.783652778627479,10.78261266973516,-9.645237227784431e-05,9.645237227784431e-05
D227,D248,11.795964412035163,11.798544822059323,0.0002187536291249348,0.0002187536291249348
D227,D249,10.49102109139047,10.495412139949913,0.00041855301988147353,0.00041855301988147353
D228,D229,10.850012640545627,10.85131454588836,0.00011999113603500255,0.00011999113603500255
D228,D249,11.801275658588777,11.805766989640011,0.0003805801322813718,0.0003805801322813718
D228,D250,10.485390979834758,10.492322277124135,0.0006610432841949176,0.0006610432841949176
D229,D230,10.873426886221285,10.877616445199799,0.0003853025382294373,0.0003853025382294373
D229,D250,11.898001912085917,11.905292273047596,0.0006127382576963658,0.0006127382576963658
D229,D251,10.514292492127097,10.515640764358391,0.0001282323306397437,0.0001282323306397437
D230,D231,10.850778910751064,10.858374356049278,0.0006999907896647617,0.0006999907896647617
D230,D251,11.902509446331067,11.906383255984986,0.00032546159038027156,0.00032546159038027156
D230,D252,10.508452609685222,10.512103427174585,0.0003474172292501354,0.0003474172292501354
D231,E211,10.783687616488155,10.790955961734038,0.000674012963317816,0.000674012963317816
D231,D252,11.877077262525479,11.884535359017253,0.0006279403869255962,0.0006279403869255962
D231,D253,10.398604960762754,10.405819385640996,0.0006937877634032308,0.0006937877634032308
E212,E213,10.85107251934112,10.857243928125511,0.000568737216841031,0.000568737216841031
E213,E214,10.87315350622808,10.880764613682459,0.0006999908030378421,0.0006999908030378421
E213,E234,10.50862827775348,10.514747408240797,0.0005822958359151809,0.0005822958359151809
E213,E235,11.903261849173955,11.909623278336081,0.0005344273899652308,0.0005344273899652308
E214,E215,10.850353213605533,10.857948360854031,0.0006999907836156005,0.0006999907836156005
E214,E235,10.514469484477102,10.519886795056044,0.0005152243379411559,0.0005152243379411559
E214,E236,11.897539514538288,11.903193796381583,0.00047524799866272005,0.00047524799866272005
E215,E216,10.784061823821302,10.79161056709799,0.0006999907270572869,0.0006999907270572869
E215,E236,10.485335958375387,10.491452039365223,0.0005832985241593924,0.0005832985241593924
E215,E237,11.801217598197221,11.80756006881004,0.0005374420529105084,0.0005374420529105084
E216,E217,11.918924415399234,11.927267562490023,0.0006999916099819092,0.0006999916099819092
E216,E237,10.490929894913982,10.49634296123112,0.0005159758354462696,0.0005159758354462696
E216,E238,11.796046627578244,11.801682549555235,0.00047778057809755303,0.00047778057809755303
E217,E218,11.947762057389662,11.956091539519031,0.0006971583539543413,0.0006971583539543413
E217,E238,12.282118941778736,12.288562654967478,0.000524641816227911,0.000524641816227911
E217,E239,11.832505861397228,11.838858957800172,0.0005369189314048395,0.0005369189314048395
E218,E219,11.92007988228267,11.928423838200299,0.000699991610797035,0.000699991610797035
E218,E239,12.28925531429792,12.294918764022748,0.0004608456395431837,0.0004608456395431837
E218,E240,11.825526432679437,11.831098391632063,0.00047118062644790903,0.00047118062644790903
E219,E220,12.292383735061316,12.298889271974579,0.0005292331457817934,0.0005292331457817934
E219,E240,12.254321984100148,12.26081840061851,0.0005301326770090764,0.0005301326770090764
E219,E241,12.385668484583299,12.392192928300311,0.0005267736436780357,0.0005267736436780357
D239,D240,11.940782172872938,11.947853286633295,0.0005921817899350312,0.0005921817899350312
D240,D241,12.28559164427989,12.293639728428188,0.0006550831560516723,0.0006550831560516723
D240,D262,12.2544769329417,12.261606336015937,0.0005817794682916322,0.0005817794682916322
D240,D263,12.408862335041034,12.416031238437863,0.0005777244684699312,0.0005777244684699312
D241,D242,12.28519079216924,12.289494787540468,0.00035034013260681895,0.00035034013260681895
D241,D263,12.293228745939786,12.29675366117351,0.00028673632505937796,0.00028673632505937796
D241,D264,12.41667914258883,12.420225067722738,0.0002855775761931856,0.0002855775761931856
D242,D243,12.409750209009049,12.411550690181564,0.00014508601238460983,0.00014508601238460983
D242,D264,12.28521212067582,12.286708560962593,0.00012180825793439709,0.00012180825793439709
D242,D265,12.378219065762238,12.385232341636423,0.0005665819805680261,0.0005665819805680261
D243,D244,12.409482620157865,12.409754315897354,2.1894203634742482e-05,2.1894203634742482e-05
D243,D265,12.386227432515524,12.392974454379301,0.0005447196816412703,0.0005447196816412703
D243,D266,12.386170401702062,12.391769832431116,0.0004520711848341463,0.0004520711848341463
D244,D245,12.285774964567759,12.28544034272201,-2.7236527342711092e-05,2.7236527342711092e-05
D244,D266,12.377830417322727,12.383290789605333,0.0004411413065543712,0.0004411413065543712
D244,D267,12.285314338672825,12.29196684991038,0.0005415011007585679,0.0005415011007585679
D245,D246,12.285031655636883,12.284927364629082,-8.489274649359224e-06,8.489274649359224e-06
D245,D267,12.417292049396298,12.423969257729604,0.0005377346612083223,0.0005377346612083223
D245,D268,12.293276032042899,12.298715678881292,0.00044248960360238065,0.00044248960360238065
D246,D247,11.940711825515258,11.941894275881701,9.902679033890749e-05,9.902679033890749e-05
D246,D268,12.409155986609253,12.414684190293555,0.00044549393127679693,0.00044549393127679693
D246,D269,12.254229353574226,12.260898555062115,0.0005442367117065583,0.0005442367117065583
D247,D248,11.941267241377686,11.944871754536749,0.00030185348725586536,0.00030185348725586536
D247,D269,11.80298802719041,11.809692268314501,0.000568012193916223,0.000568012193916223
D247,D270,12.261249599449469,12.262380020548106,9.219460785536704e-05,9.219460785536704e-05
D248,D249,10.777893917180654,10.783195828361928,0.0004919246025256729,0.0004919246025256729
D248,D270,11.796461386788822,11.799444543239707,0.0002528857047101596,0.0002528857047101596
D248,D271,10.508209042458185,10.511011396621383,0.0002666823767851767,0.0002666823767851767
D249,D250,10.777621539560588,10.785165774654246,0.0006999907229963132,0.0006999907229963132
D249,D271,11.821366496729564,11.825894858152635,0.0003830658176722235,0.0003830658176722235
D249,D272,10.51382071228153,10.518133177914585,0.0004101711215236392,0.0004101711215236392
D250,D251,10.868294963332561,10.875248242506096,0.0006397764503993653,0.0006397764503993653
D250,D272,11.815510334302102,11.822629996708905,0.0006025691828250856,0.0006025691828250856
D250,D273,10.484953822025162,10.491850981571817,0.0006578149664491217,0.0006578149664491217
D264,D265,12.261858414204589,12.268523434892987,0.000543557139811579,0.000543557139811579
D265,D266,12.417710183846308,12.42640248097508,0.0006999919469918847,0.0006999919469918847
D265,D288,12.293021163652176,12.299691088128785,0.0005425781333827651,0.0005425781333827651
D265,D289,12.37808972539787,12.384778207360325,0.0005403484795178937,0.0005403484795178937
D266,D267,12.261686520214077,12.27026960077814,0.0006999918445080855,0.0006999918445080855
D266,D289,12.378051767544056,12.38354611561868,0.0004438782595037605,0.0004438782595037605
D266,D290,12.292980622290113,12.298459524060931,0.0004456935172323373,0.0004456935172323373
D267,D268,12.293174792542429,12.301779914897203,0.0006999918654044812,0.0006999918654044812
D267,D290,12.385287566302178,12.391979912041977,0.0005403464153717064,0.0005403464153717064
D267,D291,12.285250714983388,12.291916131661718,0.000542554387612304,0.000542554387612304
D268,D269,12.262161508070253,12.270744921125974,0.0006999918448367115,0.0006999918448367115
D268,D291,12.408833062379387,12.414334833913857,0.00044337541707695216,0.00044337541707695216
D268,D292,12.261900596971097,12.267376249955547,0.000446558259149743,0.000446558259149743
D269,D270,11.947895068588434,11.954489376808361,0.0005519221739120894,0.0005519221739120894
D269,D292,12.41644139196092,12.423135797370472,0.0005391565262722331,0.0005391565262722331
D269,D293,12.25426288154452,12.260918413534954,0.0005431197334975213,0.0005431197334975213
