surface,receiver_x_m,receiver_y_m
baseline,1.4913048851747086,-1.6682193154398925
baseline,1.2100469229283888,-2.2702187757725754
baseline,2.2528093067340587,-2.1246947290589318
baseline,2.4133244845365915,-2.9298050660228676
baseline,1.816262827839572,-3.023090738685812
baseline,2.0262974990556395,-3.325583794916512
baseline,2.9961885647885604,-2.2154084422081755
baseline,1.1744667894276466,-2.0931468725013325
baseline,1.466884049044775,-1.4270678995469799
baseline,0.7782085386158987,-3.205372007195857
baseline,1.1531653790993137,-1.7530534317669315
baseline,1.9381067457832963,-2.284156026480237
baseline,0.9266602904348314,-1.8849850443725902
baseline,1.7976306532687698,-2.283410270123511
baseline,1.904024247777381,-3.0588107415336343
baseline,2.377145280240819,-1.2792939716496192
baseline,2.375530037045574,-2.569652722300579
baseline,1.8269022006540712,-2.6713909452082434
baseline,1.5294294785198277,-1.9244882417992555
baseline,2.1934383362029615,-2.643574668469775
baseline,2.8897350748034274,-2.0198111462506385
baseline,3.2771014503906444,-1.859218252694232
baseline,1.389560623981592,-1.7665190008224576
baseline,1.963803463683287,-3.008254764572344
baseline,0.889850120044831,-1.7038457290857818
baseline,1.1960217600401628,-0.9626953807913963
baseline,1.6630233119885587,-3.347165093405433
baseline,1.074901838345187,-1.3476971104653692
baseline,0.4879118488819437,-3.328866073945785
baseline,0.7997662829436534,-1.62116578981445
baseline,1.613599128088495,-2.236314034965596
baseline,0.3215157481861815,-3.3500409553978105
baseline,1.5177620739904618,-2.458092291359891
baseline,0.4148855443641948,-2.0090318256855104
baseline,1.264268604258155,-2.3830190025011997
baseline,1.3192448699635928,-3.1310614734045736
baseline,0.8805522665671428,-1.5136352549569598
baseline,1.7925183234521516,-2.653372471421455
baseline,2.3803562275540093,-0.9166286076178579
baseline,2.268250380657022,-2.076478357561015
baseline,1.7635086941552445,-2.1859445899434595
baseline,2.740898578722057,-0.9143726972884013
baseline,2.2374648422943504,-2.2592670675290587
baseline,1.7561639487735319,-1.549932016979707
baseline,2.4841910004300756,-2.239150671723279
baseline,3.0674576233237874,-1.6823557259480408
baseline,3.460357454928976,-1.4860862364512373
baseline,1.472848294337691,-1.4026550051074982
baseline,2.5192518502171937,-1.593541785473131
baseline,0.9566133854794131,-1.4003161354797393
baseline,1.633510157778777,-2.456843610399515
baseline,0.27463514117115373,-1.0472479115124973
baseline,0.603628748724201,-0.20518621977827167
baseline,1.5442893770742412,-2.859825876709825
baseline,0.732254329580189,-0.6606474745420495
baseline,1.2917718604379647,-3.133111791686846
baseline,0.6454043688141934,-0.9956665587091171
baseline,0.18435060604657647,-3.2277954506693702
baseline,0.43418931588646936,-1.1939227121732583
baseline,1.2984140095363628,-1.9134166438209428
baseline,0.06402056478530659,-3.489465436476024
baseline,1.2593185588265066,-2.415717533327285
baseline,-0.19917553844189867,-3.440067771436084
baseline,1.0408549040109596,-2.5469005735989216
baseline,-0.1585867816495216,-2.07216243940403
baseline,0.7045161175885466,-2.415256158835521
baseline,0.7098218309537189,-3.1585182543240644
baseline,0.29349775095481556,-1.591308408670385
baseline,1.1608870429570446,-2.704378138215454
baseline,0.7620098143841298,-1.021336864276072
baseline,1.6420901435605462,-2.1293100868564996
baseline,2.3186753145379555,-0.42981252826652466
baseline,2.1149810232801873,-1.4958462964252506
baseline,1.636960802710098,-1.6183205147251591
baseline,2.7780658437458037,-0.515650062764847
baseline,2.1929040905743977,-1.7694451426543258
baseline,3.005762750192134,-0.522679181920754
baseline,2.5627010267305206,-1.852272511051677
baseline,1.846185510941298,-1.165428890890655
baseline,2.654227651822026,-1.8392529718386303
baseline,3.0494594149421355,-1.3035468987195296
baseline,3.4490909463467623,-1.0783565531693349
baseline,1.4470350926493953,-1.0437416273070366
baseline,2.4915258234967443,-1.284007428188016
baseline,0.9108192818535138,-1.051766422263336
baseline,1.7500168441430102,-0.9061237469425425
baseline,0.20446078057310857,-0.7492056248447615
baseline,0.9605167472613004,-1.5296540791707276
baseline,-0.7260768915190225,-0.052263225307356775
baseline,-0.38428812917038746,0.8871309970350547
baseline,1.125220313265218,-2.0167974052692625
baseline,0.04505170999046196,0.3167505651344
baseline,1.0628928193876666,-2.3671453215646543
baseline,0.228070113550933,-0.09141824916558017
baseline,0.8687621624984883,-2.5632403866713815
baseline,0.2257980847585816,-0.3546743170837764
baseline,-0.05871320402642681,-2.8331021283890956
baseline,0.0788975321581175,-0.4421254129236627
baseline,0.9778406466498885,-1.2691798461633146
baseline,-0.1328614070573172,-3.3751254989878
baseline,0.9787543980279513,-2.102182739481799
baseline,-0.37974480498769364,-3.536360777792269
baseline,0.8134495834248371,-2.5183169558950844
baseline,-0.7339413754178299,-3.42359426456662
baseline,0.506013815901285,-2.6062626338174764
baseline,-0.7451360683591494,-2.1273050282393586
baseline,0.09926049120304363,-2.406426988533072
baseline,0.05549670526594585,-3.116901736399196
baseline,-0.30678134316037753,-1.6617464728519118
baseline,0.47424344253305484,-2.673463468035122
baseline,0.17125110630173235,-1.082914303554454
baseline,0.9348874112418366,-2.1364526958390253
baseline,0.6455832903837824,-0.44931047988691064
baseline,1.4098053446423067,-1.5112792806032964
baseline,2.1622239161410177,0.1106427603622465
baseline,1.90075516776434,-0.8336685445552221
baseline,1.4691686281148888,-0.9591426035901046
baseline,2.7142207150461286,-0.0539798182348737
baseline,2.110419245224844,-1.16097391229512
baseline,3.0775441614528414,-0.16183254687617557
baseline,2.5540561535688306,-1.3233520742498528
baseline,3.1585778053625333,-0.18543630337025171
baseline,2.763595163407027,-1.4109703221644583
baseline,1.8013129744985155,-0.7913566852422074
baseline,2.6817497724048383,-1.4315201817133512
baseline,2.9094118373508944,-0.919499892359749
baseline,3.302212271659776,-0.7376236724898075
baseline,1.145204773682077,-0.6580611937517192
baseline,2.3468123810827053,-0.9188971296420387
baseline,0.6184974079190166,-0.6875477385473382
baseline,1.570730963440196,-0.5987562417600931
baseline,-0.11717030100818321,-0.4159116755954171
baseline,0.5614976332460015,0.1964630710318623
baseline,-1.0822878104329547,0.21998955682724602
baseline,-0.18459964825230668,-0.2610730469464483
baseline,-2.3153622235712774,1.3938714203953755
baseline,-1.9358882244050315,2.490617949267855
baseline,0.34668518890599365,-0.8478889873006916
baseline,-1.0827742549471584,1.8075612983566172
baseline,0.5630218475979687,-1.2924290616864793
baseline,-0.5952614695333927,1.2826260704633243
baseline,0.5764551261483589,-1.556497018532502
baseline,-0.3391741658238037,0.9366390741962569
baseline,0.5077468291824221,-1.6320726960951715
baseline,-0.269374048576694,0.773583715269666
baseline,-0.34520180992862015,-2.057370164422397
baseline,-0.2707344106675219,0.8177308192545834
baseline,0.7093289399464237,-0.15790818929914927
baseline,-0.34447216943056946,-2.9898432113557734
baseline,0.7974343054818053,-1.4396272404643184
baseline,-0.550312194782993,-3.436676848203675
baseline,0.6635559041018286,-2.167715880048894
baseline,-0.8774431185433318,-3.535443944530054
baseline,0.3913663036296394,-2.508316500325655
baseline,-1.2749316786246638,-3.403134168873537
baseline,-5.9881594652867215e-05,-2.518409323212413
baseline,-1.3385572189128698,-2.0750979462663626
baseline,-0.428951303088787,-2.316659430985683
baseline,-0.5229852244960779,-3.0438370869402522
baseline,-0.9611967015049584,-1.664594711122703
baseline,-0.1853135316305681,-2.668594775200698
baseline,-0.5121528790335426,-1.1038330581451041
baseline,0.25306085329108857,-2.132592022662509
baseline,-0.03018509416078452,-0.4687992548891128
baseline,0.7181979136452722,-1.5176457224128255
baseline,0.42958564836065943,0.16964274115847394
baseline,1.2096572608202694,-0.8372259962531837
baseline,2.014948305456723,0.728976088869951
baseline,1.6810289457235676,-0.16804322913991493
baseline,1.260966419274502,-0.3097201465033805
baseline,2.6008017210151912,0.5263970288578307
baseline,1.9237311517437516,-0.5449308822259136
baseline,3.051443431095193,0.3486426246804042
baseline,2.4621907199038784,-0.7672399304037248
baseline,3.2601451758436335,0.22087434393374053
baseline,2.7775714449954267,-0.9437918235419085
baseline,3.109742620462179,0.18165663330476736
baseline,2.8317732608053428,-1.0651596523947169
baseline,1.4989274312681444,-0.4590767324090228
baseline,2.4924205780543383,-1.1006804692492584
baseline,2.5353632268065533,-0.5848363297490236
baseline,2.9082377448662506,-0.4042540124703498
baseline,0.6114890301240246,-0.3363652914976881
baseline,1.9950201311448301,-0.5463644727480584
baseline,0.09089026169355764,-0.3152691731525259
baseline,1.2025130950120184,-0.24370826905224777
baseline,-0.6952910860978043,-0.05688622749656072
baseline,0.12069551443283387,0.488556577845952
baseline,-1.6553162685057852,0.5478722000226758
baseline,-1.2212099627177428,1.7263959662397006
baseline,-2.9562512631355045,1.6560124602540678
baseline,-1.881165381310072,1.5461893454906355
baseline,-4.618767298256888,3.423232137810643
baseline,-4.200470678465897,4.708351223724133
baseline,-0.9467932541838855,0.803903908190697
baseline,-2.8113492634331645,3.831551213149838
baseline,-0.34149654616312275,0.22126958310133885
baseline,-1.8784012611330207,3.1618988433783732
baseline,-0.039995882582817714,-0.1445447884689826
baseline,-1.3172691082194055,2.7386428604467055
baseline,0.09494130629304283,-0.25795751579682064
baseline,-0.9530826140043042,2.4449116726943467
baseline,0.1211261934609706,-0.18983790708399037
baseline,-0.7375321669329542,2.43511521323856
baseline,-0.5543190241562873,-0.8357373574963948
baseline,-0.5887559211497558,2.6785724106333975
baseline,0.4924085859633393,1.521773921050872
baseline,-0.5140591962885979,-2.195998722132435
baseline,0.6487666096580655,-0.30226670613521767
baseline,-0.6789147167303959,-3.039665343872685
baseline,0.5711505799521588,-1.4817914073877456
baseline,-0.9830894699846169,-3.421804196659391
baseline,0.3434887966228535,-2.1118420932841473
baseline,-1.3386462247967252,-3.472358181650996
baseline,-0.040038580867242275,-2.409923778268516
baseline,-1.7734297658150175,-3.2827895326186316
baseline,-0.4465405141223774,-2.3933966067983996
baseline,-1.8926771464844765,-2.007907138492164
baseline,-0.8962475464594465,-2.1628168800253564
baseline,-1.0432760987253513,-2.9197175772929618
baseline,-1.580549199005513,-1.6145531125750545
baseline,-0.7892365218496818,-2.5888985249017846
baseline,-1.2098872132228964,-1.0838573850013435
baseline,-0.4405615035925439,-2.097902671074889
baseline,-0.7462946134046254,-0.4674589857868204
baseline,0.0222337796256717,-1.5160897369756077
baseline,-0.2580949208661418,0.16202561752702052
baseline,0.483497885630037,-0.8305343823367597
baseline,0.2239646445950075,0.8237873831063857
baseline,0.9707021179442799,-0.16507314989442268
baseline,1.7965192130607797,1.363779748578056
baseline,1.4459366102177278,0.49638349986554264
baseline,1.0305844325372646,0.3373639226739019
baseline,2.457397810106712,1.1232146987117928
baseline,1.7253464468797246,0.08734529303671545
baseline,2.9552417404308273,0.9243202717559705
baseline,2.296754196799471,-0.15942020705008297
baseline,3.2601387730566245,0.7223035954042685
baseline,2.696637125801652,-0.4280959613069663
baseline,3.245811590535325,0.5561113651584795
baseline,2.8698470817884862,-0.607650994195754
baseline,2.8848136706329215,0.4748362962591679
baseline,2.679428467643404,-0.7597688418851838
baseline,0.9329354534449472,-0.19348930098115652
baseline,2.0522215559818893,-0.8352363425015119
baseline,1.8883038726826213,-0.26102627383567406
baseline,2.222115742756886,-0.15313574868248084
baseline,-0.2700503395856832,-0.07810378427709465
baseline,1.3165592704893487,-0.20044908850563942
baseline,-0.7729334910745919,0.003928656712025584
baseline,0.5615401399184993,0.12340390935579823
baseline,-1.520586170422956,0.3076042670698387
baseline,-0.5769797611251132,0.826491101411396
baseline,-2.548716568777526,0.9081488660683064
baseline,-1.9750266528225398,2.0129550221074717
baseline,-3.910815480276958,1.9875780738108602
baseline,-3.7934735698404323,3.8907169997463065
baseline,-5.665591775067999,3.686189458809791
baseline,-4.368586115061895,4.044261380176112
baseline,-7.925631313056836,6.252278541546553
baseline,-7.454311497323778,7.78818511215788
baseline,-2.843457627302429,3.0787409974635076
baseline,-5.336704406771904,6.633794227764862
baseline,-1.8172423715926467,2.372901621813952
baseline,-3.8408759831071753,5.753453907861054
baseline,-1.1113120324360337,1.8276069717049894
baseline,-2.79650199160813,5.1218534998461465
baseline,-0.6959431865919857,1.632776887954771
baseline,-2.1031233149555204,4.745922082438115
baseline,-0.42057396498399846,1.6202812886810845
baseline,-1.5973103782362208,4.645122017784477
baseline,-0.22407447332109176,1.9048251807738579
baseline,-1.2141478262636338,4.825861812741997
baseline,-0.7185682982941844,0.9859371059599621
baseline,-0.8563586118167578,5.335252796749356
baseline,0.3493193113601722,3.9522651388065966
baseline,-0.6081639582727643,-0.9524592709335924
baseline,0.59295127499343,1.4084830635514543
baseline,-0.7045766532773565,-2.203137336693129
baseline,0.5755708237146031,-0.2927389623114923
baseline,-0.9995317954201948,-2.970388455124764
baseline,0.3646986053332556,-1.3775875220048688
baseline,-1.326429352268615,-3.2875805633166695
baseline,0.02736616379094886,-1.9636512792906844
baseline,-1.76417779666747,-3.322732855415563
baseline,-0.37644102547346087,-2.208971024599098
baseline,-2.2139916195949385,-3.1152040605249387
baseline,-0.8207625200312555,-2.1817068717645154
baseline,-2.3917206596000824,-1.8721086599599233
baseline,-1.2510132191640497,-1.9525604111322286
baseline,-1.4538251312312342,-2.7309196432913323
baseline,-2.1708406326897673,-1.5330645300197936
baseline,-1.3308784640171618,-2.4759775913303623
baseline,-1.825570043033891,-1.0542811718853877
baseline,-1.0513794035049027,-2.0404642665750434
baseline,-1.4503925525861607,-0.4561195018400091
baseline,-0.6763749103730297,-1.4816750011477902
baseline,-0.9608966840723817,0.16414494663158266
baseline,-0.22609172171674036,-0.8282121824076278
baseline,-0.4917501906234919,0.8288075070271438
baseline,0.2550135480749006,-0.1623219986269853
baseline,-0.011167098368031625,1.472944938875416
baseline,0.7361517566343776,0.5049588687623011
baseline,1.5670814650325404,1.991241942975153
baseline,1.204009512638534,1.1200888855344937
baseline,0.7877283742302383,0.9413673537854208
baseline,2.2489983579556827,1.7413734516097523
baseline,1.4864331727249216,0.6932397835670553
baseline,2.800598916615994,1.472850816689262
baseline,2.0931496394468527,0.4203618649906329
baseline,3.1744339302996014,1.2559646295183822
baseline,2.5428839068927704,0.14649513425340913
baseline,3.2745236223466816,0.9945967238755239
baseline,2.802981320332871,-0.12600479464715797
baseline,3.0552472126032835,0.8178374625112095
baseline,2.7376689725942875,-0.369310242633442
baseline,2.3835484401578446,0.6880359041972994
baseline,2.2743935022906965,-0.5632074718522689
baseline,-0.0004297445505783632,-0.03772512081515603
baseline,1.279325524458825,-0.6935095320123627
baseline,0.5784075241567099,0.05637723219117515
baseline,0.8793479536876309,0.05415706829043634
baseline,-1.3639805201933002,0.007314310936831973
baseline,0.029728631183045764,0.18509430085121065
baseline,-1.841341969124577,0.20489775436024843
baseline,-0.7877173123255087,0.5450284503600765
baseline,-2.577828998333402,0.5856709355284253
baseline,-1.9060969103061831,1.2117782619630642
baseline,-3.7065974020011514,1.2890769585958681
baseline,-3.385663176311285,2.3800775583550617
baseline,-5.082097639918515,2.408530843006864
baseline,-5.2998521643344825,4.196803680812827
baseline,-6.9603913072778365,4.112031738305946
baseline,-7.7671991067841235,6.925061515536086
baseline,-9.36195860632414,6.64046377383275
baseline,-8.0514666823926,7.8263775254754515
baseline,-12.33016329619514,10.035000254090505
baseline,-11.859121158607778,11.78709847343326
baseline,-5.740573583988446,6.561848104469194
baseline,-8.970051663679117,10.270600414426882
baseline,-4.095290903686399,5.603862363358752
baseline,-6.68488596983628,9.087403553295426
baseline,-2.931051690594584,4.922463579495203
baseline,-5.015278204464423,8.197800543214266
baseline,-2.1422727688320395,4.519095234002275
baseline,-3.8066378260042693,7.710161770676894
baseline,-1.5533859732933977,4.418401691637111
baseline,-2.8603105953394703,7.415641554112968
baseline,-1.0989156294587865,4.629836936590171
baseline,-2.1593602429521654,7.534397276358726
baseline,-0.6726637606376418,5.191360066384703
baseline,-1.5391813758376467,7.99230202986287
baseline,-0.5997661969757253,3.7086233074271178
baseline,-1.0410906197955763,8.773198483300266
baseline,0.2109024996912198,7.16491811499841
baseline,-0.40604338870015905,1.0253574508555514
baseline,0.47180235321392666,3.884360181825738
baseline,-0.47082998510560015,-0.7864782040430497
baseline,0.5291827368230284,1.4570052357976722
baseline,-0.7135001074671509,-1.9481773472770694
baseline,0.35817560851322267,-0.1873621367260805
baseline,-1.0840865547847844,-2.596353452498575
baseline,0.09908973116889354,-1.2124227764534974
baseline,-1.5113776728911978,-2.88993672735377
baseline,-0.31818365721141356,-1.8431389414918036
baseline,-1.9640764248680107,-2.8922243793680034
baseline,-0.7382225941342493,-2.072390923573703
baseline,-2.4081256472205306,-2.6941993651785543
baseline,-1.1757048842975955,-2.0491129809232844
baseline,-2.6781300397889365,-1.8400605997991142
baseline,-1.6301074890951317,-1.7249486115654447
baseline,-1.8870142362773195,-2.4405856218186206
baseline,-2.575757769510265,-1.5730511070254334
baseline,-1.8515456248806748,-2.1645684886601564
baseline,-2.3206838135348296,-1.1209814547899208
baseline,-1.6974092012241484,-1.8071957079065353
baseline,-1.9567075945402372,-0.555229498155842
baseline,-1.4210772686951159,-1.3007383709585756
baseline,-1.509412097139014,0.10291850865012568
baseline,-1.0169533543417608,-0.73847864659218
baseline,-1.0351826710833372,0.7730669707011166
baseline,-0.6160751712067236,-0.08167184271159961
baseline,-0.5497299671862635,1.436473646334951
baseline,-0.13760027454862098,0.568035066517821
baseline,-0.07953136166694084,2.0492082355744965
baseline,0.3269151790609136,1.193991921456163
baseline,1.2045697893941054,2.439637310226673
baseline,0.8629466493028187,1.8215457473447094
baseline,0.5364144489795923,1.6555198368956776
baseline,1.8957537048717956,2.1825896270811547
baseline,1.3385146705035604,1.4135657080460353
baseline,2.4936991694215758,1.8984245568186553
baseline,1.9461095735914513,1.1353308308211632
baseline,2.9299060369824583,1.6041573285892479
baseline,2.4283714055334684,0.8458772134372823
baseline,3.1757948708634642,1.3025720969527814
baseline,2.6867369498895064,0.5044742964520176
baseline,3.0876914912922717,1.0247996379308835
baseline,2.6985536788765225,0.23612141331630718
baseline,2.5955420559385667,0.787240193887759
baseline,2.3514512479251177,-0.06210265063184306
baseline,1.5612462223411685,0.6026281910879673
baseline,1.5173572771414026,-0.3024919659506872
baseline,-1.158610718388273,0.04339234043565931
baseline,0.22211573570042722,-0.5455333333280301
baseline,-1.0034805180020168,0.1936088087784385
baseline,-0.6823917294002168,-0.08029106115996551
baseline,-3.3042440570560214,0.1317648198283909
baseline,-1.5116791457872771,0.4495560862566664
baseline,-3.7279035122742368,0.35491033195416644
baseline,-2.3323523775696606,0.8980785534603802
baseline,-4.4541722293968995,0.8542894392834688
baseline,-3.4545740606896422,1.6416509058102307
baseline,-5.603986915944301,1.6619747197675254
baseline,-5.070580480902598,2.846453317016218
baseline,-7.115980756904239,2.835515777639806
baseline,-7.123190028734087,4.683885646723726
baseline,-9.072749182330936,4.613037953510153
baseline,-9.790506867302643,7.401202962970371
baseline,-11.679024972023146,7.157817303472887
baseline,-13.098576671956984,11.380588849170989
baseline,-14.88832711648225,10.562368555498463
baseline,-13.379700237420233,12.671878636275805
baseline,-18.869958886478667,15.442548648045886
baseline,-18.335991810430542,17.619545372653235
baseline,-9.939307250141002,11.1218338644199
baseline,-14.137082355267943,15.764178607260469
baseline,-7.396513782166165,9.771149801994383
baseline,-10.981592680618531,14.146336876684765
baseline,-5.543419863934602,8.799456613625962
baseline,-8.440960295049464,12.87436486880188
baseline,-4.166167643315599,8.138100538848647
baseline,-6.5268175590851785,12.09764012229762
baseline,-3.1702129211120957,7.939772288446835
baseline,-5.075475140848454,11.659879812859923
baseline,-2.3568646797351063,8.062813757126719
baseline,-3.8768946803626436,11.581222268364797
baseline,-1.64488028007331,8.59608746841066
baseline,-2.908631431841666,11.989917084374595
baseline,-0.7777704222898193,9.459210506231333
baseline,-2.103415828472358,12.748640542310467
baseline,-0.6207794641691924,7.621979901246624
baseline,-1.1214602116064454,13.842073903072075
baseline,0.3284486043099463,11.85514271501289
baseline,-0.24315290521674277,3.8386342102838555
baseline,0.79382296803466,7.3488210589846545
baseline,-0.26226897176493025,1.244787935019206
baseline,0.827404330080665,4.170020197685376
baseline,-0.47702115527820205,-0.5040418542563397
baseline,0.6904528719130502,1.806998401490579
baseline,-0.8539065141159743,-1.6421817479436045
baseline,0.44500296464518035,0.20619021561075848
baseline,-1.2510922555742923,-2.2485680858057147
baseline,0.060677192287622514,-0.8063932153631157
baseline,-1.7025907050562004,-2.532217673300826
baseline,-0.3800662352272662,-1.420680620305991
baseline,-2.151811243397182,-2.5404280626735174
baseline,-0.8208773857459373,-1.6477727152236903
baseline,-2.4900363312637674,-2.466056656174765
baseline,-1.2666208302061024,-1.5410709098337256
baseline,-2.8248727795358786,-1.4861459869677387
baseline,-1.6229056859364788,-1.352870894452281
baseline,-1.9491377896911555,-2.1415760883334953
baseline,-2.981636635001108,-1.4045767773523758
baseline,-2.169731333440514,-2.053338342879186
baseline,-2.8494805052265013,-1.0207001789246704
baseline,-2.120240816014562,-1.6732397852379475
baseline,-2.5774528533695418,-0.5006492687914919
baseline,-1.9430005796678338,-1.2200753883250632
baseline,-2.22194269553489,0.1423377060222068
baseline,-1.6378030756310429,-0.6943924829380722
baseline,-1.7501567083411027,0.7943912754811143
baseline,-1.2462781708059207,-0.06294562822479517
baseline,-1.2736618378153985,1.4563980868778053
baseline,-0.8398776041845873,0.5783317777535348
baseline,-0.7860095637747659,2.0764402661050703
baseline,-0.36324636738966815,1.2046266888970136
baseline,-0.3921278521005219,2.507236943153313
baseline,0.1822989645233647,1.8431196702965538
baseline,1.0652770833499954,2.9371772090495734
baseline,0.6376984743831909,2.291805533956298
baseline,0.2931571725782974,2.0975811156950663
baseline,1.6240143042052972,2.7389385494321004
baseline,0.9537203109116942,1.9122476742648364
baseline,2.232294528159652,2.4584187964671935
baseline,1.6682316167512368,1.6421006429768856
baseline,2.705062578811503,2.1392691862512625
baseline,2.172398838188144,1.3383313564522412
baseline,3.0041934659618703,1.8268627243159603
baseline,2.46592643490659,0.9761618308813934
baseline,3.007877558262035,1.4518265006092506
baseline,2.5606680598923277,0.613381669409171
baseline,2.640091738460902,1.1124635556517324
baseline,2.2927133749570148,0.2807388187704082
baseline,1.7663669721591946,0.7942706646057299
baseline,1.6055989465818408,-0.09090709417658518
baseline,0.11763303055648221,0.5727406759233735
baseline,0.49386017148850314,-0.46319738760065093
baseline,-3.0716184135504814,-0.13408292313919062
baseline,-1.4634474213619264,-0.7461443209964729
baseline,-3.1787498622830204,0.02850121708506424
baseline,-2.9206831310338575,-0.31396275945942975
baseline,-5.868505704026941,-0.08257001418905169
baseline,-3.7049068247983556,0.5783932730274151
baseline,-6.341095634163833,0.45362564402272515
baseline,-4.50383005558039,1.1731222742298462
baseline,-7.089892253914787,1.007995513196043
baseline,-5.697758158101378,2.0316075672138814
baseline,-8.212453032432716,1.9666222150127106
baseline,-7.365733125233388,3.3374402767047404
baseline,-9.807112250610682,3.264851434121099
baseline,-9.57863517294227,5.232483978202992
baseline,-11.942550470874018,5.112310858350217
baseline,-12.473710832961414,8.002302994670114
baseline,-14.77564105928147,7.7922645112077715
baseline,-16.118414305819176,12.017550905293303
baseline,-18.234998039833286,11.258199214787629
baseline,-20.58383690719446,17.33587591322728
baseline,-22.588555088974626,16.182196711538698
baseline,-20.706145399202065,19.44022414225809
baseline,-28.243276142214274,23.08355745981008
baseline,-27.637978288182186,25.868062854697147
baseline,-16.004833338765966,17.299200210035934
baseline,-21.550847702144456,23.16901346158144
baseline,-12.211102469125445,15.541856377655066
baseline,-16.937814650905967,21.07702392868369
baseline,-9.380706446644712,14.133569954980235
baseline,-13.430373239717833,19.376173525018476
baseline,-7.257583038365615,13.187893873952063
baseline,-10.522452741608229,18.109662783761472
baseline,-5.611871870522523,12.702413246521312
baseline,-8.306741873666626,17.358985004096958
baseline,-4.325178466282541,12.683223778078178
baseline,-6.534656583366973,17.09575678521774
baseline,-3.2094041789397703,13.143097522850871
baseline,-5.025458014415883,17.377523998644513
baseline,-2.017752357785758,14.024424064139415
baseline,-3.7935759381845116,18.03616015927526
baseline,-0.8996313723853561,15.261263258977618
baseline,-2.4602650167541746,19.13157243969265
baseline,-0.3483137796673937,12.769280316621957
baseline,-1.0323203655676607,20.830458175731806
baseline,0.6670348057173855,18.333836469896518
baseline,0.05324508970337432,7.924029839601259
baseline,1.2550102082861219,12.223064784365915
baseline,0.1600959210891367,4.219467568683312
baseline,1.4353804545140656,7.826562456809623
baseline,-0.025371454321842773,1.6883725567191008
baseline,1.2956629681058522,4.726286751505381
baseline,-0.3744039825848493,-0.02249959342646136
baseline,1.035580219180347,2.3669305770667037
baseline,-0.8028350352277693,-1.14772157598533
baseline,0.6409063349948814,0.7948491379061623
baseline,-1.2613837174897642,-1.7659260573791566
baseline,0.1960331271314128,-0.23163134551175601
baseline,-1.7117015197572172,-2.051931457228099
baseline,-0.2362927533909038,-0.8382296840205061
baseline,-2.044866238279516,-2.2008050143223654
baseline,-0.7154969090140191,-1.0088871104866686
baseline,-2.4061254219017827,-2.050003523961312
baseline,-1.0933424770973783,-1.0511122357266642
baseline,-2.831960336585036,-1.182859989896893
baseline,-1.379149312125147,-0.911739249467985
baseline,-1.781222613450958,-1.7557669001843637
baseline,-3.094864230729383,-1.0902258151979207
baseline,-2.2308629216883604,-1.7969481325606975
baseline,-3.237271413659106,-0.8896042844884201
baseline,-2.412181271499843,-1.5929833268075768
baseline,-3.088737301544227,-0.4252305434123086
baseline,-2.3170155561968127,-1.1316524220714992
baseline,-2.7996399424816936,0.16663024838247248
baseline,-2.1462921593045245,-0.6465315249486228
baseline,-2.4109191190150603,0.7924736197829687
baseline,-1.832211057912689,-0.06015866310040093
baseline,-1.9514010199542824,1.4500883287532633
baseline,-1.425439708565068,0.5741939575240094
baseline,-1.481780256252171,2.073933968939679
baseline,-0.998714464972867,1.1740774391673054
baseline,-1.0532259799670693,2.507468988928318
baseline,-0.4829219052502586,1.8272266950361815
baseline,-0.5895602705576709,2.937247729359833
baseline,-0.0059646326301922205,2.2941251530891185
baseline,0.8123273453362768,3.321903002281666
baseline,0.43463173701854135,2.6338454532265603
baseline,0.06590712896062359,2.408335329689956
baseline,1.4616502324351326,3.139972053950154
baseline,0.6888123233713714,2.266512169058495
baseline,1.942158795528135,2.9314983218090913
baseline,1.2695725148805286,2.051889926333602
baseline,2.4252878039598387,2.611920936475031
baseline,1.862996867282934,1.721281445332167
baseline,2.757563264419642,2.253971661988686
baseline,2.1844448527093436,1.3768091390550814
baseline,2.8202729172586887,1.8577325049334252
baseline,2.32167731270227,0.9795306434839944
baseline,2.5537064533323313,1.433699439423865
baseline,2.1560945035952224,0.5458422603739057
baseline,1.8190802603378542,1.0162642841036635
baseline,1.542207481073045,0.10472467709573136
baseline,0.3519968731496226,0.6180157357117004
baseline,0.5783474048843632,-0.3604226704131969
baseline,-1.7171331935561656,0.247601485963713
baseline,-1.168060267705734,-0.8119597777093138
baseline,-5.709979089822275,-0.569851384477266
baseline,-3.802896273272469,-1.2215758795304867
baseline,-6.083142834472539,-0.24142733084382006
baseline,-5.926220686432636,-0.8402289187874881
baseline,-9.30384054404688,-0.5779660309770844
baseline,-6.616382014772543,0.4037889365184463
baseline,-9.71382757690558,0.20715041817197616
baseline,-7.463767630309705,1.3053329991106288
baseline,-10.524030921128913,1.107515590891198
baseline,-8.716092229437582,2.327874496276996
baseline,-11.73525745078762,2.1495968368025604
baseline,-10.475413507218969,3.7927610843012336
baseline,-13.422638934334975,3.636773499263923
baseline,-12.865475747013939,5.850570534717591
baseline,-15.719265332885964,5.647738090072241
baseline,-15.964132190350789,8.692955170285902
baseline,-18.759503636005796,8.424645288131652
baseline,-19.961678302146385,12.794722267207984
baseline,-22.541879955224157,12.082917959868283
baseline,-24.865395274887465,18.21004057849365
baseline,-27.34628787850802,17.15335345899388
baseline,-31.32867190153342,25.834734831982185
baseline,-33.624611017228034,24.202489028883917
baseline,-31.30301718245808,29.029709985536915
baseline,-42.026202797423586,34.22686387491608
baseline,-41.378977755886254,37.8650901856738
baseline,-24.40863899943371,25.86160548787575
baseline,-32.30608355563499,33.70768366682653
baseline,-19.235768596313523,23.49592609274843
baseline,-25.554589030537418,30.593375516693957
baseline,-14.992221296765177,21.548657675577626
baseline,-20.414437602025885,28.273031593718144
baseline,-11.81869159536599,20.127278702041444
baseline,-16.376769070245754,26.470841354870863
baseline,-9.298439003925058,19.271587303948355
baseline,-13.077800183651004,25.235858898857106
baseline,-7.280911023704044,18.995094458639304
baseline,-10.441604709644487,24.62305604850371
baseline,-5.62378483105452,19.262920761908415
baseline,-8.243082136572182,24.62536835085445
baseline,-3.98261758611983,20.111060783103177
baseline,-6.385763492624895,25.1559516448603
baseline,-2.4554934318915436,21.339809525010917
baseline,-4.565554598887913,26.21679945996243
baseline,-0.8324515284560051,23.276362395731738
baseline,-2.7227640322708937,27.978330653435094
baseline,0.1845080644391529,19.9081129822271
baseline,-0.6839076685135838,30.570573263142716
baseline,1.3372114677805695,27.356280078261403
baseline,0.68862569482548,13.273498349014643
baseline,2.0501800413555733,18.982808404218297
baseline,0.8154751370472303,8.522635489773721
baseline,2.2909827804956113,12.966300687592177
baseline,0.7013871423096776,4.864110798601692
baseline,2.2340483580746966,8.619013647418685
baseline,0.34526815804627975,2.3865425954385078
baseline,1.9314081938413628,5.499939333974528
baseline,-0.08421039360482559,0.6599842213646341
baseline,1.5306074802144098,3.1685934389930974
baseline,-0.5409578694870436,-0.4774641865869312
baseline,1.0742394587508424,1.5941655780295807
baseline,-1.0280579467771362,-1.1155210070557968
baseline,0.5987579665752505,0.5453454224312348
baseline,-1.3730117286565713,-1.5327166142508775
baseline,0.11050054323975057,-0.022455839278593858
baseline,-1.754805528433743,-1.6381469205282262
baseline,-0.2853679076646282,-0.3395899884860451
baseline,-2.0199970816782784,-1.5436035172055929
baseline,-0.5930685007694694,-0.4333890961151405
baseline,-2.552174750307228,-0.8008180334943441
baseline,-0.774478008589751,-0.3599021449304407
baseline,-1.2679486020265893,-1.2964333450766217
baseline,-3.076647012598851,-0.8447333586951153
baseline,-2.0073492392506327,-1.4924900513409114
baseline,-3.306275377031712,-0.6502422977296926
baseline,-2.4153931812171687,-1.4019361253604834
baseline,-3.424478568467845,-0.341441078447801
baseline,-2.569795144773012,-1.0960574525355227
baseline,-3.240610379478853,0.19797652714614777
baseline,-2.475953691299001,-0.6054015838531922
baseline,-2.9640714086981452,0.7828492846790099
baseline,-2.273816469481505,-0.0641166104973184
baseline,-2.5771407040375065,1.405426536903467
baseline,-1.956499715007286,0.5455288297442732
baseline,-2.1102304164639363,2.0399135513732802
baseline,-1.557179375446158,1.1429068416744574
baseline,-1.6856163801673723,2.476915718050242
baseline,-1.0772519126584175,1.7693770194565848
baseline,-1.2197917424422526,2.9237123622810968
baseline,-0.6127230875270483,2.2435600892335095
baseline,-0.7695857174465947,3.22206133479653
baseline,-0.15060533741725507,2.602813907074299
baseline,0.5892244058108015,3.5659266834743497
baseline,0.27136442346552647,2.79905406581766
baseline,-0.130165384818914,2.5362094417996057
baseline,1.1867130360692146,3.437609687789469
baseline,0.42567525023475006,2.4589859652783628
baseline,1.7376905424350944,3.2143906520773053
baseline,0.970477311907542,2.2807924623072044
baseline,2.107504020411169,2.97217959688822
baseline,1.4382360863345325,2.0229796305997105
baseline,2.4609619570881525,2.592583079977269
baseline,1.8470298026687952,1.6495965125982235
baseline,2.553523459919556,2.1765768118678515
baseline,2.003115994231884,1.2350082699288991
baseline,2.3282997486185826,1.7002249322076526
baseline,1.889390925607215,0.7612123328041562
baseline,1.7294727034331445,1.1932884609492218
baseline,1.395567313041615,0.23940392619082573
baseline,0.4106698515133217,0.6661085806024296
baseline,0.5020794097348684,-0.312587430219601
baseline,-1.4478548893283418,0.16182483241087467
baseline,-1.0665071026644912,-0.8851521019779368
baseline,-4.249631670134694,-0.351199098492371
baseline,-3.4680617804093847,-1.4656541705993857
baseline,-9.280681656267213,-1.377159030541907
baseline,-7.019671453022315,-2.0564651760188144
baseline,-10.147521744769575,-0.8362355997124719
baseline,-10.119053419036124,-1.7684644801954053
baseline,-13.917482668919948,-1.497716105708606
baseline,-10.583489289209059,0.0796807187197189
baseline,-14.216678084205215,-0.3539379946781899
baseline,-11.504528383936162,1.115101057864459
baseline,-14.990063713193488,0.8701867453492773
baseline,-12.633330203960305,2.5061530139507373
baseline,-16.26957432372116,2.2127224893543307
baseline,-14.521207288234422,4.167593211815407
baseline,-18.287166814789355,3.8733858517393793
baseline,-17.083420392874384,6.394294082534178
baseline,-20.8054189416923,6.152968575168711
baseline,-20.476123470460127,9.448901171491428
baseline,-24.137510486548532,9.185894442954936
baseline,-25.141017649822768,13.81774130639784
baseline,-28.123978015303933,13.044269540853499
baseline,-30.585313540624234,19.430887650397615
baseline,-33.46429782856027,18.311532680027412
baseline,-37.82486387809133,27.283570701342224
baseline,-40.585070569797864,25.734715361665433
baseline,-47.58353627817768,38.510937617694736
baseline,-50.11868057267794,36.17626143853714
baseline,-47.43546117527023,43.51439245890029
baseline,-63.16709724388788,51.19121013559041
baseline,-62.550552490317884,56.17063160549029
baseline,-37.037198862580475,38.57071031322496
baseline,-48.67528473822778,49.47534781145602
baseline,-29.27099796990631,34.81064250450437
baseline,-38.40888026186093,44.45360325426789
baseline,-23.41139467133897,32.07815494460375
baseline,-30.63088130919137,40.69346330615418
baseline,-18.41914090213467,29.684423346341884
baseline,-24.762114294040867,38.043345083758176
baseline,-14.682886721569494,28.231246058466734
baseline,-20.20818858523929,36.36486697013145
baseline,-11.70377417217942,27.519963232922336
baseline,-16.268512310081015,35.16674929735951
baseline,-9.225594944996432,27.534631509568023
baseline,-13.022491098857364,34.77337075496226
baseline,-6.997891074391627,28.512984211116684
baseline,-10.264937284156325,34.80795593118392
baseline,-4.926524387222011,29.714499119077285
baseline,-7.797178124358428,35.774193271118165
baseline,-2.8408743786962143,31.755634324740534
baseline,-5.345776327131019,37.63581001268277
baseline,-0.5391431245006728,34.740101565661234
baseline,-2.7831165218124463,40.46128070715551
baseline,1.1912374360309355,29.96628967632072
baseline,0.061501181444378404,44.39015260803346
baseline,2.4911966123699583,40.13114692557972
baseline,1.7855523644131315,20.828952679630802
baseline,3.2974445170072806,28.468676313359403
baseline,1.9283453445517746,14.280853543836352
baseline,3.5824026964349653,20.10858945399787
baseline,1.7926105382517508,9.551568027366542
baseline,3.5128301090285188,14.051944690195386
baseline,1.394263163039034,5.785036893011034
baseline,3.2167688540812946,9.728840428661481
baseline,0.9281378183344015,3.2480659399448717
baseline,2.860690034090383,6.695813434465417
baseline,0.42539729550117045,1.5217927190779261
baseline,2.3720757559654237,4.2967433447456065
baseline,-0.06962789529242845,0.36857833712663124
baseline,1.8686111695277043,2.6415389851093196
baseline,-0.3599897346809767,-0.37274294928112855
baseline,1.2350820416292778,1.5308910966647074
baseline,-0.7526642977201494,-0.751509545703244
baseline,0.8006896435569878,0.8461624222553703
baseline,-1.0487047496645205,-0.8970413769554244
baseline,0.49334947441980703,0.46761672141868366
baseline,-1.2194531004458518,-0.8739937021218466
baseline,0.28375303368501065,0.28967556559981184
baseline,-1.8959923923262902,-0.3784250808988113
baseline,0.22525086039128622,0.29639673818355944
baseline,-0.3747680612201183,-0.7341737200776597
baseline,-2.7085171246839987,-0.5757024364694794
baseline,-1.4549953147237755,-1.0941731566346447
baseline,-3.1836465081021643,-0.4804477562107605
baseline,-2.149218359672615,-1.1527209290563076
baseline,-3.3941018301661057,-0.1686409455459416
baseline,-2.5513063216345024,-0.950274840596985
baseline,-3.5617529491519053,0.23515003910443463
baseline,-2.6758146713400257,-0.5786209714132952
baseline,-3.3929375078939064,0.7839525896039319
baseline,-2.4787821018226435,-0.09385898341316737
baseline,-3.0900969034726455,1.3900209713713279
baseline,-2.279744744049041,0.45127958466623275
baseline,-2.6951812009758926,1.9775533182289418
baseline,-1.9739754481541378,1.008761139886894
baseline,-2.226383492434257,2.360650790048256
baseline,-1.6185682951127658,1.680311893956626
baseline,-1.7617750537202845,2.8164366475609044
baseline,-1.1651129780629446,2.174947432646298
baseline,-1.2931362649231706,3.1495051794512943
baseline,-0.7104000905031745,2.5236299764222854
baseline,-0.8579172792979105,3.31020276336121
baseline,-0.27604322104887474,2.7346979800363407
baseline,0.3632449205531287,3.561948499543892
baseline,0.1425757671397542,2.7590187289462516
baseline,-0.28695235796523233,2.458361209837338
baseline,0.8997288555506345,3.5000688693166437
baseline,0.21071251708769825,2.4656259060547425
baseline,1.4256492731867678,3.3306840711246926
baseline,0.6799771697349003,2.353986698741328
baseline,1.868727242591185,3.061545468234276
baseline,1.0936873556980782,2.1470605130226863
baseline,2.1022965932056334,2.8548384126453206
baseline,1.4346810845007583,1.8205821007313492
baseline,2.226064335445142,2.420195104836444
baseline,1.6248752879914121,1.2869019531887818
baseline,2.0671143935147294,1.9078476834428375
baseline,1.5079113293856314,0.7872043881241261
baseline,1.5113166337611799,1.3271098428846375
baseline,1.045075124028346,0.21848141498921564
baseline,0.25341996673450307,0.611411927013032
baseline,0.28765680236022384,-0.32279371919165706
baseline,-1.430523417676554,-0.03896254071848977
baseline,-1.128171017936135,-1.001703703602795
baseline,-3.9972019890743677,-0.737743096130821
baseline,-3.391354892459929,-1.756074663399452
baseline,-7.745771947552748,-1.4370150370324992
baseline,-6.666615447049237,-2.5427692068849677
baseline,-14.060202196145976,-2.663886777381483
baseline,-11.340877447261745,-3.3711289983731256
baseline,-15.547068955329499,-1.8930323901288753
baseline,-15.69867424328072,-3.3052124667844702
baseline,-20.25600782068927,-2.951896762344954
baseline,-15.872238221828479,-0.5870723931555472
baseline,-20.406990651156768,-1.3756139529434703
baseline,-16.749808960547572,0.800139409392718
baseline,-21.128913924673437,0.24031286893917508
baseline,-18.169346813283305,2.3946861790077727
baseline,-22.39785126374511,1.971757783081742
baseline,-19.922072692387122,4.408427218619481
baseline,-24.332287335904102,4.005452547920949
baseline,-22.709385942945058,6.913694113061838
baseline,-27.317671234089637,6.522207051562966
baseline,-26.482734222799028,10.248235895136673
baseline,-31.039013961597323,9.890369621858392
baseline,-31.726673489890043,14.886542529194497
baseline,-35.51433192991321,14.111018607513937
baseline,-37.972501527823006,20.899864233769016
baseline,-41.68373324021244,19.851144547347936
baseline,-46.2288122714259,29.228548375570274
baseline,-49.86393381118461,27.72279832520197
baseline,-57.45760193409469,41.0577800037292
baseline,-60.896034747184274,38.85489281067417
baseline,-73.16476333178444,58.468726725945764
baseline,-76.16566089524107,54.895221891991426
baseline,-73.14102133480664,66.22405025075689
baseline,-98.29431043619017,79.17281499695808
baseline,-97.94574295552623,86.55669525420403
baseline,-56.52691925524801,57.797191837799915
baseline,-74.98719565418556,74.59575359635869
baseline,-44.47141841344479,51.554955699012865
baseline,-58.59118511176132,65.86939660250965
baseline,-35.498864056654185,47.05557018289616
baseline,-46.506773115212845,59.54110979877333
baseline,-28.556942479656566,43.74418880536945
baseline,-37.44331778659445,54.94683126827621
baseline,-22.758312473510127,40.987862957693274
baseline,-30.377949517137584,51.6846806373552
baseline,-18.315866524289163,39.5716903351964
baseline,-24.942324898894302,49.978692672772794
baseline,-14.668516965856288,39.10721718950098
baseline,-20.18954707156392,48.88751234405455
baseline,-11.595004383956306,39.932581205353436
baseline,-16.157688600920462,48.369277502334185
baseline,-8.724245845651767,41.14028996898579
baseline,-12.707383707600684,49.26039696988556
baseline,-5.9399047264075255,43.27207489031182
baseline,-9.46241997766604,51.17893486195376
baseline,-3.0417548048784155,46.57219293686903
baseline,-6.1550873447921575,54.271816514777065
baseline,0.263278451585973,51.16445661301494
baseline,-2.624598510960745,58.71362390075844
baseline,2.7658657742955906,44.45850450928156
baseline,1.4632180620492774,64.76843299809528
baseline,4.468025406196979,58.83803721346613
baseline,3.4502454886768468,31.47114077803952
baseline,5.366348324636128,42.02857876772949
baseline,3.572895698101514,22.285986529009968
baseline,5.6006914471787335,30.301430198749266
baseline,3.3939786871317854,15.685891393851831
baseline,5.463865216771227,21.830551061571544
baseline,3.013280416278013,10.833281744304697
baseline,5.069291928973067,15.7389870801317
baseline,2.4217119720917335,7.046351816466302
baseline,4.571890565035015,11.23887430258933
baseline,1.8636699198816358,4.4534641955455205
baseline,4.1214776266997495,8.132849243188705
baseline,1.3013581344792526,2.647472115805275
baseline,3.5341448759116445,5.663465369967056
baseline,0.9759495895668217,1.476657259322892
baseline,2.8305274216039336,3.886669959282397
baseline,0.5620766521912163,0.6417340154083337
baseline,2.3805010484618747,2.729039897312725
baseline,0.22922744819162005,0.18078391327976379
baseline,2.009212748579714,1.9559176396743012
baseline,0.046901891161842554,-0.0399266159524571
baseline,1.783387467417868,1.4809841510094137
baseline,0.06221403410430434,-0.13354644797583112
baseline,1.713295242271397,1.232063798312662
baseline,-0.7711535993269989,0.20026442796577873
baseline,1.849868540921135,1.109051420497703
baseline,1.1149537173005348,-0.06841668436165649
baseline,-2.01536198113296,-0.21190201987252677
baseline,-0.44019695748885407,-0.6681913693411288
baseline,-2.796773652401545,-0.2530104456205136
baseline,-1.4866516959985219,-0.8681089862907777
baseline,-3.2375883744799823,-0.05015385258817497
baseline,-2.1599704187011475,-0.7949317517144917
baseline,-3.4516972229731344,0.2720273014995891
baseline,-2.515803222126044,-0.5194071100078613
baseline,-3.5944895712924385,0.7523355904921919
baseline,-2.649336730125177,-0.11414355249632802
baseline,-3.40506395812612,1.303539067584851
baseline,-2.4458713725077557,0.3578410467225193
baseline,-3.105303848458302,1.8649907807413602
baseline,-2.23139034910996,0.885758174843211
baseline,-2.674989210542044,2.2586807255645693
baseline,-1.9819861927594602,1.532652057374304
baseline,-2.249282819804325,2.680679986283475
baseline,-1.5987697842299817,1.9769622403288147
baseline,-1.7959656665408372,3.021142162408101
baseline,-1.1421147367361804,2.3538284137172916
baseline,-1.3381252714372227,3.198575650671951
baseline,-0.7027682117135812,2.5712369908656885
baseline,-0.9453794033874698,3.1283955902942684
baseline,-0.2672934777937512,2.6255390506506333
baseline,0.2406658580910013,3.3352576500041575
baseline,0.1032191710683501,2.4054380079992086
baseline,-0.37840559035239585,2.0515030052680654
baseline,0.6553341934439301,3.3800679328534944
baseline,-0.016375195300749545,2.1727805869349117
baseline,1.1114664225713058,3.2819749536763716
baseline,0.39236263631965185,2.1393064055421305
baseline,1.5058011325343885,3.0593759975824293
baseline,0.7498452550194197,1.9821389242183012
baseline,1.7582995572502107,2.7380076081392906
baseline,1.0399837614656882,1.7100573545706546
baseline,1.8262129929773774,2.456944221469954
baseline,1.159921077370207,1.3244366932801255
baseline,1.679456216980705,1.9265493973008658
baseline,1.0782883109948214,0.6828514005678881
baseline,1.1721084068262957,1.306212419642848
baseline,0.6509762270754058,0.0764880420037538
baseline,0.036982959199409464,0.4911293795967206
baseline,-0.0655284460735313,-0.49990979521316437
baseline,-1.5836917514134843,-0.276429835266418
baseline,-1.4468264517309186,-1.2865422157141606
baseline,-3.9807454451214066,-1.1136063107588805
baseline,-3.5230237783439655,-2.1761078925539428
baseline,-7.466718277153302,-2.0518008207862377
baseline,-6.622897136678728,-3.1491468364560053
baseline,-12.548285865445179,-3.0551422341531747
baseline,-11.010456446584671,-4.243901301152884
baseline,-20.619301081592003,-4.673760589225832
baseline,-17.2537173202771,-5.4289558274686325
baseline,-22.91367973206649,-3.640996011281464
baseline,-23.346397388891827,-5.615296424046022
baseline,-28.869047737439395,-5.250166559756429
baseline,-23.011870165789624,-1.770513594423948
baseline,-28.767423759176836,-3.031773627179966
baseline,-23.823074441181355,0.07365445379480577
baseline,-29.452175728327013,-0.8940039656289916
baseline,-25.341377992470132,2.096638177428825
baseline,-30.669751287105843,1.3334559085410809
baseline,-27.535418115333513,4.399958247791251
baseline,-32.74517598325248,3.8398204173588972
baseline,-30.227206002604227,7.326910543371649
baseline,-35.734667217022874,6.802477709106626
baseline,-34.45584721939026,11.06953120566029
baseline,-40.317469416951376,10.56493015025266
baseline,-40.51210393101484,16.16162584023546
baseline,-45.34486212252042,15.282036977193254
baseline,-47.70965251844055,22.65427324539315
baseline,-52.51779817830647,21.606589346175046
baseline,-57.30236238644626,31.663158567665594
baseline,-62.129760947277624,30.242438518950305
baseline,-70.49625185187664,44.459221936542924
baseline,-75.33891327877679,42.38889919779591
baseline,-89.34722207756857,63.39616893694703
baseline,-93.58305751539804,59.958004448478015
baseline,-117.2304721989503,92.56785507382033
baseline,-120.76399778797958,86.90605461020093
baseline,-117.8861295686101,105.54238361636948
baseline,-164.456066626643,131.61128253850575
baseline,-165.36723753073886,144.05592492111842
baseline,-89.15667834961053,89.53320763076813
baseline,-121.36621022763043,118.38518007179853
baseline,-68.98829104121799,78.11271806421406
baseline,-92.50539033057467,101.4075728300116
baseline,-54.461891654976625,69.99436461767648
baseline,-72.43850477716889,89.74491729470591
baseline,-43.74662024937813,64.38155277231344
baseline,-57.56476088795931,81.156285451836
baseline,-35.46516769484766,60.35673170596101
baseline,-46.531699058742966,75.31900540291771
baseline,-28.412337836565264,57.059547424174966
baseline,-37.92690226014283,71.36955922709488
baseline,-22.970721303716953,55.69284859727187
baseline,-31.265115368801908,69.65897310362189
baseline,-18.572351331446626,56.21593297537642
baseline,-25.239664891410378,68.04163065376528
baseline,-14.60430756862853,57.25339086771492
baseline,-20.308699735945627,68.51913389761363
baseline,-10.797933610492553,59.4111501092359
baseline,-15.81986091326035,70.40072028801708
baseline,-7.0213204014201,63.10909911873336
baseline,-11.489107090647183,73.97972228173046
baseline,-2.9381820234384257,68.55607774361842
baseline,-6.957089416173075,79.0130674784815
baseline,1.7468265592793026,75.859205945522
baseline,-1.9394070201094462,86.3271965177563
baseline,5.4172028934630925,65.80169490005588
baseline,4.008330148161483,96.39545965414396
baseline,7.830686151173219,87.57395887408947
baseline,6.037757079436332,46.89351446101682
baseline,8.596319757885711,61.9938423329344
baseline,6.042282524214497,33.680753067792104
baseline,8.65073092499724,44.83642247678134
baseline,5.71165875225504,24.294011663592336
baseline,8.342123275937794,32.89392469575105
baseline,5.241821251124629,17.568957817755102
baseline,7.733909189217327,24.15349680809385
baseline,4.640731205539676,12.625009918584663
baseline,7.08975199747422,17.867565183953506
baseline,3.852078066678043,8.661405679378257
baseline,6.396107339383886,13.211544788651493
baseline,3.1983966670477506,5.968161000634674
baseline,5.854843555117167,9.985739146447372
baseline,2.843682319973178,4.154971972938273
baseline,5.015732951819756,7.309140178070011
baseline,2.3488022256994863,2.837552586754018
baseline,4.471765160487111,5.498756138962669
baseline,1.9688950446699351,1.8887975449438772
baseline,4.056361783958652,4.195216152058042
baseline,1.7496603251460485,1.3216565024012683
baseline,3.813809341136351,3.3340968405439533
baseline,1.780736902445814,0.9830664024284383
baseline,3.6868241039791974,2.722546107250732
baseline,1.9655574072214916,0.7961006932307512
baseline,3.8149573608280405,2.3412853863407372
baseline,0.9227027468333039,0.8584247661161176
baseline,4.186495796201699,2.0868891454863623
baseline,3.284250680576138,0.735532746058966
baseline,-0.771472547658383,0.24649999172276352
baseline,1.1560693583502435,-0.13321754003841246
baseline,-2.0019742867618175,0.01497467420461647
baseline,-0.35688650571893554,-0.5413789682094075
baseline,-2.7554341856294604,0.08344524674797507
baseline,-1.3574932102686887,-0.6289446275224159
baseline,-3.188558414762035,0.3043540747756944
baseline,-2.028041619780255,-0.45260578974712173
baseline,-3.3561885049191256,0.696492914653159
baseline,-2.3873137133390316,-0.14944485465545648
baseline,-3.5227222545770966,1.1932178623430492
baseline,-2.499998965106124,0.26941858158662985
baseline,-3.330506176119952,1.7177630847503502
baseline,-2.276339309345175,0.703644356650707
baseline,-2.9581430163533904,2.0611806285091276
baseline,-2.151191559788857,1.3219617374112118
baseline,-2.588975456275278,2.489221123273278
baseline,-1.8424163326894931,1.7477431877816976
baseline,-2.195104988824674,2.8271493990839853
baseline,-1.4717396351629546,2.104373391626673
baseline,-1.742338696121491,3.0001592239757584
baseline,-1.0125623718802679,2.302408038337487
baseline,-1.302897470748865,2.942316696266282
baseline,-0.5940769098087478,2.3869871670410876
baseline,-0.9179549519377934,2.6590637474323864
baseline,-0.18623588754306952,2.1894565492600075
baseline,0.145236881434096,2.766883550984421
baseline,0.15850402912910677,1.6767193000499374
baseline,-0.3904126920418423,1.258571870254487
baseline,0.47455121231538094,2.9236231982173395
baseline,-0.16219376770944327,1.5287148621687556
baseline,0.8104845257141876,2.956148865786457
baseline,0.11516672545929886,1.622323090542035
baseline,1.1357315355153055,2.811096649943822
baseline,0.39789516549517245,1.5117113798092263
baseline,1.329293947511264,2.5029059588897518
baseline,0.61946474591682,1.3296634734905735
baseline,1.4049680530220352,2.099365697797178
baseline,0.6922748168624665,0.9739959279225203
baseline,1.2207179573106526,1.7522682172226052
baseline,0.5621915187740955,0.4929912170289129
baseline,0.729389470832219,1.0930562573328568
baseline,0.1357068579502661,-0.30381070639246943
baseline,-0.3850240425444844,0.17510979980949373
baseline,-0.5537665149351082,-0.9014438824992491
baseline,-1.8905998263984933,-0.6899415121998368
baseline,-1.8833210981683253,-1.7664834859908123
baseline,-4.170535857855208,-1.6360710010918376
baseline,-3.8865291902764967,-2.755628598600998
baseline,-7.5082425153877,-2.76666089568323
baseline,-6.859242535470436,-3.9480940494240326
baseline,-12.303459902256977,-4.063218944596411
baseline,-11.018213268122809,-5.229221162083421
baseline,-19.000896390983787,-5.4911423587158845
baseline,-16.94712182736973,-6.7404817512011395
baseline,-29.649599829390482,-7.7071375020703865
baseline,-25.390336973670976,-8.498427155346342
baseline,-33.01754585627311,-6.298458294690451
baseline,-33.95275410086574,-9.131632347357437
baseline,-40.89892217932654,-8.771354404683192
baseline,-32.89442549719955,-3.7443039139346483
baseline,-40.355769017262844,-5.684154887800696
baseline,-33.44396964386503,-1.2398000486761487
baseline,-40.7079506669467,-2.7684452979050476
baseline,-35.03288480060898,1.3315380453073526
baseline,-41.953169140850854,0.10992243097400503
baseline,-37.40041450246504,4.195842252079151
baseline,-44.21102290778324,3.2481724050996483
baseline,-40.844392628203664,7.569843460361981
baseline,-47.55285182060662,6.831327248112018
baseline,-45.15922568326194,11.843316920926043
baseline,-52.29678880436969,11.198256851734536
baseline,-52.19361625846023,17.546545108380666
baseline,-58.60772194606637,16.505250308525632
baseline,-60.7195979491475,24.8032936664822
baseline,-67.16818930852469,23.692375485834255
baseline,-72.29775979858698,34.79543921724034
baseline,-78.79284323273974,33.3925352636437
baseline,-88.11904947626158,48.92426553713803
baseline,-94.79896126477182,47.003121207201254
baseline,-111.44062243437983,70.15981769079826
baseline,-117.71581547965974,66.90351446480034
baseline,-146.72542263034185,103.43187084250297
baseline,-152.57350179438004,98.03850116354454
baseline,-206.81203794088523,161.66025203174055
baseline,-210.67281043759309,151.25054983395546
baseline,-211.25847259292323,187.0383696151514
baseline,-325.35342718974744,258.67214165883934
baseline,-333.4316676381237,286.7598517988373
baseline,-150.49097355864834,148.75840041814408
baseline,-220.3256782919284,211.19542823596498
baseline,-112.59757955435066,124.73897698404267
baseline,-157.96203685684426,169.2527588232918
baseline,-86.80899613321323,108.40615779605129
baseline,-118.8506526700124,143.06284742090997
baseline,-68.70120413376841,97.49303986033624
baseline,-92.54280324890328,125.81701988722757
baseline,-55.220744594602415,89.77250135430467
baseline,-73.5746321100064,113.9322226653837
baseline,-44.91109691785174,84.71344851430113
baseline,-59.476090613117314,105.98970932318397
baseline,-36.12542923057537,80.74447806763875
baseline,-48.54450451811174,100.95695952212962
baseline,-29.580767406516596,80.42934589388682
baseline,-39.88922473830139,98.28191211947005
baseline,-23.784605230103473,80.89239040088331
baseline,-32.51688137692619,97.73584522741494
baseline,-18.563770839480345,83.2047870841148
baseline,-26.048105224560153,99.28306605093051
baseline,-13.430098641633359,87.15650149755034
baseline,-20.039673083575703,103.04684643105509
baseline,-8.207587485140948,93.76367171386607
baseline,-14.081135280308187,109.20468507023705
baseline,-2.368613184165498,102.819950101901
baseline,-7.68557672144748,118.433535141635
baseline,4.594359322111197,115.47472049859171
baseline,-0.32270260070775775,131.45981715479508
baseline,9.919182952440726,99.42374801616542
baseline,8.81198891895047,149.79478973080293
baseline,13.855792961638123,135.22667428118086
baseline,10.157114013125165,69.83889591666536
baseline,13.940057097336256,93.13771272803606
baseline,9.830330248064609,50.340370321799334
baseline,13.399114455794598,66.57929232831151
baseline,9.161950595344669,36.71764036892259
baseline,12.583345696997874,48.711504747656235
baseline,8.447716352693716,27.09878289676642
baseline,11.653081483187687,36.28642187569985
baseline,7.59774869914084,20.049539182186543
baseline,10.674164465440176,27.25746377799326
baseline,6.795565641286003,14.896710233970634
baseline,9.73025086173125,20.61662879860575
baseline,5.8346300425954425,10.737694252095066
baseline,8.851372766976944,15.71783561084892
baseline,5.358457768075623,8.015043019213088
baseline,8.002213417336726,12.220634903049918
baseline,4.775623277441637,5.98507900437221
baseline,7.327712324525139,9.477704588700094
baseline,4.360243789175194,4.516995759493772
baseline,6.822225222159803,7.494940136345914
baseline,4.0551379118814745,3.4321790459951664
baseline,6.479936200288984,6.026279258543113
baseline,4.057093958699147,2.737038354063297
baseline,6.328944503891421,5.001232314490951
baseline,4.211253886379368,2.2408590840297986
baseline,6.418246133729884,4.246498713179499
baseline,4.682914415511616,1.9116729400455519
baseline,6.793702949551318,3.697785521789707
baseline,3.3758289468964495,1.663995389976675
baseline,7.510983740334377,3.2783896262886336
baseline,6.3953590237233415,1.713321137676657
baseline,1.035059283305341,0.768940849473815
baseline,3.4902373334030714,0.5038951497725178
baseline,-0.609091898179806,0.3270007519490065
baseline,1.3947808826411439,-0.16154508943147253
baseline,-1.8139249402153133,0.2278405991174885
baseline,-0.08321927378059474,-0.43215789225797263
baseline,-2.5358680159213636,0.33489231169617395
baseline,-1.079901273533766,-0.39942755558008736
baseline,-2.9815443467848044,0.6280804723683673
baseline,-1.7293273082664824,-0.20424350396824248
baseline,-3.1516954931242913,1.0292216222643178
baseline,-2.08942366591423,0.13336365078070997
baseline,-3.3087009848209954,1.5061429446388477
baseline,-2.2112000634312943,0.5139687909494443
baseline,-3.036156930642751,1.8142493569222158
baseline,-2.063226077478274,1.0460696620887233
baseline,-2.763021827456829,2.219071297768937
baseline,-1.867631285961204,1.439324837139655
baseline,-2.3823821329670243,2.5172402424142795
baseline,-1.571421422735682,1.7527079352645574
baseline,-2.0107102161929182,2.700444064434263
baseline,-1.193280265011782,1.955369352340007
baseline,-1.5582428843718377,2.655933942953381
baseline,-0.7749231149536506,2.0305760113999094
baseline,-1.147475104130517,2.3844343484472623
baseline,-0.3600794830658103,1.8310545443235313
baseline,-0.7848270779803147,1.7687913771956587
baseline,0.03402936388892657,1.3394715425287298
baseline,0.14787348587301763,1.782979666150309
baseline,0.3503317161324074,0.46686348134103717
baseline,-0.2892745025655805,-0.03310764057068156
baseline,0.3219914414454864,2.1070948459117713
baseline,-0.24395998525111534,0.4338868048890542
baseline,0.5456382180248226,2.227161138356736
baseline,-0.10182292807267153,0.6742681190937753
baseline,0.7668931151264683,2.220270073649278
baseline,0.05033794753393322,0.7272286143272262
baseline,0.8847842250956607,1.965977243015045
baseline,0.1855545932849767,0.5810377891314353
baseline,0.8972743586983706,1.6108210330933
baseline,0.1786479805219631,0.2860043140886156
baseline,0.6890422470506011,1.090957155785361
baseline,-0.009631947077402043,-0.17403819137912724
baseline,0.17733029493315336,0.622932507031328
baseline,-0.47283599634351825,-0.789717442417737
baseline,-0.9177777617290929,-0.36011994978632433
baseline,-1.157365410205717,-1.5819404199253708
baseline,-2.390075127179629,-1.2987745469119576
baseline,-2.4792290422049543,-2.5091624716346437
baseline,-4.595835511159537,-2.4214548831434355
baseline,-4.452933869408781,-3.61295877085489
baseline,-7.804061247561991,-3.678715536042941
baseline,-7.331952616901647,-4.926380373510003
baseline,-12.394902794932127,-5.224198481153922
baseline,-11.33873247610815,-6.449083583196269
baseline,-18.813207638580757,-6.996357165593299
baseline,-17.088626416751232,-8.261408176548297
baseline,-27.962923791398314,-9.102932481047073
baseline,-25.15818649779472,-10.435093579457828
baseline,-42.35187751066477,-12.28250678952314
baseline,-36.785360255249444,-13.084573336184318
baseline,-50.76801402291407,-10.733725303972934
baseline,-52.588642019437714,-14.993992940945073
baseline,-58.01912675354051,-14.958428234892056
baseline,-50.07650323718424,-6.987957208642982
baseline,-56.55280785700303,-10.488256492025846
baseline,-50.507266283077705,-3.453862461681037
baseline,-56.30818462361232,-6.427795497103369
baseline,-52.055139957252884,0.025270258540388793
baseline,-57.54969995430361,-2.4829242239981615
baseline,-54.816726798282275,3.820013804939197
baseline,-59.759327357408345,1.5925770089335984
baseline,-59.03737389670372,8.1495087101412
baseline,-63.67014971124771,6.083276010260886
baseline,-64.8925605950226,13.413919006237283
baseline,-69.254881519571,11.323457493880168
baseline,-72.81955205050299,19.80083503870018
baseline,-78.2862618662305,18.29051164835764
baseline,-83.87061477387535,28.58518389074629
baseline,-88.59601008466952,27.045684921689926
baseline,-98.91571584307964,40.53762384837319
baseline,-103.74695346221976,38.668951742167
baseline,-120.3698795223141,57.71334563746854
baseline,-125.1712107726104,55.20623270822208
baseline,-152.13784870087548,83.60306483373213
baseline,-157.5648834425878,80.3224685011596
baseline,-203.37065734043196,126.314797144747
baseline,-208.38209497746072,120.8561114140769
baseline,-297.419848253979,206.31215608295358
baseline,-301.02496312419237,195.77140560780063
baseline,-522.6546083022165,401.2902736721887
baseline,-515.3679358169413,372.0699341288523
baseline,-571.9812409561873,504.4022895937594
baseline,-1174.1602729903439,927.6576238318353
baseline,-1329.4513001794508,1130.27636718525
baseline,-330.8613197380333,324.5025173186604
baseline,-615.0990974456948,575.3740751399686
baseline,-222.3358001182692,243.25799905571878
baseline,-351.17000846761744,365.23695174948705
baseline,-161.3590265508767,197.93970048225856
baseline,-234.8834415740554,272.7648415790961
baseline,-122.78356920185409,169.76267485114326
baseline,-170.61222909583165,222.5669679572104
baseline,-96.32941842909231,151.3941874901195
baseline,-129.3491073796014,190.8070061124733
baseline,-77.19557907427124,139.30641000392635
baseline,-101.70456833170485,171.0889165341499
baseline,-62.70019942764072,131.71645053008865
baseline,-81.5777496683473,158.31907344301086
baseline,-51.45544366477355,127.62779009853767
baseline,-66.7176883401295,152.6837239735209
baseline,-42.015910812557465,126.64589592578183
baseline,-53.42249338827504,147.3709471169718
baseline,-33.82861420184553,128.59947116986947
baseline,-43.38961973762832,147.99959252144356
baseline,-26.269512159313685,133.5716043006399
baseline,-34.424917289206654,152.06537113971544
baseline,-18.84190879235042,142.06846128920384
baseline,-25.93771446803614,160.76631196464533
baseline,-10.833986800300119,154.8739302914134
baseline,-17.015073888350678,173.41705812634666
baseline,-1.5398418471262922,173.4614917857851
baseline,-7.154053370525275,193.03610262818913
baseline,10.229645499051236,200.37952771467215
baseline,5.013762865498661,221.67068651963717
baseline,20.388995887304375,164.25905736525922
baseline,18.546482671596305,251.30545116450537
baseline,25.40363385110306,222.64699402361708
baseline,18.96906421281759,111.06349332237771
baseline,23.52120277826576,153.14618845850566
baseline,17.477391664463966,78.77848277577635
baseline,21.157597507396854,105.14985128963943
baseline,15.982725648276134,57.48527700352978
baseline,19.052850039213045,75.37394769284569
baseline,14.539312199514482,42.863443865968314
baseline,17.265345746309364,55.52009123869409
baseline,13.227797286337802,32.38830512765202
baseline,15.539048939140939,41.513147063952665
baseline,12.018613152510602,24.694834853848036
baseline,14.092534409878,31.64912133922388
baseline,10.937372620668933,19.012299767482027
baseline,12.771453333027965,24.331950794200612
baseline,9.939018811542846,15.009722212235687
baseline,11.977874179934382,19.021521758097226
baseline,9.190248653466352,11.824142714515206
baseline,10.801085830444052,14.528465949787789
baseline,8.641847091838834,9.488149510128284
baseline,10.130473992160608,11.55164587397172
baseline,8.289885090229953,7.728166112650213
baseline,9.660082084390716,9.339264106586096
baseline,8.142980576519378,6.466334146334498
baseline,9.505918277663046,7.703377064090603
baseline,8.32160932394888,5.528189605500972
baseline,9.516475678322449,6.369351002760843
baseline,8.819317516470724,4.820308830561757
baseline,9.952868644795062,5.464479442070735
baseline,9.667853642421589,4.239259035050326
baseline,10.711821419903215,4.7336510018839535
baseline,7.52949497665648,2.0583286935782206
baseline,11.182879589503344,4.66033260922326
baseline,9.790756366628495,2.8381869647456353
baseline,4.322823170996111,0.7950476473977005
baseline,6.901154662956924,1.9922279089200898
baseline,1.9736755731531002,0.10213870159578434
baseline,3.925745461642751,0.9582101593358435
baseline,0.2904991622747863,-0.18804380416560376
baseline,1.7227894154586991,0.42499343402363465
baseline,-0.8321665034775684,-0.17317375745447805
baseline,0.18581009525576136,0.16868161471386992
baseline,-1.598715773156558,-0.002794785045869266
baseline,-0.9301694461859068,0.22750978601360003
baseline,-2.0527441273592872,0.31247407944019656
baseline,-1.6086138278150506,0.446575639533668
baseline,-2.2541396798626723,0.66733061634166
baseline,-2.0160224443301282,0.7459829845340955
baseline,-2.1331321927154754,1.220601847222876
baseline,-2.04858573576742,0.9153986478747367
baseline,-1.9698704903115478,1.565270782026534
baseline,-2.24735473823396,1.2943686664714706
baseline,-1.7004668406663281,1.828309169371098
baseline,-2.0385764402121014,1.5520148565922245
baseline,-1.3527454167918394,1.978721288495733
baseline,-1.755864864959728,1.7275252196146014
baseline,-0.9186351752949059,1.977041229101754
baseline,-1.3666467396760802,1.6760049495798235
baseline,-0.5002933134431535,1.6816152813691814
baseline,-1.0134055160872932,1.4459165318817995
baseline,-0.10480755848131197,1.0869945487819879
baseline,-0.599577785488218,0.912685280691668
baseline,0.2359612217340602,0.06581981602871058
baseline,-0.24979371413317475,-0.009493870883683999
baseline,-0.18161398311464638,-0.6031970905174022
baseline,0.4445596917753488,-0.5603342880241743
baseline,-0.292252107579331,-1.1548867601207227
baseline,-0.22614264320096608,-0.050836876903496864
baseline,0.25864395594278816,-0.7439105923222539
baseline,-0.16769578776459979,0.249480972635432
baseline,0.19376395909914088,-0.2658124009391045
baseline,-0.10618804818353346,0.32876469398358144
baseline,0.19102303443760948,-0.02263089633493249
baseline,-0.047649843805956583,0.20302306412189083
baseline,0.13574291027874927,-0.07134548310808748
baseline,-0.16035993311556038,-0.10841024492164845
baseline,0.021742593120463168,-0.2180176159735922
baseline,-0.46315883790265694,-0.5969524437163433
baseline,-0.2527749489477147,-0.6324419756584483
baseline,-1.0665652080957604,-1.2692972221172176
baseline,-0.7775107146411508,-1.2180319758471092
baseline,-1.8515440537765038,-2.1501882893656927
baseline,-1.8905003044973945,-2.269070396613976
baseline,-3.3841107923058886,-3.198826041104564
baseline,-3.3161719494398585,-3.0390236817076413
baseline,-5.618883324068544,-4.458159352251399
baseline,-5.373642608714404,-4.28996936659421
baseline,-8.83052494354182,-5.955769131546082
baseline,-8.306163127856586,-5.7700616582089195
baseline,-13.282870581825364,-7.757086185518564
baseline,-12.533016322888235,-7.625375326520516
baseline,-19.65046241241899,-9.90346590898809
baseline,-18.372972269313205,-9.744671294310034
baseline,-28.61344266174352,-12.547009767441054
baseline,-26.622323473018835,-12.411057605191573
baseline,-41.589486935867356,-15.848322323675058
baseline,-38.36877634836332,-15.748459598717801
baseline,-59.34365148645846,-18.565075524102326
baseline,-51.8533692450598,-19.272783458095173
baseline,-78.1969521395465,-19.237084914066184
baseline,-78.2852052332996,-25.616373973038154
baseline,-88.61759708842956,-24.24227402024008
baseline,-76.16650346791198,-13.45480164444186
baseline,-87.45484505718329,-19.076134513072294
baseline,-75.92753464833831,-8.226995186086596
baseline,-86.02435971136237,-12.889095550140997
baseline,-77.1207996274737,-3.163502724246809
baseline,-86.78911793325723,-7.107228244297016
baseline,-80.51581891711201,2.0293281956638713
baseline,-89.31884887421074,-1.3460464644075518
baseline,-85.75777011589103,7.815287187000441
baseline,-93.95685066525773,4.826489022441635
baseline,-93.44948499525034,14.599623256463445
baseline,-101.26562617186308,11.784171882233128
baseline,-103.47481988275368,23.057407341080914
baseline,-113.83152485734293,20.87051217128237
baseline,-120.50746344256528,34.75361084821717
baseline,-130.28838785961148,32.66452972613894
baseline,-142.68293660836719,50.47234672461893
baseline,-151.8517689563181,48.3725054002525
baseline,-175.62497752996063,73.72876664420683
baseline,-185.54935239388286,71.07507290222905
baseline,-227.3428621425746,110.63589414460355
baseline,-239.56475480197062,107.44881469505613
baseline,-321.03039877157937,177.88077435621176
baseline,-335.1208567427761,172.4833725264258
baseline,-525.7698273070584,327.27986769714107
baseline,-542.0675256682681,315.3186097383264
baseline,-1332.989833346055,922.2887055233865
baseline,-1326.8707190575763,861.2678363321338
baseline,5438.5296640033,-4173.601329169952
baseline,8259.027374603254,-5893.704711492687
baseline,2720.0781933230815,-2355.2793661510336
baseline,1191.0193388671614,-935.0281032314664
baseline,1050.3757545340031,-883.4396800403297
baseline,-3479.7988774444425,3349.776179672132
baseline,1903.7374818869746,-1765.953154701808
baseline,-811.4382774174802,867.1977837815049
baseline,-8826.522821277129,9005.450490137382
baseline,-431.7006824403199,514.3191541419027
baseline,-996.3256697467863,1128.911884340343
baseline,-281.16207159359857,375.4424362619837
baseline,-496.6611802334056,628.5621434345461
baseline,-202.63563237143032,305.43077054701695
baseline,-316.72121041326625,450.36851720883
baseline,-154.00372931963653,264.12577620182225
baseline,-224.66451883889513,361.6017416269784
baseline,-121.24403304764472,239.30063638901507
baseline,-170.20353081396001,312.9238925303572
baseline,-95.82839083471092,221.49397413368038
baseline,-134.8703701826617,288.3736484796466
baseline,-78.7537575850235,217.89593941264556
baseline,-107.35835097790657,272.5910729909312
baseline,-64.13497580284498,217.88875211042244
baseline,-85.52156870354547,263.80740816098785
baseline,-51.493145400993974,224.25349823544673
baseline,-69.36540027303967,267.74491271817
baseline,-39.49855022353854,237.12810913079397
baseline,-55.0628398564493,281.5445521575388
baseline,-27.4073724187532,260.0781732718564
baseline,-40.93183448092116,305.6177738905881
baseline,-13.522611348239373,294.87590937791975
baseline,-25.41525699391651,343.95371867296564
baseline,4.321042299296662,349.232627921223
baseline,-6.449911305380773,406.8792330208485
baseline,29.14615136268908,400.93734200265675
baseline,16.771124825493743,476.67833333063385
baseline,41.96686511100219,316.7909131823715
baseline,47.15390250504957,531.4871472387606
baseline,56.30012070297979,446.1784610170753
baseline,36.58762350394835,199.62754360589798
baseline,47.913467073090075,278.5917882201428
baseline,30.952654866495234,133.2775515470115
baseline,40.052774420490984,187.16239071511004
baseline,26.952885220124767,94.3736746942926
baseline,33.5283838100755,127.12283725692383
baseline,23.77119641626766,69.06386117634271
baseline,29.073332754329414,91.00609036145002
baseline,21.323752711384497,52.019898442571254
baseline,25.59128831834561,67.29785300745452
baseline,19.253301929136903,39.89767533423333
baseline,22.786039103619185,50.877191140387204
baseline,17.5479318854954,31.06284224675209
baseline,20.592026914701325,39.37824702045086
baseline,15.765255885265551,24.139531626141604
baseline,19.17574633196173,31.01675260387286
baseline,14.921212178612597,19.614648626819378
baseline,17.70261848639975,24.512606820398638
baseline,14.100523445971753,15.930106677730475
baseline,16.335195664980834,19.31870996312014
baseline,13.571567698815139,13.177390311867898
baseline,15.60280242233025,15.845721188577159
baseline,13.311599742326793,11.065651342712014
baseline,15.324592155733997,13.213079834051673
baseline,13.517373162508639,9.507810701645738
baseline,15.348567504403603,11.217092684062768
baseline,14.038059908389446,8.267043003767805
baseline,15.695430927650175,9.555797318887409
baseline,15.043246352543074,7.299340504697875
baseline,16.57649012005137,8.330341291338485
baseline,16.196617638741866,5.511261616912969
baseline,17.166919785885312,7.8291318011380495
baseline,13.918595846691732,4.151103548633967
baseline,17.612532419063754,6.514235939307507
baseline,15.82187472856503,4.296159778137759
baseline,9.056945450718269,1.6803759821019517
baseline,11.626234976754453,2.346027840002063
baseline,5.6487670206025395,0.6029283741817548
baseline,8.519882411942275,1.6352561816765174
baseline,3.1718197856402393,0.01089521750593806
baseline,5.335493436328228,0.7367937313156777
baseline,1.326419879186699,-0.2001255048571646
baseline,3.0196428795161663,0.21441439999389417
baseline,0.11055743495455969,-0.17987987459175425
baseline,1.3327315457023012,0.08849796337925886
baseline,-0.7160472636818854,0.002848032225494535
baseline,0.09624822767321067,0.1408345681859813
baseline,-1.228137601367275,0.25079797704147155
baseline,-0.642807120849152,0.331017449094961
baseline,-1.5892270901367032,0.7619157577052675
baseline,-0.9866388619900116,0.37674100101650065
baseline,-1.387393566339117,0.9966116453532963
baseline,-1.165519712772222,0.652334620278458
baseline,-1.2599778600000646,1.2057392455725922
baseline,-1.4111397710894473,0.8938618933089942
baseline,-0.9966111335844419,1.2868287806514545
baseline,-1.234928425131535,0.9951294008982974
baseline,-0.6747960807547815,1.222577371799429
baseline,-0.9362471401573226,0.8616224035327317
baseline,-0.23657961707184608,0.8490833092729718
baseline,-0.567219601490865,0.5573167244400862
baseline,0.17637001771985528,0.1757434915849728
baseline,-0.23071720941745963,-0.06041915026081848
baseline,0.5598938508304955,-0.9420117057948685
baseline,0.17848720017112576,-1.0722052445548151
baseline,0.3633417637206202,-3.03086268546034
baseline,0.8802681124935434,-1.7020797032985617
baseline,0.8531260143283081,-3.3701998023129898
baseline,1.0129158331638268,-3.162993451858244
baseline,0.14792099535719205,-3.880149173561481
baseline,-0.16863996340883058,-2.5994497174776567
baseline,-0.24900364251132848,-3.37642921933723
baseline,-0.3662298510350176,-2.0103862443224476
baseline,0.13229882343701888,-2.960618470771777
baseline,-0.5083596880760943,-1.718829383370274
baseline,-0.1046323283325163,-2.45710933424593
baseline,-0.6366670965476129,-1.6370290149970455
baseline,-0.3817701679649185,-2.293167073888349
baseline,-0.8998710928616355,-1.8985070629762142
baseline,-0.6575907547485346,-2.360360796276768
baseline,-1.343041051307337,-2.332500339589072
baseline,-1.1114670743636172,-2.6241369915042574
baseline,-2.0776495469541927,-3.005284656956309
baseline,-1.7735912229474318,-3.193936776367544
baseline,-3.008726959403375,-3.681690309114218
baseline,-3.046748000346606,-4.277078116280628
baseline,-4.7454324920961755,-5.14404891900059
baseline,-4.661965253148757,-5.432577330170019
baseline,-7.144957692379436,-6.566472559188447
baseline,-6.929644518785947,-6.576120932158155
baseline,-10.549711634050992,-8.337965985676258
baseline,-10.07235155779439,-8.307022497971852
baseline,-15.276838164604884,-10.451853367746653
baseline,-14.573950234941037,-10.509626987748048
baseline,-21.983492051696498,-13.176780767453439
baseline,-20.760416262863508,-13.178530419007044
baseline,-31.45248091141089,-16.519378534311816
baseline,-29.525543116134678,-16.470273303649762
baseline,-45.004333210363875,-20.791905623826086
baseline,-41.872900190149565,-20.723391833602115
baseline,-64.83431477227666,-25.47045640351884
baseline,-56.14614375900435,-25.2814939355054
baseline,-87.13678608609264,-29.609009768739824
baseline,-76.3508679036625,-30.025868492196523
baseline,-119.52365382871092,-33.96489644739463
baseline,-117.67097327796887,-41.026434062563716
baseline,-134.35724345618024,-40.28838761674702
baseline,-120.43567396514025,-25.355521388637236
baseline,-138.1892534464952,-32.85322026240362
baseline,-118.26002705692895,-17.091022836378972
baseline,-137.75133708811444,-25.166356752163136
baseline,-118.85168106929359,-9.496900492555817
baseline,-136.7163811604002,-16.0565893259664
baseline,-122.55790591049991,-1.878324434676105
baseline,-139.31078589048394,-7.411886554366263
baseline,-129.54194575679298,6.205088620986342
baseline,-145.33419219371223,1.4938024853834055
baseline,-140.439924350432,15.543280752817534
baseline,-155.79486142511487,11.426312463034284
baseline,-155.44341396067563,27.11250660702377
baseline,-174.58478514596015,23.98411930129758
baseline,-180.48631988706174,43.29014421681216
baseline,-201.03817359298563,40.59800854031717
baseline,-219.863405435705,66.60271749446711
baseline,-241.41882627068955,64.33843371460284
baseline,-278.6402017140701,101.90247353051011
baseline,-302.38448696332824,100.01383394282603
baseline,-382.856326188586,164.26468970787954
baseline,-415.1159100744231,163.16530087615254
baseline,-612.0595846537433,302.0413250842487
baseline,-665.1523717864244,303.19048624801496
baseline,-1463.3037756761794,816.6924476346345
baseline,-1619.6923572174999,841.2136949812867
baseline,4315.199964829479,-2691.249434063861
baseline,4083.512825091177,-2382.6054125421806
baseline,1022.0822716370413,-708.8309171249339
baseline,1058.021540876873,-682.2874819133125
baseline,627.5652070124164,-478.1752898935561
baseline,656.2419999491412,-466.81088291879917
baseline,556.1392256086056,-477.1667367037869
baseline,474.5423964120807,-370.2204182451112
baseline,449.12611056087064,-374.07101462845117
baseline,670.7795822081808,-633.1597074410054
baseline,508.6864939727205,-465.7452712184025
baseline,955.9433031727397,-999.8709234952103
baseline,588.9212502199266,-593.2307345203885
baseline,2638.2136384202986,-3060.5247136908247
baseline,790.1744689210431,-875.4059464574641
baseline,-2720.262799428009,3517.808493691559
baseline,1517.0334212965859,-1867.188193262627
baseline,-833.4496507342008,1209.2161964153195
baseline,-86482.77739283003,118895.98176632314
baseline,-473.3596289129487,775.6556663290788
baseline,-1322.8647861759077,2044.1838548785634
baseline,-322.0820913724618,601.6854875805789
baseline,-640.9792846076332,1122.7192502921253
baseline,-234.31721437024564,506.4892997797626
baseline,-421.13449732451556,848.1707318260421
baseline,-181.02217805750513,463.17535532477154
baseline,-303.24764684941226,714.7142963032397
baseline,-147.14432323724964,454.31802916971117
baseline,-231.89278010272284,653.0802237768286
baseline,-119.96857208868181,460.4964328266326
baseline,-182.25646915963543,629.4116399035549
baseline,-97.32845601694643,488.9850532270038
baseline,-149.92669161130954,658.9323476008176
baseline,-75.80833368701822,545.908908186403
baseline,-123.06478829918683,735.1508356488014
baseline,-52.275335236276256,648.2633215822914
baseline,-95.82519603606357,880.4268249717123
baseline,-20.065916457948518,841.7864192263545
baseline,-61.27903549772137,1184.6906524674498
baseline,35.487850120650926,1056.4757948554397
baseline,-1.6009608470252248,1648.56550234884
baseline,111.19980399426478,1298.068227215984
baseline,106.83747582289041,2105.9897925778037
baseline,115.65454682033224,798.4872651950448
baseline,347.49842514207114,3393.904397696415
baseline,250.49043458282736,1820.9892595627466
baseline,80.26326830535989,423.2300990288765
baseline,118.1282755317645,649.1287383081667
baseline,61.40451615794267,254.05122133692748
baseline,85.37548575024647,372.6318637900825
baseline,48.542564355385814,165.6981111794729
baseline,65.6167359468777,239.75322268512193
baseline,40.55999103208097,116.23843089864174
baseline,51.99962024131633,159.1171337054661
baseline,35.053146345722666,85.18724201702697
baseline,43.522779299506645,112.99538782080543
baseline,30.974312854696443,64.52402630135816
baseline,37.57793141929051,83.69058700817556
baseline,27.864078637164603,50.03189243238407
baseline,33.230441140909605,63.794490032635345
baseline,25.03578641525693,39.058082243800555
baseline,30.35922611261245,49.959742769373186
baseline,23.10410611057042,31.054520371290227
baseline,27.806670811182695,39.52092804419322
baseline,22.07292023024998,25.690549978237748
baseline,25.91128704736076,31.781590511038786
baseline,21.182717727551644,21.345717052434544
baseline,24.332394904187847,25.72427246475154
baseline,20.761451475686467,18.057408944567527
baseline,23.68728637116109,21.518849806772632
baseline,20.80833502592949,15.489478548107032
baseline,23.540137659789487,18.363830287679114
baseline,21.403510972816342,13.541229985275294
baseline,23.908591437254042,15.863857239005673
baseline,22.531058447760383,11.926177475402131
baseline,24.88139341316547,13.84255145589109
baseline,23.674651294665697,9.507943732935999
baseline,25.449496294607908,12.657548969004369
baseline,24.253686727310928,7.815315768586167
baseline,25.716702906021336,10.64451153525322
baseline,21.236259895005244,5.714028667893366
baseline,26.554879459207072,8.85176156513364
baseline,24.220527081925987,6.16520009606925
baseline,16.298359042352875,3.468132385255303
baseline,18.45426018929255,3.5126547459702566
baseline,11.18667515060413,1.198451729848767
baseline,14.077051521311116,1.7176156154946338
baseline,7.515354616159761,0.21424781545759655
baseline,10.780810060461953,1.0829662496155685
baseline,4.801133944255125,-0.26546241526928405
baseline,7.301045933427027,0.2479325108176614
baseline,2.8364646123701225,-0.46134660657808574
baseline,4.756639215427365,-0.14723247784141197
baseline,1.4697436701652153,-0.4361737491971498
baseline,2.9260582572984797,-0.25689337859798494
baseline,0.5487937910539173,-0.31353227466346517
baseline,1.5877527742736215,-0.2626702903272269
baseline,-0.16537743299877547,0.07789321902085647
baseline,0.8354828481465252,-0.3206858362629111
baseline,-0.4457225066913532,0.27203938116313375
baseline,0.3083635491255505,-0.1695376083248559
baseline,-0.2791971771139788,0.34825556419689746
baseline,0.09122714755595963,-0.04957756641169869
baseline,-0.16839146242445763,0.33461908942767354
baseline,-0.15973073854000647,-0.02686749834031666
baseline,0.08203573317724439,0.16686056419382816
baseline,-0.016907749724724273,-0.24032665521541008
baseline,0.40646820286531876,-0.28102025834640665
baseline,0.27934421308601975,-0.6307516836604047
baseline,0.8294007446583761,-1.0636908594804084
baseline,0.6313460001376923,-1.3502092817471927
baseline,1.225077360311959,-2.287228171282233
baseline,0.9988667422824271,-2.508199487785315
baseline,1.0870787109861417,-4.4870986916357785
baseline,1.679045673458853,-3.2314215627818985
baseline,1.1759584235405354,-6.264388404562131
baseline,1.8218749451738712,-4.757828168164513
baseline,1.3998642808032933,-6.840829913656546
baseline,1.8734266882462967,-6.812044372062622
baseline,0.8422098145058938,-7.691604932856031
baseline,0.7942020104737632,-6.234317267423545
baseline,0.12568791021927836,-6.961539369793821
baseline,-0.4226992462646021,-5.445708911421152
baseline,-0.46229756206930345,-6.524863468880826
baseline,-0.85188106156439,-4.837768304306634
baseline,-0.3166270522613275,-6.139977002345786
baseline,-1.228077228341232,-4.557434840858971
baseline,-0.8692419174889157,-5.643652272835943
baseline,-1.7116475226130308,-4.604614907109055
baseline,-1.390466373996861,-5.504156223190687
baseline,-2.3336730464697486,-4.960855226024502
baseline,-2.021710000464223,-5.669195210153228
baseline,-3.253476452762335,-5.5929679991268655
baseline,-2.940264624766113,-6.14356917998398
baseline,-4.378194551900256,-6.319607424861574
baseline,-4.421119037968859,-7.218317812666186
baseline,-6.3394028255493495,-7.642172234938684
baseline,-6.249826005756203,-8.467514232705897
baseline,-9.042570397399158,-9.56803909479455
baseline,-8.804065405352368,-10.079998725676091
baseline,-12.757985251526264,-11.629629521390143
baseline,-12.334607184173873,-11.869553061277777
baseline,-17.861025074501736,-14.202969362311052
baseline,-17.202753012943585,-14.433338100865525
baseline,-25.065545420110954,-17.46383920063944
baseline,-23.86818136701311,-17.678973274055902
baseline,-35.18146980370926,-21.634527437627572
baseline,-33.22456873180761,-21.794990795481432
baseline,-49.71893424199427,-27.086446502339534
baseline,-46.687834614580716,-27.163307029888106
baseline,-70.84599641889082,-33.34722524681365
baseline,-62.16087124441342,-32.98189435629937
baseline,-96.29617155940882,-40.04626819413321
baseline,-83.78060708826054,-39.301870152787096
baseline,-132.9835120160963,-48.398771785015015
baseline,-115.8631556335809,-47.9264627020211
baseline,-189.64633662637277,-58.08522211523428
baseline,-188.32555302353012,-69.46590493404426
baseline,-219.7108761054513,-71.14193591257927
baseline,-195.23955785533914,-47.93913998134395
baseline,-224.70830472642803,-59.19907502770082
baseline,-198.88926945804943,-35.393395745008824
baseline,-234.99451002443627,-48.16152518303881
baseline,-197.49297959828326,-22.841877016277937
baseline,-237.04841890228965,-35.58506514689664
baseline,-201.51218130844023,-10.726888353027846
baseline,-238.77746201169285,-21.11412743979348
baseline,-211.40540529354953,1.7876035099345216
baseline,-247.20551207482106,-6.760428930884652
baseline,-228.41490076662316,15.696083526356308
baseline,-263.7146684207964,8.754699761018886
baseline,-255.07026948738948,33.10136471006802
baseline,-298.1991342139439,28.38501956414655
baseline,-302.3988977714588,58.2732564846199
baseline,-352.3584346252588,55.358239834259976
baseline,-380.61515052485225,97.28429515276933
baseline,-443.20113247069384,97.00694606530509
baseline,-528.6034991548576,167.2034036261747
baseline,-615.1454464694995,172.75343674750133
baseline,-865.7301569000161,325.8969981423573
baseline,-1026.8019021300647,351.703214291391
baseline,-2470.067766293183,1081.1501077826294
baseline,-3538.6401060719277,1423.3510522413621
baseline,2978.5987693042957,-1488.1966114619809
baseline,2476.853260197171,-1145.6442437082328
baseline,949.8390141338319,-533.647115449104
baseline,930.6870819390962,-487.29691157529953
baseline,606.2366569289609,-380.03105315378247
baseline,610.6501209012367,-355.77963749119897
baseline,465.72346647738846,-321.72572733161354
baseline,475.5456641600596,-306.6238687128779
baseline,376.95100496580693,-285.3207431447073
baseline,387.89843293494033,-275.0188962979601
baseline,348.22770079619494,-296.19261146575286
baseline,326.6472028993884,-253.31260459971202
baseline,314.1591351409168,-259.29293613585384
baseline,370.7242008807953,-345.87330582473567
baseline,328.8025403614309,-297.44917955099737
baseline,395.5967027770608,-405.2139727385074
baseline,344.4468610279542,-341.79814782838815
baseline,441.1061368714909,-499.4719908692034
baseline,360.3085263998873,-392.669854977895
baseline,540.681154658327,-679.002583627961
baseline,395.57362208412684,-474.5438702659856
baseline,717.8838869420943,-1005.636931820868
baseline,459.9601785160128,-613.0824721651026
baseline,1110.1052772219189,-1745.571145439226
baseline,557.8623542960659,-830.7065167777307
baseline,2582.6191937882054,-4591.9161726512475
baseline,718.9033800647306,-1204.4040290746584
baseline,-6605.915607580243,13456.226645953353
baseline,968.5636631502693,-1849.3048200261753
baseline,-1514.7903275126625,3601.9066741446713
baseline,1441.903659152279,-3183.4081557944664
baseline,-877.196110415174,2484.8131281562123
baseline,2466.3246429380897,-6404.558578389985
baseline,-680.3802190627923,2348.2979431970252
baseline,4756.867876127323,-14872.465839595954
baseline,-607.452804822335,2645.1672197121165
baseline,5666.094197238889,-21997.214398436605
baseline,-649.0952769427691,3799.7764072834543
baseline,1656.894123017068,-8335.476815660693
baseline,-1266.9521808089055,11161.746032473742
baseline,567.1496161119288,-4006.1224893085355
baseline,426.02380100947306,-7349.01888833266
baseline,200.54054571895782,-2338.796427950842
baseline,10.320436841699307,-3493.271759501442
baseline,60.76425146759142,-1732.9066636978853
baseline,-120.881501481683,-2543.6499959614807
baseline,-23.23346012769317,-1538.362487801215
baseline,-180.34274686906605,-1841.7966905071328
baseline,-85.19186631577422,-1308.8671532577332
baseline,-806.3242634305316,-5158.930773329249
baseline,-125.63018188995773,-1091.970139232713
baseline,-201.5054152095022,-1358.631129636866
baseline,318.00367255434765,1589.9074199872057
baseline,-66975.33119317336,-349714.4677005809
baseline,157.13257588365664,637.9244887197958
baseline,284.0172160632227,1197.2441058719187
baseline,103.9341794646807,346.68936646020745
baseline,159.77229968196747,558.9918424533852
baseline,76.4730733593989,216.47410934533477
baseline,109.60333541721133,328.7509341662954
baseline,61.359423275739374,148.62943219195904
baseline,81.52351657349851,209.4378700513399
baseline,51.728285665525064,108.15100079996526
baseline,65.69521140369874,145.93853324740851
baseline,45.0954260450817,81.99297073718103
baseline,55.5193765252723,107.2928849210595
baseline,39.95080319496161,63.46807710625511
baseline,49.088875053498626,81.99200480385299
baseline,36.42386094508345,50.21607133019401
baseline,44.175514464881495,64.1865193914113
baseline,33.883158976902024,40.48623027608782
baseline,40.614088707187875,51.37620225628884
baseline,32.555313248510075,33.970250916303954
baseline,38.03532993573004,41.85177327241177
baseline,31.72135022699993,28.812722207406132
baseline,36.23561204123324,34.438562001342596
baseline,31.53175887097919,24.748145880286227
baseline,35.706710496914326,29.418437188097283
baseline,32.001981253370765,21.512497408019456
baseline,35.89355196628248,25.503005036800243
baseline,33.15002734516755,19.00456797789804
baseline,36.76082566193583,22.310738594152582
baseline,34.22253445603204,15.649371779908249
baseline,37.30858334207634,20.07298869801121
baseline,34.67352332272332,13.120643093075332
baseline,37.31541007778055,17.011785481411103
baseline,35.79160028856691,10.835985888877243
baseline,38.008421020334225,14.390960864896549
baseline,31.681243583873684,7.74771457021717
baseline,39.403885233134545,11.972511112090308
baseline,36.23158174391768,8.587784388742216
baseline,24.744522907053483,4.671479257491123
baseline,28.18809494958187,4.996245279083185
baseline,19.46463570284792,2.5683363949059723
baseline,22.084218211137625,2.5440476938709393
baseline,14.006283388029978,0.4507766804060309
baseline,17.370866964106206,0.8310709700689041
baseline,10.080434113839082,-0.3888218577992958
baseline,13.69680001950844,0.2088189427979225
baseline,7.08599867222208,-0.8856698048308295
baseline,9.96717083061702,-0.523855691157158
baseline,4.907339192650583,-1.0928738300393581
baseline,7.183703280224027,-0.8769950761116816
baseline,3.3703997258348046,-1.0981131847158483
baseline,5.136515419078413,-1.023002931542608
baseline,2.2188384083985047,-0.82469995090294
baseline,3.7214875084808576,-1.2841442844555253
baseline,1.5125468224870064,-0.7759839031096201
baseline,2.7630553626115266,-1.2801347564650207
baseline,1.162568921975534,-0.7755347238915224
baseline,2.166706477143387,-1.2789294898839465
baseline,1.2914817525610394,-0.9139449193911338
baseline,1.8791738415541872,-1.3755642488028634
baseline,1.4138347888940304,-1.1929936258361824
baseline,1.5581278062419834,-1.6795626208705365
baseline,1.646394046005308,-1.775746367084349
baseline,1.723968198248857,-2.2167000707363482
baseline,1.9710927345402,-2.7389626214211855
baseline,2.0300906031870385,-3.0772559777295263
baseline,2.4008155232406017,-4.070736982217422
baseline,2.388106943256282,-4.349166419143835
baseline,2.278835486323573,-6.410002971842372
baseline,3.016222689669686,-5.2663272766705935
baseline,2.3578770263226003,-8.284803147973488
baseline,3.1225682414446836,-6.888731484777471
baseline,2.3607069754962877,-10.797789644197664
baseline,3.1880266735291136,-9.050268067241944
baseline,2.2656449265529846,-11.670439731194
baseline,3.148516704996736,-11.931512081878639
baseline,1.9067349373689257,-13.024404446733877
baseline,1.2642559056707834,-10.748047897546476
baseline,0.7640359108138343,-11.946791516585778
baseline,0.4155357260011243,-10.215819341677017
baseline,-0.19127335447500457,-11.26219314382819
baseline,-1.0879110440245483,-9.467312570231753
baseline,-1.0783149925744278,-10.946781380002358
baseline,-1.777792417472165,-8.870773093474002
baseline,-1.2935585648289898,-10.594026132651617
baseline,-2.5673415706845346,-8.654496771054063
baseline,-2.1502997491360483,-10.142944040245913
baseline,-3.4995358737854705,-8.837618380791547
baseline,-3.083352197830763,-10.088876772460672
baseline,-4.619672146670562,-9.38223545473037
baseline,-4.222751792290147,-10.426095296294562
baseline,-5.996663878144232,-10.12128220753425
baseline,-6.053707561226782,-11.485849576396854
baseline,-8.247861283940479,-11.541437954562262
baseline,-8.194430315893385,-12.817061318210577
baseline,-11.356086139701661,-13.468617432873838
baseline,-11.092890134350014,-14.630415299880177
baseline,-15.513736687309791,-16.161385712331064
baseline,-15.051599353892643,-17.00162247117414
baseline,-21.130626880821193,-19.27126299114014
baseline,-20.541586050100545,-19.803171519122593
baseline,-29.045461098061317,-23.27142939916573
baseline,-27.930455942839096,-23.772622582468124
baseline,-40.225278818715566,-28.49145267762947
baseline,-38.23785760837695,-28.916891978357953
baseline,-56.12167902557063,-35.4047976488572
baseline,-52.974288763328055,-35.71294035810892
baseline,-79.15789635433883,-43.598369196851365
baseline,-70.35916108321967,-43.19133733297911
baseline,-106.97415086250645,-52.522598662953634
baseline,-94.17297200291254,-51.50241499276878
baseline,-150.09560809360417,-65.59411828290365
baseline,-130.05888518424965,-63.31968770285155
baseline,-220.0496000197205,-85.0251757819236
baseline,-188.26635198260664,-81.48476863746343
baseline,-345.6189514576517,-113.03515949375252
baseline,-348.2579586676944,-135.12010301296192
baseline,-429.803901358622,-148.85624200258982
baseline,-353.5003736496101,-94.78909495766685
baseline,-434.61293589863266,-124.81548368068371
baseline,-372.34329584216704,-78.5392922526264
baseline,-454.47507982013644,-104.51405002358707
baseline,-385.17178399681364,-57.08329704431364
baseline,-492.2472261110375,-86.00765084696584
baseline,-387.4568055510267,-34.16633112730296
baseline,-510.43264679660393,-61.909610288716756
baseline,-404.8340448603962,-11.648594179510814
baseline,-525.0964409783896,-32.60861509217102
baseline,-441.19864999230197,13.270321308562034
baseline,-565.8863708298937,-1.9332400967320742
baseline,-514.3173201014815,45.70906850357096
baseline,-663.5307631399936,37.37220523476194
baseline,-655.4562196578993,97.79144029634955
baseline,-867.2428239326217,100.10975524345339
baseline,-953.4053417436367,199.61735781905148
baseline,-1344.1802278887385,235.30392289389295
baseline,-1894.584824420327,510.94748786601644
baseline,-3458.2997684435395,811.5512069250371
baseline,55230.64142409493,-18148.06121637438
baseline,5257.044028998144,-1545.4325200081714
baseline,1684.6353888127196,-651.7962400626438
baseline,1414.548124447213,-499.3625715430932
baseline,854.1810443385667,-380.7652666889893
baseline,805.9715024447927,-331.0876665780102
baseline,574.710733898797,-290.38843506531106
baseline,564.8471530543843,-264.98409812976115
baseline,450.6905847757421,-255.1949328686292
baseline,451.08844973233744,-237.12622782994478
baseline,381.6342740651709,-238.98929982130787
baseline,385.86066460170844,-225.3518285213498
baseline,329.75496679507495,-226.91512112116988
baseline,335.6544980519191,-216.28011858596233
baseline,289.567553402173,-217.80314799892076
baseline,296.15487214282876,-209.27650509612548
baseline,271.75809600632596,-229.24622692741715
baseline,264.68163023580746,-204.06635047754273
baseline,256.4436448053872,-209.8591009206329
baseline,277.3930372362252,-255.98101644695478
baseline,259.8794934354646,-232.48167566192686
baseline,282.48332020681556,-285.4083425652745
baseline,262.87699936729973,-257.2733889461012
baseline,286.39358357395196,-317.22348664323647
baseline,264.90163789073824,-283.95664968854794
baseline,295.1974211868068,-360.85031810849404
baseline,265.413259972145,-312.03476980824473
baseline,314.16877664530205,-426.1603901184841
baseline,271.1077591338625,-351.0419365087342
baseline,335.9241427548448,-508.41421151707834
baseline,281.7741383453544,-405.5867342083762
baseline,359.90164025133305,-611.9703622474615
baseline,292.31540871657035,-470.5629939081776
baseline,378.528820494656,-731.4008816167393
baseline,298.43635801446067,-542.9930251539918
baseline,386.84520130459634,-862.4158890208516
baseline,296.2850483191723,-616.9442259490444
baseline,378.2308029955122,-989.1742738072118
baseline,285.19574407833545,-689.8538490253857
baseline,345.61479495701195,-1084.5616232289278
baseline,262.13399772654367,-750.7646510183185
baseline,287.2885157613685,-1111.4359961903533
baseline,227.2489695084342,-790.1971685826129
baseline,211.72453775004047,-1053.5766966843005
baseline,180.65310956911733,-790.4330250886921
baseline,138.6556894982408,-956.6421647855249
baseline,129.6898620623761,-752.4720514068163
baseline,76.24454835101794,-844.8958391511462
baseline,82.02927412392357,-697.8447320228347
baseline,29.250040906925083,-784.4651850818527
baseline,44.39761662171702,-659.4351182364137
baseline,-8.833841121516029,-750.021161817659
baseline,12.02882078902402,-644.5642852535346
baseline,-42.498003449543695,-700.8454966419046
baseline,-18.53947038204082,-617.6273892393208
baseline,-70.47300810555319,-643.9873237489014
baseline,-45.71175282003438,-581.9693864737147
baseline,-128.42775075731853,-768.2443726115846
baseline,-68.81690432239492,-542.4560727067385
baseline,-92.30359759473565,-582.2054760473728
baseline,-302.7129863171694,-1442.6129312929543
baseline,-169.8507004241367,-846.950870092741
baseline,-142550.70961361044,-559286.9234525926
baseline,-436.1556112133201,-1780.0302108295648
baseline,389.3948901526861,1286.4904107378677
baseline,2077.1652599570716,7107.3495976489185
baseline,191.02672448252315,534.5603434836365
baseline,369.94526774793206,1081.3703138395124
baseline,125.12444156273085,302.3005680743608
baseline,201.7743887800653,514.1139574625846
baseline,95.04121533520512,199.72977121084105
baseline,134.21100614028177,297.42528045618036
baseline,77.64833402275342,142.67687728845533
baseline,102.50442545697096,198.815355630677
baseline,66.63722702959113,107.38954230728035
baseline,84.5817046305444,143.1901522495076
baseline,59.21637843373485,83.42450669125105
baseline,73.35254257470793,108.81033921610508
baseline,54.0017850703124,66.54008414807701
baseline,65.6387145897176,85.2865458400644
baseline,50.37243813360046,54.22123786678441
baseline,60.23038977428392,68.5296963221439
baseline,48.28813133407732,45.592656573171496
baseline,56.52093044098373,56.34361550423247
baseline,47.490336495631134,39.09904767278278
baseline,54.52584502524584,47.19783317486824
baseline,47.658168076247165,34.03926609968646
baseline,54.178671644665556,40.78080367935788
baseline,48.76951376596728,29.951635943259078
baseline,54.88517061695893,35.69302420662815
baseline,49.854631456877264,25.263941436319453
baseline,54.915758790036804,31.682502347962952
baseline,49.871045389566994,21.385493267857097
baseline,54.31037982594945,27.038451264641644
baseline,50.75148037879713,18.046525600126476
baseline,54.63176628265042,23.009529901756792
baseline,52.66745513725172,15.01559131296374
baseline,56.00311427181627,19.474324957668248
baseline,46.76185652035664,10.402832562190836
baseline,58.29224882511766,16.260893794519735
baseline,53.788021566724005,11.88211794314244
baseline,36.87719497075673,6.234968718189993
baseline,42.238968300519495,7.0110454051343645
baseline,29.504256870088913,3.3663933548535714
baseline,33.42979392819608,3.573148608870525
baseline,23.82069680456148,1.3382864575345457
baseline,26.779271933056066,1.1862256978786634
baseline,17.74353603862551,-0.6293940576884067
baseline,21.72594291083357,-0.4321019772927717
baseline,13.341537435067462,-1.4629882908549603
baseline,17.773077996198374,-1.0785841582029954
baseline,10.059040146202525,-1.9092036986005176
baseline,13.584692674904643,-1.7831834639427
baseline,7.624972600263363,-2.144355865798546
baseline,10.429227083357794,-2.1809132091702237
baseline,5.921487571050784,-2.1327202992214325
baseline,8.06000338876792,-2.583887600524979
baseline,4.710472974775937,-2.2273144044355404
baseline,6.504159712960556,-2.719070464012687
baseline,3.9292242386942244,-2.34647532826046
baseline,5.398490310429102,-2.9012459898824976
baseline,3.490448354091889,-2.574943414759617
baseline,4.67271285870561,-3.140574517971764
baseline,3.4757595287861323,-2.9671482412961505
baseline,4.325037375033511,-3.5147605545425002
baseline,3.5725287456646493,-3.7091061394684086
baseline,4.09252223655358,-4.312665510088446
baseline,3.8201499462598494,-4.800158785037858
baseline,4.258885679821835,-5.3765304544453905
baseline,4.187380686869271,-6.398304849883433
baseline,4.543784162479025,-6.901427639113189
baseline,4.130624914578332,-9.005084364331292
baseline,5.025135482922082,-7.890897200304898
baseline,4.17749910328992,-11.009965535121873
baseline,5.078956109558578,-9.615268195298219
baseline,4.206712099341454,-13.668141988759935
baseline,5.119314024706164,-12.005513306741404
baseline,4.129304489972733,-17.159892071563664
baseline,5.111755510653914,-15.108930387211823
baseline,3.547962900787329,-18.4677589841886
baseline,4.999805176660353,-19.036911438192135
baseline,3.4685258632369114,-20.43015420243308
baseline,2.0539659631386096,-17.139890576454995
baseline,1.8106947617877402,-18.905574611888884
baseline,0.7770755240597693,-16.280353098564774
baseline,0.3479959766583157,-17.83609731514925
baseline,-0.4151571105035047,-15.857173043745556
baseline,-0.987598642344291,-17.216882552052105
baseline,-2.28691823102255,-15.032124682875176
baseline,-2.240920244465791,-17.06549871732933
baseline,-3.4547487556188328,-14.469359429195197
baseline,-2.9029419469993485,-16.958278623505596
baseline,-4.721287928005741,-14.391082741620874
baseline,-4.28668624948546,-16.588977754187766
baseline,-6.223699225215934,-14.762287567375852
baseline,-5.828739853339868,-16.690453099026502
baseline,-8.031540979646644,-15.673287574273928
baseline,-8.009158037708353,-17.51320310169145
baseline,-10.676147266704307,-17.24253931454757
baseline,-10.531202581506287,-18.968456745529448
baseline,-14.208488656210003,-19.418035552904087
baseline,-13.958931775570244,-21.043017510026182
baseline,-18.98657425362545,-22.299149728664172
baseline,-18.51317225588359,-23.801349092263287
baseline,-25.293052050905604,-26.103655867907715
baseline,-24.531399192200844,-27.39675359566792
baseline,-34.17591505944932,-31.083221668755527
baseline,-33.17601637445064,-32.19360995536587
baseline,-46.62711028615213,-37.630073912616396
baseline,-44.927472981259676,-38.72201614591571
baseline,-64.71369634192095,-46.56367198526826
baseline,-61.808303895025546,-47.53166168398258
baseline,-90.90388393065466,-57.63438771263502
baseline,-81.49698954080857,-57.04340470229849
baseline,-122.6128051442,-69.76772771998631
baseline,-108.71700440995902,-68.22089077639961
baseline,-172.5364114311619,-88.03650473878596
baseline,-150.75986853229963,-84.76897990173256
baseline,-259.6145458652225,-118.63479279748343
baseline,-220.83717641491208,-111.21105346515083
baseline,-438.7235525520991,-178.60833032558241
baseline,-355.747660176246,-160.3680928913395
baseline,-940.0991074939177,-326.20222054001533
baseline,-991.3986833053835,-403.16693994421604
baseline,-1635.4518649605182,-600.241959553972
baseline,-944.3146915718698,-273.2123481232495
baseline,-1590.7342106617812,-492.33982627690057
baseline,-1011.3257463065278,-236.09527872588714
baseline,-1690.4041589851724,-428.5150744588992
baseline,-1153.5944941371126,-206.48546961653653
baseline,-2001.0652838190358,-398.9960004162756
baseline,-1282.6214682683665,-154.86655566691186
baseline,-2747.9575397400044,-403.4128540145005
baseline,-1351.1339377897993,-85.26090021065586
baseline,-3478.9879964996667,-328.80806963440097
baseline,-1585.644955969699,-9.468955290160613
baseline,-4484.24106213437,-169.23200288675216
baseline,-2386.89045751222,120.9919420643875
baseline,-14787.501138785245,295.76693821673285
baseline,-7803.796808703765,849.1536861909333
baseline,5686.27464994815,-438.3475259953968
baseline,4794.885122175484,-800.307580530225
baseline,2158.64579535549,-289.8864854425695
baseline,1710.8530029160015,-384.9577331177596
baseline,1268.147060737198,-243.06100503158373
baseline,1014.2529945273639,-287.18404145387774
baseline,875.881053573799,-218.05242304483266
baseline,711.1646229369179,-241.79641645130445
baseline,660.9517090852676,-202.4217624523808
baseline,538.4479354853374,-213.46549668001322
baseline,520.6773116199686,-189.0852140250587
baseline,433.26098909606986,-196.45053039653266
baseline,427.73416408332474,-179.24139404380844
baseline,371.91657619795916,-189.91646943742168
baseline,370.9435657524958,-175.62054865233335
baseline,331.5758832604859,-188.0515053040388
baseline,333.35846284403664,-176.15599937654235
baseline,298.26122436049565,-186.56233250026014
baseline,301.7008587559082,-176.54568433013654
baseline,270.2734450603149,-185.32643570992522
baseline,274.6707367598693,-176.84058121351242
baseline,246.80538445920004,-184.57563636203622
baseline,251.69371263826474,-177.24689390750305
baseline,233.54245341436481,-195.42781014771688
baseline,232.0205832845124,-177.87923548812444
baseline,225.75654472576812,-183.2975543652056
baseline,233.4805140560942,-213.21680066167428
baseline,224.9166198647807,-199.14617092468728
baseline,232.79992426566994,-232.20620089599691
baseline,223.52500023022466,-215.95710349115654
baseline,231.04568168457988,-252.01698894131894
baseline,221.30760283163295,-233.5940156437309
baseline,228.1295275798929,-272.4918757351624
baseline,217.99894917096123,-251.6759819136718
baseline,226.3600582378813,-297.9710171196652
baseline,213.47821501762215,-270.0252532917058
baseline,227.24834647442512,-332.142904671075
baseline,210.52507599650778,-293.5588514425799
baseline,226.52753081154177,-369.81568778372434
baseline,208.2910217467262,-323.1347209389937
baseline,221.21265462173517,-407.2783675268976
baseline,203.09579017966107,-353.6856042199395
baseline,210.85622577104294,-443.62032710857
baseline,193.34120493992157,-382.1293677186711
baseline,195.8432963739814,-477.57315254580084
baseline,180.20086609781438,-409.163458327416
baseline,175.3161859467863,-504.7895105173521
baseline,163.18906254531447,-432.7219505814694
baseline,150.26644945880122,-523.7392871243177
baseline,142.61805232462802,-450.7323093876204
baseline,121.45881725148458,-528.7880400894825
baseline,119.19352044695033,-462.2075456471287
baseline,90.30366637186381,-517.1384742558741
baseline,93.00077275781693,-461.34628728762874
baseline,60.08177617482999,-497.0303918122877
baseline,66.5563688642262,-450.5232690558951
baseline,33.918071102457795,-485.81170640121695
baseline,43.31597819105168,-442.2389965147186
baseline,10.563298287104772,-479.2919352278266
baseline,22.25260389371528,-440.23581981037563
baseline,-11.97250009772255,-467.1895859293123
baseline,1.4149566808762075,-433.5564927406534
baseline,-32.91472423401989,-450.044270152746
baseline,-18.590279875514295,-422.4851941362412
baseline,-51.80859823235803,-429.8998121358867
baseline,-37.142896747252365,-408.1257688092902
baseline,-82.42302148219261,-465.1639578100016
baseline,-54.01359606427307,-391.6545621936806
baseline,-68.19495516353629,-405.35311470903514
baseline,-128.46200397706417,-586.6568236737183
baseline,-100.85230719846257,-481.79902154511615
baseline,-219.91513035268392,-836.1397117561562
baseline,-155.24837357856634,-614.604378344029
baseline,-497.8345610986463,-1607.8649171260734
baseline,-267.4177140802574,-896.0198536479763
baseline,16637.412618992807,46350.112689288195
baseline,-640.4377952659853,-1846.1161754175864
baseline,457.25554974427746,1102.0255882329511
baseline,4072.3863270022607,10225.198056858888
baseline,228.3630968970443,481.5692980579892
baseline,486.5739416725492,1077.8552280520128
baseline,156.77159967329814,290.77749974039415
baseline,247.77085248057662,483.062050312421
baseline,123.39232177610005,201.93763074424453
baseline,171.99634755045975,294.61747888006073
baseline,103.51293834301211,148.83503903118756
baseline,136.78427889665522,206.39166709926647
baseline,90.65384028530721,114.71713416141692
baseline,115.48166105203495,153.6726241176925
baseline,82.12647047462663,91.40938682776542
baseline,101.75725674901497,119.37353319858778
baseline,76.35832538170477,74.5315289299155
baseline,92.63085349144062,95.7802986770461
baseline,73.18012067727608,62.973806693120395
baseline,86.49777407545196,78.66012096688975
baseline,72.43420540610906,54.50049636326785
baseline,83.75127630523616,66.3838359092643
baseline,73.28850930562305,47.91979072610268
baseline,83.72214735459747,57.88040637363692
baseline,73.64304928431133,40.77025121796933
baseline,82.84626908717502,50.98176856744314
baseline,72.94686755352821,34.741942667947725
baseline,80.98531286678397,43.43584552382014
baseline,73.40029101962381,29.609238325998046
baseline,80.56820980466924,37.22011002489564
baseline,75.18436759655955,25.08810114074445
baseline,81.53009323390286,31.833252401320376
baseline,78.2844388923045,20.869175037351788
baseline,83.74476511579428,27.018143025104052
baseline,69.49457166671942,14.2505722432211
baseline,87.43419561251307,22.497519379914042
baseline,80.61859841101837,16.605932093227604
baseline,54.78325938262718,8.374658066696316
baseline,63.110138522041126,9.66077257826123
baseline,43.89034746042367,4.350446158237036
baseline,50.299777301172846,4.927361191838282
baseline,35.69800076767547,1.5542328432992545
baseline,40.56056591583339,1.6157678314494965
baseline,29.351636279872352,-0.4506755978786193
baseline,33.18474647119481,-0.6794203767505667
baseline,22.74380488498242,-2.3355544399429053
baseline,27.481026827306287,-2.365218261750315
baseline,17.754127019582757,-3.116171041541628
baseline,23.03261265447488,-3.011032617135067
baseline,14.02866930633377,-3.601869744813799
baseline,18.254640308006,-3.7064420257109494
baseline,11.474973347970812,-3.784803238553573
baseline,14.599226453019133,-4.37573721571272
baseline,9.462869867161329,-4.121834256630217
baseline,12.149158776256577,-4.774454795293323
baseline,8.07784933122915,-4.420996535820881
baseline,10.36168703096413,-5.13021494528709
baseline,7.172253725225666,-4.823434601867895
baseline,9.085297432002108,-5.553525225429884
baseline,6.610311213547874,-5.489066832762103
baseline,8.26192510920846,-6.1246200649778535
baseline,6.546355300776865,-6.242859938743344
baseline,7.779238707718954,-6.917997800575165
baseline,6.658039352372025,-7.571574097831523
baseline,7.515828409312408,-8.31116072652488
baseline,6.949550033790729,-9.448820903248777
baseline,7.724515778132319,-10.117853324029408
baseline,6.8648770981291785,-12.258449691393224
baseline,8.06085547443779,-11.3373975523714
baseline,6.825813513341891,-14.519393669632946
baseline,7.990330758442266,-13.317692967751613
baseline,6.83005970327847,-17.448509790803318
baseline,7.99755390214943,-15.939249324349857
baseline,6.788374070413747,-21.217406009540074
baseline,7.992529668246526,-19.304856788702676
baseline,6.609237295053644,-26.15713061554518
baseline,7.919655686227065,-23.587951321363164
baseline,5.5499162266481665,-28.011819168544847
baseline,7.701380791187803,-29.140221882265443
baseline,5.807843344033369,-30.95245579869131
baseline,3.3169755403298833,-26.024126695624414
baseline,3.3649008935064004,-28.729985980867887
baseline,1.4407201081759595,-24.68058932130407
baseline,1.279704075263715,-27.14972451235719
baseline,-0.2783679980564342,-23.913643002444633
baseline,-0.6258261498382302,-26.136278504534957
baseline,-1.9973294731297,-23.650676967490295
baseline,-2.4327175045594136,-25.680199485924078
baseline,-4.375290477268757,-22.942989322006902
baseline,-4.27761958767203,-25.755514124322254
baseline,-6.14042473985593,-22.44847747582201
baseline,-5.56676733530725,-25.83717139911645
baseline,-8.112013497316461,-22.579539166284896
baseline,-7.631913072615789,-25.59135257199852
baseline,-10.368492968011372,-23.507747187770036
baseline,-10.376170862498908,-26.274895301825357
baseline,-13.6594881323331,-25.280154203102278
baseline,-13.586752718238916,-27.916503355276298
baseline,-17.848631678344457,-27.795149822370153
baseline,-17.65277308426126,-30.341274826786613
baseline,-23.42102165640442,-31.25455630500104
baseline,-23.025103512973168,-33.66282295342565
baseline,-30.97151951631772,-35.8014513942619
baseline,-30.078945558636224,-38.05353871700099
baseline,-40.84279565624988,-41.85334332760987
baseline,-39.662699776927575,-43.85636984118056
baseline,-55.27732801319324,-50.31717074763371
baseline,-53.668040845386315,-52.139921917389046
baseline,-76.43475670705938,-62.13660854216516
baseline,-73.5350108688762,-63.850426841204
baseline,-107.03686770243014,-77.23673097782317
baseline,-97.32045759070802,-76.84428012154557
baseline,-145.49669680500404,-94.59563660395676
baseline,-130.5552849908125,-92.84164740097901
baseline,-207.20801765781755,-121.44196254710856
baseline,-182.4438209902205,-116.94299272889475
baseline,-321.0011695827219,-169.53394929271448
baseline,-273.5515393842662,-157.95761311252156
baseline,-589.5059085601722,-280.0663227581366
baseline,-464.90222060034927,-241.8566011322109
baseline,-1850.9311521249342,-789.416915233281
baseline,-1101.4837534848457,-515.4874524206689
baseline,2830.0917729298335,1035.7851446504317
baseline,2345.1732107079397,994.2948474078765
baseline,1399.535259793486,540.7698227456606
baseline,3099.957840667761,959.8107060806511
baseline,1494.0771669831242,493.3579522332334
baseline,2931.0107343682707,746.9477648743162
baseline,1494.0267766569948,411.7782036396139
baseline,2463.237515988357,496.91937459221054
baseline,1416.027395211611,315.16685820936266
baseline,1960.0240626069392,294.3341905564226
baseline,1274.0856997895407,217.981948183296
baseline,1690.433309107581,160.89162789278
baseline,1111.4434695664784,134.31471027929322
baseline,1564.006664204275,62.098722892724595
baseline,1029.570193806048,71.89641144739991
baseline,1294.686304876868,-20.03893673560679
baseline,946.8281560706731,13.267277427988772
baseline,1028.37430731389,-73.32371920700311
baseline,821.6193647148033,-34.06304586485343
baseline,828.3089460828465,-105.48342512246815
baseline,705.7043658674014,-68.0909190672296
baseline,676.7720835365567,-124.13701144008321
baseline,606.0268544800757,-91.94173034585681
baseline,563.2619429809166,-134.86054389458454
baseline,524.2960968077,-108.5269943568067
baseline,479.17917899644294,-141.5456826348689
baseline,457.7435331353353,-119.99757475429912
baseline,413.295933746119,-144.9312843772153
baseline,403.14586013431693,-128.09745360118487
baseline,360.1793796964958,-146.00065696477083
baseline,356.6034337750445,-132.89382364522567
baseline,324.78515044616574,-149.29148556876123
baseline,323.5451463918674,-137.5278619642542
baseline,299.1761448000367,-153.50493040938034
baseline,299.87734785553533,-143.15146736014012
baseline,276.4510220382046,-157.04282640393518
baseline,278.53735967039177,-147.88271026388173
baseline,256.2215808101503,-160.11966983879395
baseline,259.2709237426879,-151.98396243809412
baseline,238.38996725248862,-162.89930239029732
baseline,242.04188669261757,-155.66915649416953
baseline,222.6158702636072,-165.55743630676727
baseline,226.64497523948359,-159.0446557035488
baseline,211.7523339218672,-175.87261274122415
baseline,212.76066951341926,-162.2225257534885
baseline,207.60448771018622,-167.31282898291516
baseline,209.29578965059588,-189.2687553197078
baseline,204.90367273665223,-179.7111121657546
baseline,206.2547444334879,-203.2000382588464
baseline,201.64335278071377,-192.49486221889669
baseline,202.4342053918791,-217.5808501235531
baseline,197.70140390904996,-205.65601022820098
baseline,197.69423185925655,-232.06454254274442
baseline,192.98293685871934,-219.0274258480538
baseline,191.89708073603694,-246.48953189045523
baseline,187.3469467770869,-232.32473578267863
baseline,186.12598480616361,-263.37399112184795
baseline,180.65278715813218,-245.39279089098446
baseline,181.02488905749985,-284.6651538560067
baseline,174.38020927011954,-261.4033152061076
baseline,173.07891512158326,-305.11160055113083
baseline,167.23926213602164,-279.7842333729224
baseline,162.41318870689202,-324.42217315175316
baseline,157.3983067919314,-296.76322187542223
baseline,149.50242828431485,-342.4264732905491
baseline,145.69635282039465,-312.6543774963598
baseline,134.10867689428449,-357.9333610980874
baseline,131.97105417035462,-326.7964368886308
baseline,116.60073852385423,-369.86513656109196
baseline,116.4953923542072,-338.7080675592668
baseline,97.46600832661959,-377.93317433680545
baseline,99.49440032558469,-347.48842421238436
baseline,77.14122305900378,-380.0375146398154
baseline,81.2651377952172,-352.8112640088823
baseline,56.3062160028861,-375.103724394545
baseline,62.167885145446135,-352.2495955991682
baseline,37.49082682466086,-373.166906207283
baseline,44.61866859033831,-350.89157277706465
baseline,20.085637050458377,-372.50635594847756
baseline,28.436352978770486,-352.0798361249702
baseline,2.7842058815624138,-368.8738712486878
baseline,12.188216464554138,-350.61887577492104
baseline,-14.068627435924059,-362.36265951649676
baseline,-3.8856394630928435,-346.59927430643825
baseline,-30.01106642703383,-353.4761898639687
baseline,-19.421306893908508,-340.4752370538125
baseline,-44.88074071794052,-342.9574274212646
baseline,-34.1265748573704,-332.4884384219834
baseline,-66.81626789908056,-357.7624141686131
baseline,-47.909512732852704,-322.9663638760541
baseline,-58.38821392042193,-328.9875979051221
baseline,-92.01561147484826,-404.3424794216018
baseline,-79.01265215947208,-362.9970079750918
baseline,-128.60869554308138,-475.4167146098955
baseline,-106.85358963906103,-411.27546129107634
baseline,-187.32947499200142,-592.8230162669927
baseline,-147.45740135351483,-484.3945828439171
baseline,-298.00330323168146,-818.548268488952
baseline,-212.88745212800234,-605.6137184783628
baseline,-588.1497438312432,-1417.7226609921777
baseline,-336.5071265444774,-838.5375159347858
baseline,128150.74859074739,271171.9039604029
baseline,-663.29783786988,-1459.6753530999852
baseline,570.5150527721777,1067.0755599935285
baseline,-22815.447785114364,-44696.46452113245
baseline,307.57458570717006,509.6699316148033
baseline,656.8385473441882,1137.6151025607812
baseline,218.88791998222865,320.870858763609
baseline,351.43121967811817,538.7855570664775
baseline,173.6707330595133,225.20530148372896
baseline,249.4968347171498,339.1921698552596
baseline,147.55320739536998,169.28588291258706
baseline,199.22290596475042,240.22343150506632
baseline,131.55436329951263,133.2745564101293
baseline,169.37621944226652,181.05975594865492
baseline,121.06279134409407,108.2021631592412
baseline,151.22743749028209,143.09275337831002
baseline,115.66491816377506,91.27859571424115
baseline,139.92712111284095,116.79211068380721
baseline,115.0352689868855,79.51875843797491
baseline,135.59852385977086,98.97582210558843
baseline,113.64625614024489,67.78076058456695
baseline,131.72020291856617,85.80992824344435
baseline,110.85567732621706,57.68314222538742
baseline,126.57930309665943,72.67157509624788
baseline,109.96041643122857,49.266907209095045
baseline,123.84652417793211,62.0060000857854
baseline,111.0911134863147,42.13507084563123
baseline,123.67881042569122,53.28933385916978
baseline,114.60869421723011,35.89965261917253
baseline,125.39984099700418,45.62987019597549
baseline,119.925025465082,30.06086779005992
baseline,129.6929062705495,38.88603528995272
baseline,105.41060407570241,19.85709089323302
baseline,136.4672613240142,32.52924236125264
baseline,124.95885602046765,23.96581766856702
baseline,82.29666054623104,11.426989158391486
baseline,96.03921068819214,13.605004183278853
baseline,65.42736503730436,5.699432021558339
baseline,75.76626996721801,6.774609612275349
baseline,53.173372897272415,1.7692076235501861
baseline,61.100069984806936,2.09604837167316
baseline,43.93640316020978,-1.028889080817675
baseline,50.03031025600145,-1.1266486308471038
baseline,36.79922761532594,-3.0383220321429443
baseline,41.668376129015705,-3.4663402006953743
baseline,29.336576286815344,-4.835077387333907
baseline,35.164571391653595,-5.163352522579061
baseline,23.59097302058896,-5.6404935633484605
baseline,30.040250983923244,-5.905705448702334
baseline,19.64355230278086,-6.127226962888427
baseline,24.371268405049626,-6.870695944125827
baseline,16.63124009797004,-6.675643087153141
baseline,20.53900241614658,-7.543413969875106
baseline,14.27237006146804,-7.216244637828883
baseline,17.690553067415532,-8.156890893193477
baseline,12.684507943255497,-7.840101838410654
baseline,15.666538151201017,-8.850442345470304
baseline,11.607420114110624,-8.741015063172783
baseline,14.135813441959069,-9.600111631714732
baseline,10.944239960707787,-9.806393478931271
baseline,13.123813665691872,-10.64080713303835
baseline,10.831580500990901,-11.199817499890537
baseline,12.553687119146865,-12.071907895706238
baseline,10.983064180231072,-13.412324371573483
baseline,12.363466095274463,-14.351702529152469
baseline,10.831534953815547,-16.598345694478066
baseline,12.483624760438312,-15.87458545463849
baseline,10.699215028707822,-19.109210150303472
baseline,12.241126341191158,-18.140380522780376
baseline,10.578172275333374,-22.3607772998961
baseline,12.125271024519582,-21.05794449302168
baseline,10.528910745727051,-26.49825893436364
baseline,12.095285492715757,-24.815329110111943
baseline,10.477914247503444,-32.01433430883878
baseline,12.025557402251913,-29.57679192436217
baseline,10.267702515825244,-38.89843982843552
baseline,11.942179256541488,-35.76148913334394
baseline,8.45040749598783,-41.606457870565926
baseline,11.712401854539904,-43.826183073874766
baseline,9.346703464642625,-46.24741621319552
baseline,5.341113383806378,-38.74103648841648
baseline,5.802182281835968,-42.80716199768079
baseline,2.587344716443438,-36.56713843994156
baseline,2.7803919389877927,-40.34733330832937
baseline,0.14585164269676285,-35.26823852928537
baseline,0.09507929263414178,-38.807753516667304
baseline,-2.2348213566863224,-34.69906779397678
baseline,-2.437260964711265,-37.85716119026488
baseline,-4.593381508413537,-34.741529221810055
baseline,-4.964269197977857,-37.682952851049805
baseline,-7.7584043026092475,-34.23637890317704
baseline,-7.630850737494612,-38.21404839751544
baseline,-10.39784019710568,-33.94361968173649
baseline,-9.826813947450615,-38.700812081993334
baseline,-13.367283319450754,-34.86359072500066
baseline,-13.328162415597898,-39.05876467684529
baseline,-17.40032207080579,-36.915462240527894
baseline,-17.40044098709201,-40.882945189159884
baseline,-22.54360064292948,-39.8529876218729
baseline,-22.467261853732886,-43.75323041797484
baseline,-29.245879802175622,-44.10249667382144
baseline,-29.03463841834774,-48.00378405795544
baseline,-38.306944170044,-49.99183532269464
baseline,-37.552578608503524,-53.50741380803433
baseline,-50.444312792469056,-57.71453619732639
baseline,-49.16059010144985,-61.15915939633082
baseline,-67.09850507292636,-68.37528844971261
baseline,-65.28720230958179,-71.60136581791465
baseline,-93.0133729146199,-84.75359918299984
baseline,-90.33812781236902,-87.80940619464802
baseline,-131.02754806578218,-106.34518317654467
baseline,-120.41784472203408,-106.42312061173165
baseline,-179.60027682406064,-131.8796031848231
baseline,-162.94750907505266,-130.0235975391628
baseline,-262.19767658485927,-174.23968784546145
baseline,-232.63567153142347,-167.9022597144946
baseline,-429.01266025337475,-258.0900706484
baseline,-365.04700398776504,-238.57858285481012
baseline,-919.9682312958071,-500.93742669294454
baseline,-693.764038436326,-410.49168696300126
baseline,-16759.289080974468,-8252.961282307175
baseline,-2831.626465662461,-1516.7118965072666
baseline,1239.5228485801176,551.1983690028134
baseline,1796.150857712116,869.8688757240349
baseline,688.3692096160439,264.1053855871248
baseline,647.6021449353651,285.30364185592583
baseline,571.3613353334563,231.2128845099881
baseline,714.2122082323045,234.80497074948346
baseline,594.4358873782953,207.8273279206245
baseline,723.411667140204,199.15813763279704
baseline,605.9424566442757,179.5322260331458
baseline,710.8129106237835,158.78017088907043
baseline,604.5400621480543,147.7763532803178
baseline,683.7341504938033,118.18340157538329
baseline,591.3101460428941,114.73751592043422
baseline,645.1189816601488,79.66562006516025
baseline,568.912713808148,82.37879719158252
baseline,615.760137682983,43.93979339449032
baseline,539.8367980053995,52.13571932316709
baseline,587.1809410788983,10.343129553105738
baseline,517.6375699250162,23.75380427318587
baseline,545.5776367474032,-20.030678543921816
baseline,491.65949513670506,-3.9066500331982863
baseline,500.60771252350014,-45.36246982661492
baseline,461.30081628387506,-28.35267967866792
baseline,457.03474329899007,-66.1060957598348
baseline,429.09302859052514,-49.1775686457832
baseline,415.55335856396545,-82.53833667306621
baseline,397.2464796486526,-66.67097633999194
baseline,378.7328252257001,-95.65436785639896
baseline,367.1266597449671,-81.14192463446932
baseline,345.802828542876,-106.12573657140665
baseline,339.1659007865073,-93.12089347609441
baseline,316.72971930918317,-114.24001088152025
baseline,313.91176840280366,-103.11102027834754
baseline,294.41775718973287,-121.42140766327996
baseline,293.1976918313959,-111.43950686299571
baseline,277.059526444137,-128.37225036717356
baseline,277.27339540137274,-119.23281674506664
baseline,260.89905205558455,-134.4791116454338
baseline,262.2117406495331,-126.13050174120195
baseline,245.9418483812251,-139.95159337358479
baseline,248.11137419089297,-132.29979663462797
baseline,232.1223208000237,-144.88716061919067
baseline,234.91916424581765,-137.89608562833382
baseline,219.47515652685985,-149.45155993881173
baseline,222.69891586063534,-143.01950337455315
baseline,207.83496462338132,-153.74269780915043
baseline,211.3586776848475,-147.80037206769813
baseline,198.4119372212325,-163.61569857686465
baseline,200.84557393787856,-152.32330790570398
baseline,196.37577667267408,-157.1621839869549
baseline,194.7732673704733,-174.53449541547715
baseline,192.6552564399607,-167.46639382183258
baseline,190.61713838112445,-185.66359687782287
baseline,188.47095906938904,-177.96430056850457
baseline,185.86489421563596,-196.9768778357107
baseline,183.74841925295792,-188.57156137916417
baseline,180.40423388641048,-208.3038402220936
baseline,178.3975562724379,-199.2463451270272
baseline,174.18417350335386,-219.49697117992073
baseline,172.36863346063774,-209.80284514635278
baseline,167.1159919608171,-230.41823871862414
baseline,165.584459704081,-220.15220035037663
baseline,159.70381529758475,-242.56631826246698
baseline,158.00098712956276,-230.1278680543351
baseline,151.42489212013433,-256.49288193471887
baseline,149.93377693370127,-241.6974131784309
baseline,141.44921951269677,-269.64965681179467
baseline,140.56736032577746,-253.83675181255936
baseline,130.09143542792677,-281.8221265761671
baseline,130.0082979282933,-265.23467522854327
baseline,117.36478716837519,-292.7500570971246
baseline,118.26978538224088,-275.5594284166308
baseline,103.29776800904312,-301.7344980304617
baseline,105.35312336558884,-284.5117386051083
baseline,88.2271362713604,-308.6527932027821
baseline,91.4652152613218,-291.72983572551124
baseline,72.31273437584507,-313.16139907392784
baseline,76.74118702236288,-297.00977394081616
baseline,55.99362685132868,-314.4329033844771
baseline,61.44346030516815,-300.1936137591446
baseline,40.8931565765498,-315.37527593662685
baseline,46.821453621945004,-301.84936228943013
baseline,26.613181860975622,-316.62944006523634
baseline,33.3323214804303,-304.0184898969809
baseline,12.269624475622717,-315.9842115999004
baseline,19.667736761834437,-304.53364402645366
baseline,-1.957959042535335,-313.57650665956317
baseline,6.031525079102036,-303.41978441630954
baseline,-15.832656695173302,-309.4018892341594
baseline,-7.440058388662152,-300.7493594448468
baseline,-29.149788726389396,-303.88535021885707
baseline,-20.515927089948317,-296.67979358520125
baseline,-41.825434032902265,-297.14553089257447
baseline,-33.10378285833077,-291.38085157853544
baseline,-59.56211298327659,-304.177058010979
baseline,-45.09260138706617,-285.06237024021635
baseline,-53.639796898448004,-287.8954924944854
baseline,-77.16263562911834,-327.20917688952767
baseline,-68.98495784867156,-305.68759736879895
baseline,-99.40432060874689,-357.90829706494856
baseline,-87.75983277955751,-328.83592080543184
baseline,-129.03491248296143,-400.756227967134
baseline,-111.53262256592102,-359.56817808444487
baseline,-170.38139819269614,-462.0725463087854
baseline,-142.97410683478978,-401.69154624935607
baseline,-232.79674814428918,-556.7274838721851
baseline,-186.6632411991552,-461.72037499304975
baseline,-337.9410303743581,-717.7318232112451
baseline,-252.01591533888305,-552.9251225171138
baseline,-631.2132184424233,-1189.7235830099141
baseline,-359.8712234372825,-704.5058447195738
baseline,-3863.909719510976,-6478.221608570089
baseline,-630.131645279117,-1102.177135769343
baseline,1084.4334072989452,1615.555362394911
baseline,-2470.0769398828947,-3842.315126110469
baseline,510.9323180678797,677.292462898963
baseline,1555.945363139572,2156.337407571282
baseline,347.12176881291043,409.4550857119083
baseline,641.2049924792163,792.5309165144753
baseline,274.83682561649664,288.0520605784111
baseline,425.66039830248667,469.0752349205893
baseline,234.32748177805723,217.9672734739734
baseline,332.10851402832577,325.77074726797423
baseline,210.9688374058163,173.5467486287015
baseline,282.7034354288463,246.16373528855303
baseline,199.51071954713146,145.1058435908002
baseline,254.78286633032886,196.15176746804133
baseline,191.34678409504963,121.69145544604592
baseline,235.77586854650073,161.81158792017166
baseline,181.89753754290237,102.05580582646348
baseline,218.57858633412334,133.3290401523195
baseline,176.97708944175938,86.69273534981934
baseline,208.2749449356725,112.01282604661773
baseline,175.58166609031596,74.12083163512432
baseline,203.2032084110034,95.29237818113785
baseline,178.5892562542705,63.74674959118283
baseline,202.85634737363358,81.86960466395604
baseline,184.82561962356186,54.527802038739736
baseline,206.96380941585159,70.4420988446952
baseline,195.664789191391,46.09627278245753
baseline,216.00743893050267,60.40909462067769
baseline,168.19746976398403,29.22437115263235
baseline,231.2414286104211,51.10437348877012
baseline,208.307402190642,37.28537121573188
baseline,127.13393251379901,16.033792503484776
baseline,152.56396674232465,19.984578589525178
baseline,99.7214400938502,7.627504651161081
baseline,117.26088341787981,9.504773582124695
baseline,79.97074021123207,1.9626696871608036
baseline,93.07406653531146,2.67643797085786
baseline,65.83102850640523,-1.9418812603543407
baseline,75.81252547863353,-1.8975381562884677
baseline,55.07159463234819,-4.739311803411911
baseline,62.93736025059123,-5.17341975000894
baseline,46.8599939088835,-6.805969893233896
baseline,53.17214341302195,-7.548170515668571
baseline,38.2361106092767,-8.61529346684239
baseline,45.63670250772479,-9.37805739663177
baseline,32.036542730193446,-9.445980407468387
baseline,39.37232224311832,-10.505106806077405
baseline,27.22339529621967,-10.288386610357332
baseline,33.302124312157126,-11.505511322586566
baseline,23.68222739564909,-11.118563889887227
baseline,28.747957444889817,-12.4031324648507
baseline,20.922238373914826,-11.977986620536928
baseline,25.369024816981014,-13.351838998209287
baseline,19.136104692015124,-13.1620371498148
baseline,22.929471478244974,-14.41287280672377
baseline,17.817891047789043,-14.543991846127879
baseline,21.19355546562969,-15.781645820811638
baseline,17.048951793914725,-16.409848157933897
baseline,20.03221247072587,-17.563390641482645
baseline,16.898651207996227,-18.68731930076988
baseline,19.362900107769576,-19.87519811099806
baseline,16.566960852733022,-22.329253422986863
baseline,18.95847988981722,-21.93160447089637
baseline,16.183307812933446,-25.17242607525023
baseline,18.39142509244478,-24.515019525459966
baseline,16.01946367340406,-28.88607196935984
baseline,18.06965056021037,-27.86405057512897
baseline,15.900768036591154,-33.547942008848274
baseline,17.934699145797325,-32.13796599066712
baseline,15.92456667323566,-39.77005038990648
baseline,17.921992678910847,-37.565374165200176
baseline,15.88151922624132,-47.549138646596184
baseline,17.934587176195496,-44.612327266582035
baseline,15.74298834277347,-57.787027964030095
baseline,17.95310041561294,-53.7725231875746
baseline,12.953856004347571,-61.8209717054715
baseline,17.84595554946653,-65.88962317017366
baseline,14.824269518534464,-69.29269369482479
baseline,8.404259192473718,-57.27599057145634
baseline,9.620146056483254,-63.83484356509166
baseline,4.527198786748738,-54.045417544159534
baseline,5.248876128970334,-59.877497206285184
baseline,1.0268582641221295,-51.707419723757084
baseline,1.3905347898177227,-57.15904520042315
baseline,-2.249347780214278,-50.61341793361069
baseline,-2.1340897856236327,-55.58639062692723
baseline,-5.491566010296208,-50.30662103282512
baseline,-5.623647603129772,-54.988103125465955
baseline,-8.901678910886847,-50.9573419248756
baseline,-9.224389072070103,-55.37865111094116
baseline,-13.254484819800469,-50.93774464042177
baseline,-13.156390444472803,-56.7740616909798
baseline,-17.21308428164058,-51.74092891205885
baseline,-17.16763956533066,-58.36260266775361
baseline,-22.41140579014489,-54.085509510482474
baseline,-22.505338809530837,-60.40999009544595
baseline,-28.909225478232496,-57.913999185725466
baseline,-29.01709609216782,-63.97230611243965
baseline,-37.21166144447339,-63.208924170332544
baseline,-37.28962199031207,-69.31166435726222
baseline,-48.49339870026753,-71.1161968126778
baseline,-48.08544819850285,-76.89920714216878
baseline,-63.696224466630994,-81.70710721138173
baseline,-62.8456200747491,-87.53874018188262
baseline,-85.45233669237628,-96.84683465840429
baseline,-83.68870659602646,-102.63284808843771
baseline,-117.69598713847179,-119.36592020947316
baseline,-114.89046842633763,-125.0468452237176
baseline,-168.06956853125703,-152.3319091079702
baseline,-156.4899502800704,-153.7270784227312
baseline,-236.51795811606047,-194.32575172716864
baseline,-216.89548258380867,-192.72920180325616
baseline,-363.18974355626204,-270.9481496633043
baseline,-323.7797630226716,-260.93222806916015
baseline,-665.8260269321197,-451.37057999214244
baseline,-558.8069481749036,-409.04167485456077
baseline,-2320.590836333798,-1430.3724651657335
baseline,-1452.2789678479144,-966.7938310528991
baseline,2170.6678384455913,1216.220111866175
baseline,4100.859177699931,2483.1220103276864
baseline,824.2690709468213,419.4357619103385
baseline,969.1844582753309,533.4857020072885
baseline,538.6954858315202,248.80379548326252
baseline,591.1957823335987,295.56037057885374
baseline,429.5693937997892,172.13557712818852
baseline,411.36619150078496,187.79406111486233
baseline,388.17267791358313,164.1601673467301
baseline,442.70203517399466,153.57351696494257
baseline,401.274935885852,147.92804484289246
baseline,450.3577154671936,132.72487858998218
baseline,409.95445986302326,129.63295347613058
baseline,451.70195960295973,110.16383335748334
baseline,413.72951633734266,109.65782681555424
baseline,447.58591754241917,87.02705795676042
baseline,413.1940220567708,88.97178057064855
baseline,438.03473329068044,63.98833062487141
baseline,407.8592293617482,68.06170848638071
baseline,424.6665547072547,41.90501695472305
baseline,398.78998724133953,47.675496101111605
baseline,415.0518464932454,20.254968450085798
baseline,388.017633106546,28.58663236390419
baseline,401.272163065317,-1.6133573967413153
baseline,376.2728692020842,9.160865680276178
baseline,384.27969919546706,-21.717658650717567
baseline,364.3263072081151,-10.14198394058502
baseline,365.2646772477494,-39.68937715213842
baseline,350.17709437525616,-27.92204989083162
baseline,345.3685519953277,-55.55867966469156
baseline,334.30707068062014,-43.99133578020259
baseline,325.57246047038956,-69.35122684990263
baseline,318.08126037624316,-58.353050854921705
baseline,306.39732697579376,-81.34222295055076
baseline,301.7430622399183,-70.99915883787526
baseline,288.36513672627154,-91.787801269468
baseline,285.96643852236053,-82.20044194448366
baseline,273.31778576966104,-100.55530899722315
baseline,272.4836073512402,-91.98396435214079
baseline,261.1644033816264,-108.81122795699365
baseline,261.2180597248647,-100.5361862843208
baseline,249.40286957213627,-116.31797228546893
baseline,250.28762468529766,-108.5474887336415
baseline,238.11375479664676,-123.1620673150623
baseline,239.66661898719843,-115.89111496683886
baseline,227.33338897226656,-129.48802773969527
baseline,229.41194421026705,-122.67301713253724
baseline,217.15328739668186,-135.34810515484827
baseline,219.625474196326,-128.9814982511807
baseline,207.5305975377318,-140.8566191391517
baseline,210.34397862609183,-134.87946061649646
baseline,198.46555006738487,-146.0855884307497
baseline,201.54077903517796,-140.4636705413357
baseline,190.02904435729454,-155.5810348370728
baseline,193.2763168684343,-145.84598418121377
baseline,189.30430356577236,-150.45407944869714
baseline,185.69296062100483,-164.9127769158628
baseline,184.89903190881597,-159.3039605626947
baseline,180.92686785687056,-174.3349348280548
baseline,180.16624487437798,-168.31737099327634
baseline,175.67909911255214,-183.77382026896223
baseline,174.99264461163057,-177.354914121458
baseline,169.8743998814353,-193.19950818334604
baseline,169.3200527575139,-186.38628015740082
baseline,163.49693035015557,-202.44663024538042
baseline,163.11084442169843,-195.30434589197918
baseline,156.48346510401947,-211.45457633017585
baseline,156.3417892604307,-203.98765993563364
baseline,148.81662609950538,-220.09666601154132
baseline,148.97185489090603,-212.36644055007756
baseline,140.673112669013,-229.3804324937438
baseline,141.1729756689975,-220.40847653420417
baseline,131.30163934890263,-239.55756032299928
baseline,132.43984964443996,-229.31062752836596
baseline,120.98707874810054,-249.06807723749057
baseline,122.65379713911082,-238.43393447969513
baseline,109.75204414442518,-257.66191084836373
baseline,112.03248765747308,-246.82114667817228
baseline,97.60559215498397,-265.14051329671577
baseline,100.55971906808777,-254.26442880076942
baseline,84.72415646996517,-271.2395989727712
baseline,88.36644456586683,-260.6149300126116
baseline,71.2094627682843,-275.8399657020883
baseline,75.5804456627789,-265.6284201302618
baseline,57.25624922793224,-278.82554755891346
baseline,62.320733818228284,-269.2580385928985
baseline,44.31584712820851,-280.76998770835473
baseline,49.569203269023404,-271.9634539190825
baseline,31.96532495723789,-282.74772731024353
baseline,37.81926145910753,-274.198637271533
baseline,19.471066576030257,-283.45606737562474
baseline,25.80700512782849,-275.5733249558758
baseline,6.986386502462915,-282.90197550084287
baseline,13.722235488039859,-275.80167968975275
baseline,-5.403565509944544,-281.1325823742937
baseline,1.6484299551023966,-274.8572287160697
baseline,-17.49983263151996,-278.24790070680126
baseline,-10.25887218280886,-272.87345812304636
baseline,-29.2461123970684,-274.36319094916666
baseline,-21.862085941698762,-269.90144399250073
baseline,-40.54572038283444,-269.61229057410065
baseline,-33.114281251110725,-266.05847744144836
baseline,-55.81416460918492,-272.86422645585685
baseline,-43.913927929084004,-261.7799044115688
baseline,-51.2418974614711,-262.9941140523994
baseline,-69.55995226229696,-285.2988695539392
baseline,-63.58467883425327,-272.4419860795487
baseline,-85.73520540045139,-300.90872400090524
baseline,-77.92278019413176,-284.65327118885176
baseline,-105.21169970442497,-320.6899424796906
baseline,-94.80178314297696,-299.9153965834343
baseline,-129.339804552577,-346.1319384081892
baseline,-115.16369501399866,-319.1451132364545
baseline,-159.99982165925917,-379.31953486617624
baseline,-140.37306822745592,-343.9041203249809
baseline,-200.51158957731764,-423.8759244518266
baseline,-172.1226637606859,-375.5524064140228
baseline,-256.2396287478366,-485.565221258319
baseline,-213.67656095181624,-417.4916176285055
baseline,-362.23681826128,-614.7451521693944
baseline,-269.5978747538127,-474.77550881017015
baseline,-592.6122123364747,-897.4585375982646
baseline,-360.67320988192097,-570.4002037827433
baseline,-1355.1268961786932,-1834.0265779507226
baseline,-550.8483554899296,-779.0891877067268
baseline,10812.94822902603,13088.589898655777
baseline,-1031.5199435694185,-1306.1424782440324
baseline,1236.66957368673,1338.0769752962099
baseline,-4145.711897566234,-4696.450656896272
baseline,709.8393726466147,685.4105926150704
baseline,2543.202100449673,2574.939400619504
baseline,528.9954916132482,454.5673225240878
baseline,1104.468772026762,997.5492650862599
baseline,443.93920177824475,338.15403401555955
baseline,762.899704945743,612.6695363684485
baseline,407.43115375436554,274.0755928597825
baseline,583.3440766007237,419.8702115155875
baseline,364.0004895947598,217.92807507258922
baseline,493.09173833800577,318.59244388336884
baseline,338.48451250669666,178.95950940509636
baseline,437.52726971274456,251.36700565638455
baseline,326.40867830109414,150.7798844003452
baseline,407.0101339042678,205.99836092821224
baseline,323.5206709750884,128.92166389747547
baseline,394.8982707808296,174.06128456177083
baseline,330.9673451961432,111.6251187693342
baseline,394.72612469906903,149.1816942616584
baseline,347.6760127775642,96.82200729311529
baseline,408.42654467641574,129.89276484853792
baseline,376.0762951038684,83.36272011598938
baseline,435.91708093889457,113.44835755467906
baseline,304.7753396783738,48.613001786421606
baseline,472.84601319297417,97.41779986238016
baseline,405.56924574318566,67.6410560807718
baseline,214.13267369236073,24.215004886306964
baseline,272.4537172519106,33.12353259551046
baseline,160.75632035572764,10.484455454462674
baseline,196.37682269581035,14.488539215632418
baseline,125.79621487573225,1.957769615780591
baseline,149.695958403364,3.6283690834185824
baseline,101.95213169005999,-3.630146175410459
baseline,118.56640972997171,-3.342337886718096
baseline,84.41965514127841,-7.5447840575178615
baseline,96.51822255463615,-7.9612439126599845
baseline,71.52002030144317,-10.411528608847297
baseline,80.61946065715797,-11.281091688029568
baseline,61.63083857042656,-12.625598432943608
baseline,68.79270313083893,-13.761765333494026
baseline,50.144862589517935,-14.046065533374861
baseline,59.938920276053565,-15.56816691556609
baseline,42.597250083195725,-15.211821669879614
baseline,53.57376497999943,-17.35130624799211
baseline,36.94519354194887,-16.29647186644188
baseline,46.12453226455848,-18.608306738171933
baseline,32.74936436740611,-17.47179383856438
baseline,40.504071023099684,-19.86552454328084
baseline,29.72057897589791,-18.832943724527667
baseline,36.487849272218675,-21.430486325076515
baseline,27.559778921210512,-20.570077761783313
baseline,33.36382020570205,-23.15027653823659
baseline,26.104123618145408,-22.816633628899584
baseline,31.35764305891147,-25.46184269281083
baseline,25.258960466720662,-25.715827389373587
baseline,30.006922360296656,-28.36058880644145
baseline,25.368044819497598,-30.673918863861637
baseline,28.267828448217376,-30.11802731943809
baseline,24.633086140882504,-34.01659945680767
baseline,27.426355139388047,-33.022207769831184
baseline,24.213923721309314,-38.31490505192454
baseline,26.794110049041024,-36.98085139643041
baseline,24.06178485114023,-43.80248192752708
baseline,26.449705429032583,-41.98429077549778
baseline,24.121551618276662,-50.81246132187006
baseline,26.50863554437696,-48.68713439900539
baseline,24.300492836495756,-59.97260261643501
baseline,26.642601210374636,-57.047409192771624
baseline,24.55817562725328,-71.93418911940984
baseline,27.005032790978593,-68.05687338686677
baseline,24.804169790666045,-87.97478079416784
baseline,27.459934332694033,-82.63499984984435
baseline,20.252803889439644,-94.53166404470475
baseline,27.726073844506846,-100.6345012089297
baseline,23.61777792838563,-105.8924228944015
baseline,13.412934143139214,-86.89338395350525
baseline,16.206580459489118,-97.66725206416424
baseline,7.698885685183104,-81.44155985520118
baseline,9.56467384799358,-90.71379397009697
baseline,2.6682408148151886,-77.67697146796564
baseline,3.864387476160768,-85.83359598591286
baseline,-1.9307049039360848,-75.51048707214376
baseline,-1.3367207239941792,-82.89925228832631
baseline,-6.46743989182769,-74.63808886355167
baseline,-6.309214006367662,-81.19425764234585
baseline,-11.147484525712656,-75.12420847417505
baseline,-11.32619767047709,-81.27936405637664
baseline,-16.249736104757307,-76.95169604741177
baseline,-16.693240016401177,-82.80083822898196
baseline,-22.166334345823202,-76.39478716054818
baseline,-22.356305300066666,-85.60128055706161
baseline,-28.98955832151074,-79.20378024140963
baseline,-29.42990645568225,-91.20042964662673
baseline,-37.3718936949586,-84.10046204602047
baseline,-38.210748478488746,-95.86748724588453
baseline,-48.09998783306323,-91.47302132074753
baseline,-49.227846842088226,-103.18423756981076
baseline,-62.37532292894712,-102.23446213026261
baseline,-64.10623342022944,-114.61771220970317
baseline,-82.30365552248558,-117.73392237259976
baseline,-84.25907872773993,-130.5870210998945
baseline,-111.4940899096909,-140.69562928421567
baseline,-113.8057679719102,-154.90735407709627
baseline,-157.46378045529963,-176.679113562957
baseline,-159.94673233833296,-192.9658683147249
baseline,-237.8302001561053,-239.46753429966267
baseline,-220.3954195534412,-239.27546003722492
baseline,-354.67252301852045,-324.1742473870965
baseline,-320.42603688204815,-316.0121218986763
baseline,-615.3497135796323,-511.78629065710777
baseline,-532.3097789507266,-476.70843649405003
baseline,-1686.5334735711506,-1278.3764456684235
baseline,-1238.5397546796974,-1009.3638702025295
baseline,3504.6456245100408,2423.4956695208753
baseline,8546.529435421595,6348.695363797836
baseline,963.5344557493071,608.1136596553781
baseline,1112.1166360701998,753.4626229401127
baseline,596.4081055752852,343.38556917334415
baseline,639.432044392213,395.49911603110894
baseline,451.6213844376394,237.04137548259914
baseline,470.96129287886816,265.82156298706724
baseline,373.6587279136558,178.68021767308144
baseline,388.5808085887279,200.09305390332352
baseline,330.92013109603056,138.32463286436547
baseline,320.96495255550695,151.61502462938986
baseline,310.77577684132655,136.61671862841007
baseline,340.20704649339723,124.15729516447978
baseline,318.9609475561771,123.42308128496686
baseline,346.7040385676237,108.73021406893324
baseline,326.02323264059976,109.3047438204884
baseline,350.437106795351,92.2925637267655
baseline,330.4987629992369,94.18185374589923
baseline,351.0293839364646,75.29871620665931
baseline,332.642115198796,78.4256892425582
baseline,348.7783267325754,58.22167438809719
baseline,332.2256240002619,62.449352813806904
baseline,344.0775985250969,41.42454317765108
baseline,329.4509424094444,46.58818772215948
baseline,338.5878470822768,25.416272602323822
baseline,325.2355832668853,31.298077051210008
baseline,333.58281306558706,9.245363915262603
baseline,320.4847549049762,16.728920176989064
baseline,325.8776790611068,-7.687715540328933
baseline,313.98543755522655,1.2807931444609677
baseline,316.2879849430573,-23.595045906350233
baseline,306.8634278985699,-14.3177676247575
baseline,305.3136210260359,-38.376497872920005
baseline,298.1916593727011,-29.012966760421246
baseline,293.4603188309326,-51.875937381997176
baseline,288.4709400548071,-42.73197140735466
baseline,281.3507648751114,-64.06762051854261
baseline,278.20527519174595,-55.28461618644801
baseline,269.30878489985815,-75.12427857539124
baseline,267.6940110043831,-66.753940786488
baseline,258.86688911814076,-84.42635510862263
baseline,258.176547584991,-76.93198729058717
baseline,249.8159816989161,-92.94292569295392
baseline,249.80650720448006,-85.59541082082016
baseline,241.04137567560744,-101.17887751681893
baseline,241.64175854636747,-93.9949790213925
baseline,232.3758289660145,-108.8575259402435
baseline,233.555478254371,-102.01219635120988
baseline,223.82670859748242,-116.0631470951498
baseline,225.5393247012517,-109.54098301873923
baseline,215.53818761256358,-122.84364688961307
baseline,217.6277554340391,-116.6663280879445
baseline,207.57342319967833,-129.21598572216055
baseline,209.98402324216144,-123.36198299212518
baseline,199.91999075188627,-135.29633857914274
baseline,202.6047474324891,-129.72710435973426
baseline,192.78330449858808,-141.21095139100854
baseline,195.5275222603994,-135.83856493943637
baseline,185.0134123011695,-150.45452013345238
baseline,188.8502695895302,-141.78784487246085
baseline,185.1947389180572,-146.25979047021542
baseline,180.11431531065944,-158.50253605959233
baseline,180.34048103737888,-154.05165787239787
baseline,174.9571488162892,-166.77890677153937
baseline,175.21834119256488,-161.99920983912273
baseline,169.41395232554558,-175.02987190141664
baseline,169.75348910525983,-169.98452604250286
baseline,163.39592915055346,-183.2376172007412
baseline,163.8873893213228,-177.9167170211311
baseline,156.92778948762472,-191.31607332988008
baseline,157.5525575101963,-185.77552229611726
baseline,149.98656870070812,-199.10210166035117
baseline,150.80027518788577,-193.38352774633216
baseline,142.54544157425929,-206.59593368146736
baseline,143.59343442408485,-200.71475778644853
baseline,134.89792701057561,-213.79808162984656
baseline,136.06084243058936,-207.74815306820483
baseline,126.55965996313316,-221.1943773511008
baseline,128.34183559477154,-214.4822125567437
baseline,116.91769198442105,-229.19492792076747
baseline,119.43100921011761,-221.7996045669496
baseline,106.5956468037486,-236.5493821353162
baseline,109.53460315339501,-229.04071533272213
baseline,95.5443042091648,-243.11689239446542
baseline,98.9998640716147,-235.60283510063957
baseline,83.8975854851269,-248.72991084136748
baseline,87.81966904793256,-241.38038119930917
baseline,71.81465148804546,-253.22620984535016
baseline,76.2171605680333,-246.18756765079513
baseline,59.35003417043398,-256.5891290585377
baseline,64.23765124250991,-249.96080605038577
baseline,47.90119034201965,-258.9521730935252
baseline,52.6363870861526,-252.82340737545888
baseline,36.90506163601226,-260.82142732190033
baseline,42.072154559578195,-254.8944400550409
baseline,25.64812920257568,-262.1845483795236
baseline,31.249313433138738,-256.50725856719015
baseline,14.325143226092557,-262.6275207373627
baseline,20.243487442874176,-257.4525902408481
baseline,2.962124924845111,-262.12188933035327
baseline,9.185012898338272,-257.52776579211405
baseline,-8.283372683388576,-260.72861851457196
baseline,-1.8871313756234158,-256.7435564273225
baseline,-19.264842052347834,-258.5252072007719
baseline,-12.748768025495092,-255.17939349661088
baseline,-29.982898129928227,-255.58955661862555
baseline,-23.381260570567537,-252.88392368303928
baseline,-40.30540809160332,-252.41453798484523
baseline,-33.69814930126599,-250.1251040794747
baseline,-53.95477924443332,-253.55688790261945
baseline,-43.66244808075509,-247.12754246827822
baseline,-50.22657333399205,-247.41986095069197
baseline,-65.33022974252212,-259.88964765167333
baseline,-60.7746487733319,-252.241367670147
baseline,-78.23863082525766,-268.18144792336403
baseline,-72.50026379837969,-258.4854104430107
baseline,-92.95792719453858,-278.2712397833823
baseline,-85.77499641711601,-266.3923706161875
baseline,-110.10860721541086,-290.6404924408659
baseline,-100.92870474811102,-275.9498424829183
baseline,-130.24720815597894,-305.59945570560893
baseline,-118.54709451657958,-287.5700059790056
baseline,-154.14570862572785,-323.68861122688304
baseline,-139.07326780910174,-301.5047614971188
baseline,-183.15792770810077,-345.9133036755616
baseline,-163.22773831360965,-318.01674699169035
baseline,-219.78036824336948,-375.41152477962197
baseline,-192.09656425456993,-338.2950519801799
baseline,-275.8865261230785,-425.5461923659431
baseline,-228.11071714405276,-364.8786361535316
baseline,-364.36822692663844,-504.01223935185925
baseline,-277.62158403057293,-400.7098178808909
baseline,-507.7616108045511,-630.3744607476631
baseline,-355.29411362512695,-460.68820682822684
baseline,-774.9564999712943,-862.9062089686645
baseline,-470.416861652723,-547.7167049558567
baseline,-1391.9469984332236,-1388.2254970339427
baseline,-654.3543516272559,-683.3489134520354
baseline,-4133.906904419668,-3686.6162315054903
baseline,-979.6195263432562,-916.4192298137408
baseline,7223.967744391319,5741.892766360349
baseline,-1638.2585246360102,-1369.7339895565447
baseline,2690.6664961194992,1910.3365423644682
baseline,-4481.452835807688,-3370.6774038162425
baseline,1580.5739838132718,1005.5184525182998
baseline,20232.841657302306,13730.33840316041
baseline,1156.0082749795881,655.0759831167127
baseline,3351.225358496459,2041.6005563132285
baseline,975.1828354098096,487.87302636572036
baseline,1999.3564138320544,1083.0125116847396
baseline,892.9041519185188,390.2071633262786
baseline,1583.932574167819,755.2979718189063
baseline,884.1663023545509,332.4505469409709
baseline,1441.4039062034599,597.5695615538192
baseline,924.7091752518717,293.93292689246664
baseline,1435.4275885375584,509.5612179744944
baseline,1030.6022853194008,269.77433551363544
baseline,1576.972611238331,469.9552687316568
baseline,1194.4412844438648,247.28487411309806
baseline,1831.8216433829195,447.51141811509683
baseline,776.7675237387562,115.11860209143099
baseline,2264.9623966231334,434.6270821240413
baseline,1428.3574841082814,221.9961677042507
baseline,437.3290716188063,44.84816753846135
baseline,636.7276133170899,70.57091075443122
baseline,292.38801350313423,16.49792185472075
baseline,391.32809724771965,25.76946362566344
baseline,214.51576394311263,1.8699927507647822
baseline,270.3630294111867,4.972429157961346
baseline,165.74873948078962,-6.822301756295931
baseline,202.0931769648079,-6.391754895463898
baseline,134.0550053149801,-12.454645511855018
baseline,158.4427854670303,-13.278993048724978
baseline,111.32089055277466,-16.39221844201617
baseline,128.9134445526123,-17.854979471897263
baseline,94.84003658168606,-19.33244489798401
baseline,108.15221352815885,-21.14809615613866
baseline,81.42609199900944,-21.599123184272948
baseline,93.11144723611119,-23.51775053255232
baseline,67.38544976688442,-22.635701284534143
baseline,80.75882879365975,-25.337950384872425
baseline,58.03523583533376,-24.013984503155076
baseline,72.73819487595094,-27.609744908260232
baseline,51.088341440632576,-25.484992209217488
baseline,63.38942466311613,-29.13799159101405
baseline,45.811779664066236,-27.110902270262525
baseline,56.54015506088846,-31.009345211256456
baseline,42.225621904669325,-29.315397764288047
baseline,51.426719821851286,-33.17809405356981
baseline,39.69176616866847,-32.08541453955648
baseline,47.69480711309531,-35.92805663420586
baseline,38.08450547876797,-35.667523796262245
baseline,45.36173184242205,-39.54190911044822
baseline,38.19674250046461,-41.513965564244366
baseline,42.4943918317696,-41.7670863416641
baseline,37.21504021160855,-46.098972152205405
baseline,41.351251035693714,-45.94026225451364
baseline,36.49635472631851,-51.359294499817835
baseline,40.48935840930353,-50.71847698486103
baseline,36.17757659793288,-58.019011573976385
baseline,39.904852547352775,-56.83131709132358
baseline,36.231466777954104,-66.53121064431035
baseline,39.91194259565434,-65.0510674738224
baseline,36.8624034317227,-77.99250776619301
baseline,40.36884436682047,-75.61486534120927
baseline,37.750403190379174,-92.91949472085078
baseline,41.232579645627624,-89.4153781773849
baseline,39.03809629011675,-113.19147344877491
baseline,42.65394216265696,-108.00127272709
baseline,40.20922552633164,-140.56841349795133
baseline,44.16670201812404,-131.38200875799632
baseline,33.78365956162377,-151.46958311271501
baseline,45.64934097045557,-163.3593261041736
baseline,40.00630924257048,-172.37261337702847
baseline,22.650340118405047,-138.0263086360696
baseline,27.594301692830772,-157.34578884166174
baseline,13.58428627887773,-127.51358426939859
baseline,17.478834622444126,-145.57496893393204
baseline,5.895277781355461,-120.31395805413916
baseline,8.492896557579273,-135.91665351615976
baseline,-1.0539270824953457,-115.53440531377112
baseline,0.532857491616924,-129.78425423053582
baseline,-7.668179120290186,-113.62111177566523
baseline,-6.886795164148125,-126.29175833881264
baseline,-14.385220312138829,-113.67916547690716
baseline,-14.251418503275243,-125.21546998751764
baseline,-21.595885784952447,-115.93650938648975
baseline,-21.957985024953413,-126.99879574823223
baseline,-29.622210472009407,-119.196693103195
baseline,-30.110846631250055,-130.73770006330943
baseline,-38.29645994008329,-119.81896083202959
baseline,-39.312024680781334,-135.6374966470027
baseline,-49.737965581608364,-126.51803694169514
baseline,-51.710019113956406,-147.15282688988827
baseline,-64.44736271297401,-137.4078042065222
baseline,-67.2288368643196,-158.2470239482363
baseline,-84.31947400493131,-153.7647485219826
baseline,-88.533356297728,-176.53051594989748
baseline,-113.21674964317005,-179.52400854602408
baseline,-118.72706104521993,-204.24014521867417
baseline,-157.3818386208477,-219.56657100092136
baseline,-164.92292834974532,-248.11416482516677
baseline,-232.6935091280866,-288.23506905112185
baseline,-244.05189906441936,-324.87327377670306
baseline,-383.61176464085156,-427.8959289325951
baseline,-363.21790648069265,-434.4042060308872
baseline,-687.0973352438533,-696.2772260049632
baseline,-628.193576256565,-683.0661924516181
baseline,-1982.9712114895558,-1830.2331530769327
baseline,-1590.0085850259334,-1575.5235696328007
baseline,3066.7468678566215,2583.4147268917277
baseline,4606.912266434201,4159.966759384546
baseline,960.6176326577416,739.5523903621854
baseline,1046.2386187513532,862.5506611912871
baseline,600.6704745042628,423.03027508809674
baseline,627.3370263229027,472.71922568230747
baseline,456.5601282981979,294.37075953547424
baseline,468.6960928576837,323.2374642440647
baseline,379.3434865137022,223.8679300842661
baseline,385.91110854581854,243.76255981984443
baseline,333.85483762807365,180.0927725123378
baseline,337.8340396898357,195.4965404164534
baseline,301.94580791668204,149.0698749049589
baseline,307.1476492087776,162.57403830146743
baseline,282.0627935182437,122.40642335049813
baseline,274.8688132941725,133.8243477630001
baseline,269.9929811526246,122.90092223723731
baseline,288.450567846621,110.30163078400318
baseline,276.0075459084743,111.4629294825147
baseline,294.1933606817811,97.60055124524493
baseline,281.4333874068356,99.49578386840707
baseline,298.1693814919772,84.18846103972943
baseline,285.9277680926657,86.91624769815331
baseline,300.3669704311051,70.29854010794944
baseline,288.81746342562417,73.80151446395102
baseline,300.79700124412324,56.258473705596934
baseline,290.20501768562394,60.444410567501016
baseline,299.46696136560405,42.29486124881733
baseline,290.01650595021164,47.06931565591297
baseline,297.38712708873254,28.78927026543256
baseline,288.66648735761885,34.00684341887832
baseline,294.4035386007732,15.736035603591578
baseline,286.70471942668155,21.377411348455936
baseline,290.91891041485803,2.2590727871761853
baseline,283.6891500531559,9.037855570588997
baseline,285.8965904519841,-12.052782806955394
baseline,279.5872398273845,-4.229662145872234
baseline,279.5114269446964,-25.73135625818802
baseline,274.70151524258586,-17.76026912603715
baseline,272.1992668123569,-38.6694200341668
baseline,268.74266952337626,-30.70334729539199
baseline,264.3093581894048,-50.7317968050474
baseline,262.1166408301676,-42.94958726616059
baseline,256.03571118663194,-61.89389645577446
baseline,254.97644595345633,-54.38364782360635
baseline,248.71111826108566,-71.4688951534828
baseline,248.09836446814774,-64.64172120406073
baseline,241.955419027826,-80.12677991791631
baseline,241.9409910466399,-73.4869882254104
baseline,235.20193857558473,-88.45042077204218
baseline,235.6862044079606,-81.89439068414735
baseline,228.4695598441155,-96.60195478107907
baseline,229.4152943779419,-90.14125046581867
baseline,221.66170659566373,-104.34581828711063
baseline,223.0865859303632,-98.11521989859635
baseline,214.88669623150938,-111.73467386376007
baseline,216.68781274607872,-105.73533349251619
baseline,208.24947117573234,-118.77093711350275
baseline,210.3573549881139,-113.03154133213887
baseline,201.7756964460028,-125.46960997959452
baseline,204.15699378126595,-119.98254525318248
baseline,195.6451801424881,-131.95752545362325
baseline,198.08208373797925,-126.63540881615182
baseline,189.63115106891794,-138.2387027937609
baseline,192.27900725494868,-133.09273389254213
baseline,182.29545232651623,-147.31056573082873
baseline,186.5418484177439,-139.3650954654521
baseline,183.10839566939705,-143.74555612529187
baseline,177.14033552484253,-154.66079170582222
baseline,178.00339082777114,-150.93805726392782
baseline,171.6753286350819,-161.95274433572257
baseline,172.63918582529882,-158.06908609016702
baseline,165.92541677502038,-169.37799912560249
baseline,166.99085731072222,-165.2905449129547
baseline,159.78759281715932,-176.74112331669386
baseline,160.97821133167471,-172.45465202415755
baseline,153.2575860705119,-183.97960719642666
baseline,154.58409596161766,-179.54080866274413
baseline,146.36777963932573,-191.00860699405425
baseline,147.83515013631856,-186.44876431919218
baseline,139.0921896767793,-197.72139519024134
baseline,140.7446236580756,-193.08080524873355
baseline,131.66365763466277,-204.11718611424567
baseline,133.39127012075494,-199.41790251107398
baseline,123.96310245904485,-210.22418369564744
baseline,125.90131981732925,-205.4357203619725
baseline,115.456980515825,-216.2607583019822
baseline,118.06911593222776,-211.14458210383577
baseline,105.74525086391502,-222.78684643436603
baseline,109.1026899848512,-217.35357370496106
baseline,95.45155808460389,-228.70460061982672
baseline,99.19053585329252,-223.29267000596823
baseline,84.65289468974544,-233.94111585692374
baseline,88.75338836321016,-228.62455866607905
baseline,73.48603871575858,-238.37311335877442
baseline,77.92386214794809,-233.28002511953255
baseline,62.03128828174333,-241.88567000643275
baseline,66.80989259028561,-237.11659228882618
baseline,51.553619222652465,-244.613367849285
baseline,55.999102600657,-240.02993918714736
baseline,41.47290640826366,-246.61335506310976
baseline,46.198773223018556,-242.29253212825486
baseline,31.2218657336258,-248.07439838401552
baseline,36.27287365257859,-243.95959296414512
baseline,20.730621684658058,-249.08183618180576
baseline,26.108437339970695,-245.20718562880012
baseline,10.153374879282426,-249.33356532464174
baseline,15.786878605359119,-245.87945723614015
baseline,-0.4226434456374124,-248.8818396553477
baseline,5.4013904946106495,-245.85718117209782
baseline,-10.86086510705932,-247.76866743380717
baseline,-4.926056193497743,-245.20925725925989
baseline,-21.08656604688463,-246.01203031117043
baseline,-15.076393899326577,-243.94236531686425
baseline,-30.98896140952237,-243.97293334321157
baseline,-24.98503519671552,-242.19449123908657
baseline,-40.65375268519817,-241.51996580565967
baseline,-34.59535364075282,-240.17023415113096
baseline,-53.290645023749576,-241.41105557182706
baseline,-44.0231031208525,-237.6710602132187
baseline,-50.059639246452214,-237.38413859520884
baseline,-63.244139080000664,-244.4994340609623
baseline,-59.505649813922844,-239.7334409709595
baseline,-74.0614368756525,-248.38110304617888
baseline,-69.61191545563389,-242.55942666164725
baseline,-86.1114391328239,-253.49270747602608
baseline,-80.68349943032007,-246.28711945886238
baseline,-99.5630703914502,-259.55257243876315
baseline,-92.96426469805037,-250.93976213417037
baseline,-114.71639792966971,-266.7377330026944
baseline,-106.64770208447533,-256.41451509211936
baseline,-131.78162994425057,-275.0603253386377
baseline,-121.94488523264206,-262.8506787717223
baseline,-151.05505223593715,-284.44791502882566
baseline,-139.0585302334709,-270.1559092007245
baseline,-173.32225144161913,-296.08229159363947
baseline,-158.13496596515125,-278.45372301505716
baseline,-199.1808890132939,-309.9209068490776
baseline,-180.00237785815935,-288.67213111934103
baseline,-234.65854843475648,-331.3005120373513
baseline,-205.2473611897326,-300.3733527545916
baseline,-283.0098848206923,-359.7821075248018
baseline,-237.21299382592298,-314.501741364832
baseline,-345.4974812720156,-395.3039042635773
baseline,-280.6800901247205,-335.312214717625
baseline,-427.56968275244407,-439.71395201810964
baseline,-334.120532672185,-359.31791997084065
baseline,-535.4827415931163,-494.38812259260317
baseline,-400.1279186820683,-386.93499510475624
baseline,-673.8058718829286,-557.1157244745071
baseline,-479.46450522222875,-416.0223650843599
baseline,-820.0600752586496,-609.6745254147191
baseline,-582.8072320693437,-456.5526575717713
baseline,-1032.4768209581912,-693.6534024677763
baseline,-694.0729339782076,-493.0562036073008
baseline,-1334.442807071633,-804.4489641795222
baseline,-824.4650788881954,-528.9765710228062
baseline,-1777.6190726439838,-954.5331681795496
baseline,-988.9127805928568,-569.3438507633747
baseline,-2312.204954855592,-1096.0271856587176
baseline,-1176.7205536781523,-601.9621473779042
baseline,-2769.0774912019137,-1144.4274776467064
baseline,-1343.0882633699841,-604.2934753360978
baseline,-2927.4402745523166,-1040.191604848026
baseline,-1456.7019234156885,-569.4215856184262
baseline,-2665.2863096386295,-798.8670000771417
baseline,-1470.1368514882538,-491.2332219856567
baseline,-2303.6177751952896,-566.6318228422224
baseline,-1424.201607374084,-399.88882781057816
baseline,-1963.203528135664,-382.61066411734214
baseline,-1344.0813371023974,-308.0380862198238
baseline,-6086.936085274931,-832.9025542502447
baseline,-1217.2294143653412,-217.79918240381824
baseline,-1590.5428790035112,-230.3080821668563
baseline,1847.2511277736787,172.9815217302029
baseline,41855.007795093436,4262.155351658998
baseline,736.2379416768753,35.700200628287746
baseline,1358.6300107168884,78.4253443725286
baseline,440.74568474503076,1.0428029817912414
baseline,653.717880494123,8.311671196230115
baseline,307.56999166463163,-14.054286110603462
baseline,410.10335583690375,-14.443534988179188
baseline,232.00257622820558,-22.27987339040969
baseline,293.4691679589151,-24.96599761628992
baseline,185.11380154890492,-27.406897846560515
baseline,225.00216567051464,-30.865506785294706
baseline,153.1031897182351,-31.01585961483909
baseline,181.29463135172347,-34.76830135726603
baseline,129.29314665645467,-33.68724925555386
baseline,151.64176372280147,-37.42014771371668
baseline,111.53438650164713,-35.59626253130689
baseline,129.3404068713786,-39.35570018659985
baseline,92.9106466840709,-36.20086392101764
baseline,112.49245319058528,-41.128561770877866
baseline,80.62853621899687,-37.758540461675814
baseline,101.79423148627787,-44.026157289475876
baseline,71.83148614055825,-39.78424367758112
baseline,89.36239092889987,-46.00811982423579
baseline,65.38187813219581,-42.4037715352645
baseline,80.55656932885438,-48.61725439913677
baseline,60.9712592585179,-45.86006517276793
baseline,74.15073871590789,-52.00839090072655
baseline,58.133440439814876,-50.4144680861257
baseline,69.84208965606905,-56.58262264032116
baseline,57.93817065846617,-57.79646299818537
baseline,65.05918698627484,-59.33391856040863
baseline,56.512436945727416,-63.367205897380536
baseline,62.9870187520314,-64.57892156565767
baseline,55.564606639103914,-70.55677649582353
baseline,61.85886555604505,-71.3130800722961
baseline,55.01123388148905,-78.9234121074355
baseline,61.12850718850023,-79.09854537329535
baseline,55.33720418699959,-90.0170327381479
baseline,61.16285601795432,-89.72682962632501
baseline,56.50244643313126,-104.83778489772469
baseline,62.17207123979921,-103.63936420283706
baseline,58.59507729857879,-124.59923897214377
baseline,64.09930983656635,-122.05984425415828
baseline,61.77938827995544,-151.95156871467861
baseline,67.3598430114768,-147.56419597516233
baseline,65.80171314235562,-189.97022397346112
baseline,71.31666008906271,-180.27758643165066
baseline,70.7281499306089,-242.30701989279612
baseline,76.56386548763025,-226.7842298474947
baseline,60.62079618477505,-264.9718081084567
baseline,84.53089557116287,-298.3150838181683
baseline,76.38281137248856,-318.19362871884204
baseline,41.46115432834228,-237.7174926324775
baseline,51.92974719214045,-279.8430692541768
baseline,25.502540325870427,-215.88466091736967
baseline,33.356373957348325,-254.01715903682972
baseline,12.522700223639346,-199.53819429762734
baseline,18.317483660020965,-234.73473860794059
baseline,1.3392920004662427,-189.26346469873008
baseline,4.852270052617401,-219.60811519284957
baseline,-9.074823975929027,-183.5417188147074
baseline,-7.14406490571638,-211.11332029948034
baseline,-19.311043598543392,-182.3234372007389
baseline,-18.721477729984922,-207.4192209501978
baseline,-30.207625600097952,-185.2427881771204
baseline,-30.77047766808086,-208.86366634769334
baseline,-42.252428821162376,-190.49870904136392
baseline,-43.465159006528054,-214.52541618510332
baseline,-55.54939372364215,-198.77205813195235
baseline,-57.76957726990917,-222.97928238643004
baseline,-70.87471219693326,-204.22180794587504
baseline,-75.12084932515438,-237.13028125577938
baseline,-93.196658260186,-222.72076451465972
baseline,-101.02470578004494,-267.37162580334314
baseline,-124.76394868415524,-253.38455950277435
baseline,-136.24055337399483,-302.85495554734877
baseline,-173.30571985896924,-304.1792191304577
baseline,-190.66534537514718,-363.66552789423895
baseline,-256.0430023083119,-394.03422284771636
baseline,-284.85089079091443,-473.2736286415614
baseline,-427.46533542289944,-582.8930777609867
baseline,-489.0280957039284,-716.3190882087116
baseline,-960.5409962156727,-1178.441687010129
baseline,-955.1698942551543,-1255.0062652307556
baseline,-6180.050069078283,-6907.18715349218
baseline,-5838.957136861327,-6970.013101386807
baseline,1659.6932634955085,1691.572281318089
baseline,1695.2733865115058,1846.3835419193783
baseline,804.5785368027268,749.0434888049573
baseline,813.6160558436306,809.947469998042
baseline,554.1886498127265,472.2405400082758
baseline,557.4470996789479,507.17619923658
baseline,435.3690444331562,339.883950289289
baseline,436.9365740508283,364.00565253619396
baseline,368.38045651018956,263.83453723783754
baseline,369.095993074882,281.92558699309336
baseline,325.65860018654854,214.14566238173398
baseline,325.7897504789004,228.4293881398375
baseline,297.93551141559936,179.8071787675051
baseline,297.7721436249632,191.89584406890938
baseline,279.0451688383445,154.50249354494176
baseline,278.57688700918527,164.8918006415204
baseline,262.8011142232103,133.6382442799805
baseline,264.2470297729788,143.5077759317332
baseline,253.61744636724663,113.80229270094006
baseline,247.45507445331984,123.94105822820065
baseline,245.2105702642187,115.27654999248352
baseline,258.84067596584845,103.12863747907744
baseline,250.58079505904925,105.10321216088964
baseline,263.4204456523199,92.00930276383804
baseline,255.05914775069505,94.50808314682267
baseline,267.33318808000615,80.3589287740218
baseline,259.02560760583805,83.4518455388759
baseline,270.0783838181252,68.33579234410195
baseline,262.17739628510736,71.95936195127297
baseline,271.67143322534554,56.12382191655532
baseline,264.3017324961164,60.239246962542225
baseline,272.06995514648787,43.88039659160188
baseline,265.39473439496504,48.41694432917958
baseline,271.6640215888276,31.970686177836114
baseline,265.54967083962237,36.76610798859831
baseline,270.5066766606897,20.316910163886433
baseline,265.04764128447187,25.437483617582238
baseline,268.51265826757134,8.870114673634133
baseline,263.7339278983538,14.249201868100675
baseline,265.9158066966087,-2.9751118430087544
baseline,261.68721290725557,3.28220735955281
baseline,262.21311645445496,-15.738503286357655
baseline,258.8488092008914,-8.669880125689305
baseline,257.62983718690225,-28.036949755935655
baseline,255.21122869042833,-20.91611016395091
baseline,252.42798231779156,-39.792391906687925
baseline,250.89645288533166,-32.71112110385599
baseline,246.7335133950644,-50.93452874054876
baseline,246.05263102353183,-44.006436453405925
baseline,241.55469436315482,-60.547228853067615
baseline,241.04001601203265,-54.24415668695044
baseline,236.50157876540513,-69.30833114229324
baseline,236.47836876131294,-63.11304887742151
baseline,231.30230766344053,-77.70997762341894
baseline,231.71800238034254,-71.650870418465
baseline,226.02066279447698,-85.87883023034341
baseline,226.83304749475272,-79.85727996863382
baseline,220.56350418742883,-93.95527567165531
baseline,221.78971974287677,-87.98870992560028
baseline,215.03580234019879,-101.7271281097378
baseline,216.6073638084901,-95.92682672376905
baseline,209.51346053024446,-109.2232394986387
baseline,211.38085929049336,-103.59437618932579
baseline,204.0080489036381,-116.43400028841384
baseline,206.1424393570982,-111.00475544116613
baseline,198.7497896384245,-123.36017596648327
baseline,200.9428986458565,-118.103376382722
baseline,193.49322593370053,-130.05891587024107
baseline,195.8945670755241,-124.94757202684579
baseline,188.2654346625509,-136.60185872140963
baseline,190.84905924852185,-131.623043028101
baseline,181.24257232629898,-145.5799147520736
baseline,185.80113172726686,-138.14213588164984
baseline,182.5264297612048,-142.46743357377574
baseline,175.8911598291179,-152.44112515914506
baseline,177.2406299103991,-149.23764871716696
baseline,170.30098486116893,-159.21793230292448
baseline,171.71696689909393,-155.92021827910028
baseline,164.39919011472693,-165.8832245007294
baseline,165.9516114950421,-162.4923290647944
baseline,158.16057270021494,-172.64752887853732
baseline,159.8697101173788,-169.10961925240727
baseline,151.5976684031227,-179.27555733145348
baseline,153.4201789434122,-175.63591592276288
baseline,144.7298409952554,-185.72244485331842
baseline,146.68157068293934,-182.00520950340206
baseline,137.55202451659943,-191.93576575291502
baseline,139.64542845878677,-188.16219165008346
baseline,130.2755478952722,-197.7742066778634
baseline,132.40679684496916,-194.0161920828483
baseline,122.7785111596801,-203.33358773756459
baseline,125.08084181605767,-199.52950094416843
baseline,114.98743299453396,-208.59856835373927
baseline,117.47010608252081,-204.78036190999725
baseline,106.41732415212151,-213.65635447208433
baseline,109.58827889296556,-209.71609855134275
baseline,96.64246157182282,-219.1262940818788
baseline,100.58460591386893,-215.10194564482393
baseline,86.45775797859926,-224.04146015425908
baseline,90.66974214308529,-220.11344330978005
baseline,75.94250993525539,-228.36459064380477
baseline,80.41961010933369,-224.58004052987727
baseline,65.15927889993124,-232.0020570701206
baseline,69.89010478844158,-228.45326719539167
baseline,55.367782463909364,-234.92524128959667
baseline,59.627201501139226,-231.41237026152
baseline,45.89973492552555,-237.09866953532665
baseline,50.38011421876652,-233.78381851961413
baseline,36.32222086918692,-238.7614417143426
baseline,41.00355887375554,-235.67051360317876
baseline,26.604897407963623,-239.9578733058625
baseline,31.548607100231656,-237.06890625474654
baseline,16.608964189054262,-240.6959453762303
baseline,21.838228260984568,-238.06237970954237
baseline,6.583164031957663,-240.8570733622273
baseline,11.976455570040734,-238.54690620609787
baseline,-3.4038903920297328,-240.4792344576863
baseline,2.1197920299463755,-238.50573395729754
baseline,-13.281873187045923,-239.56056159612143
baseline,-7.677628497580081,-237.96095148175382
baseline,-22.83350280156631,-238.31278210649666
baseline,-17.273422511425682,-236.9438766433777
baseline,-32.20718832688429,-236.65012976110495
baseline,-26.58183376626121,-235.62060568843432
baseline,-41.4362039219108,-234.5655715754306
baseline,-35.77556359939186,-233.8691467775735
baseline,-53.3624580730721,-233.61286113962842
baseline,-44.81884059758336,-231.72385145642838
baseline,-50.486017597538584,-231.04438946004797
baseline,-62.39678510523359,-234.77874118221578
baseline,-59.15258222117494,-231.7240909247136
baseline,-71.9483263505156,-236.25140964931543
baseline,-68.26968565687523,-232.66454468546445
baseline,-82.18176912024715,-238.17058664428626
baseline,-77.89588060365716,-233.85637138197012
baseline,-93.45102425044693,-240.77380708556188
baseline,-88.33968834679708,-235.56351994606743
baseline,-105.73087113078923,-243.83325837188622
baseline,-99.71656782806299,-237.70255141888921
baseline,-119.15537284700737,-247.38846410746274
baseline,-112.0445791052858,-240.21924343186518
baseline,-133.82261756696252,-251.31847672018114
baseline,-125.45593522982122,-243.09910543745812
baseline,-149.7647556629926,-255.87753319153083
baseline,-139.90121996722306,-246.29278950391853
baseline,-167.38206341396233,-261.1344313378087
baseline,-155.53553992902138,-250.02784987062563
baseline,-187.00147943456255,-266.86779605041835
baseline,-172.77716212891875,-254.09084143773947
baseline,-211.81636811704482,-275.3743398039464
baseline,-191.7804743292121,-258.3554534644448
baseline,-242.80011599077434,-284.99151618112427
baseline,-214.64160308078593,-262.66161059995875
baseline,-278.6890044067862,-295.0487535764154
baseline,-242.86619624729863,-268.43527019556933
baseline,-319.73075409355346,-304.9469053858217
baseline,-274.53795360627726,-273.8343444888752
baseline,-365.26979864645284,-313.2524371818018
baseline,-309.431924878084,-278.03688547596266
baseline,-407.0786805388009,-315.706117532049
baseline,-348.22496884017966,-283.2932356151332
baseline,-454.6897128815923,-320.242340146781
baseline,-384.8604947097847,-285.2365912411085
baseline,-503.34754691053143,-320.6610525762543
baseline,-422.9659870482338,-284.5095122418947
baseline,-554.8902872883962,-317.3945460445958
baseline,-460.3845689481493,-279.7982060373065
baseline,-606.7267616679965,-309.1182923309038
baseline,-499.01650256176674,-271.98240699482085
baseline,-648.5356116892073,-291.3206517434235
baseline,-534.0747200140338,-258.45198979473645
baseline,-677.0085832829682,-264.98743840859294
baseline,-561.7394560924988,-238.97469246748895
baseline,-688.0296450623244,-231.23188864449887
baseline,-579.1907982269084,-213.8079594827491
baseline,-685.7123648732323,-194.08982896290678
baseline,-587.7920900236595,-185.6596423741242
baseline,-676.3835611973221,-157.29829024914144
baseline,-589.699879690793,-156.25557261521487
baseline,-652.9565189231354,-119.73866570363278
baseline,-580.8712171751419,-125.09529392933081
baseline,-790.3704629773563,-99.90291663380458
baseline,-562.515419125033,-93.90183181769325
baseline,-612.290860310998,-82.58467201061185
baseline,-1366.1251947223552,-115.44354698851036
baseline,-877.8219755092462,-81.86410133906317
baseline,-6308.799099405769,-261.88883292168504
baseline,-1648.886183325749,-83.37814357400086
baseline,1999.6512146198388,-6.829360113245916
baseline,-27902.441687109924,-189.1289610793977
baseline,820.6007355471156,-40.83781588574674
baseline,1671.2966975833665,-64.54358804165078
baseline,503.02292622578807,-49.40042755943144
baseline,767.1770701143179,-66.36157947147233
baseline,357.07559679259805,-53.11068770845434
baseline,488.2915961835851,-66.54548965983732
baseline,276.499456414376,-55.54016681277894
baseline,353.3966804428848,-66.58855017676424
baseline,223.10575458026318,-57.13902305554244
baseline,276.8593347465492,-66.82938420396857
baseline,186.63257554784565,-58.1955086891638
baseline,225.67478714799773,-66.85534551725746
baseline,160.66870271628534,-59.63204275955808
baseline,190.72514807214955,-67.5812503693796
baseline,133.93089676064946,-59.100730734149906
baseline,165.56117430138926,-68.81174404559813
baseline,117.13484082071466,-60.99973522022583
baseline,150.13711237123803,-72.78767204045941
baseline,105.15842920068845,-63.92464802607664
baseline,132.6653765441674,-75.25180506577811
baseline,96.70407386461547,-68.07079840880634
baseline,120.47929740222632,-79.1411806403408
baseline,91.10642796093639,-73.62048366500423
baseline,111.92937796966842,-84.55194343435649
baseline,90.27233060322924,-83.24031975326201
baseline,103.03272785593707,-87.64648196304427
baseline,87.82119083351363,-90.65041106859599
baseline,99.33889510171882,-94.64230928614786
baseline,86.75772798619269,-100.25143791832807
baseline,97.39030795706701,-103.74956412518516
baseline,86.45644231854429,-112.34835887910714
baseline,96.88275644230751,-115.41177083736262
baseline,87.28260987018747,-127.59133663406986
baseline,97.61327089527077,-130.24928055688693
baseline,89.91889019694932,-148.5276635739703
baseline,99.92764993733074,-150.26553871781596
baseline,94.52378437301417,-177.26086575248874
baseline,104.39942667882657,-177.45739951232193
baseline,101.94986635263503,-218.00003630607333
baseline,111.81967281576381,-216.0594385726605
baseline,112.86147312745257,-278.04583164114405
baseline,122.19285290854937,-268.9910995801621
baseline,128.23111161649226,-366.6278188161444
baseline,137.72930117609653,-348.7641232009192
baseline,155.76926025920417,-524.3487287890039
baseline,164.6972079284097,-485.26062514806915
baseline,140.709746084544,-600.2655162766642
baseline,220.98979005973047,-769.5369383446226
baseline,212.31428406760776,-858.9791165161661
baseline,90.36604379526092,-496.8936575487614
baseline,129.2209585405839,-663.7756616800374
baseline,56.256324761850586,-434.3635016758883
baseline,79.23558213481128,-556.0921979137564
baseline,29.41644597208408,-387.9835133683046
baseline,44.508178115822155,-491.5831629266437
baseline,7.9575368184250515,-356.98923546577447
baseline,17.26579384797866,-448.27590906713806
baseline,-10.843596109509118,-339.2538000545066
baseline,-6.364497289098325,-418.26984940288014
baseline,-28.80478775069781,-332.2108551702795
baseline,-27.976649921597552,-404.16195701678305
baseline,-47.43189065905897,-335.5614150500182
baseline,-49.82958239922999,-402.9344075156039
baseline,-68.19381081650305,-346.0527466468202
baseline,-73.28858280464371,-413.2975120601661
baseline,-91.786998808799,-364.1514060250887
baseline,-100.24080967601054,-433.37483166690754
baseline,-122.07841945226254,-396.0684485031699
baseline,-134.8512831770785,-471.19794684317014
baseline,-158.62811949573194,-425.62745681100716
baseline,-182.6567899904471,-533.9131081739229
baseline,-224.9410706973414,-508.788654390932
baseline,-275.01574882350803,-682.2176172774882
baseline,-345.76166096997105,-671.9551756657542
baseline,-443.71008360454374,-938.051418751045
baseline,-631.3513146701887,-1070.2677221213862
baseline,-918.7005924737524,-1684.1343339903353
baseline,-2078.9182182313966,-3113.215509821437
baseline,-10067.232052377143,-16212.450067823602
baseline,2147.5772431139276,2890.9718988141717
baseline,1712.5175780655659,2465.567330366217
baseline,903.1852856352734,1106.5267054697465
baseline,831.298349993327,1086.4778730803484
baseline,599.7524188954367,671.4649942724102
baseline,573.3012647011767,683.3467093231562
baseline,464.4645828902934,475.7870275988012
baseline,450.627055630654,491.6280170134599
baseline,389.1343579861403,365.18134812389866
baseline,380.5996005994149,380.43146995167433
baseline,340.55525605310856,293.198625344945
baseline,334.9059745598404,306.90623902986323
baseline,307.71307010468854,243.37961229328465
baseline,303.6650271639612,255.5413152739553
baseline,284.43589748744154,206.92054343473623
baseline,281.2839066529744,217.62184046214858
baseline,268.10471220601926,179.57231814772337
baseline,265.4669698669952,189.1428910759537
baseline,256.4921932132873,158.18205596576433
baseline,254.14730775064072,166.86950863767538
baseline,247.56898627613296,140.45467181876188
baseline,245.41283679216193,148.40359689196953
baseline,239.03594495469386,124.93770044541871
baseline,238.71438109083735,132.82295714482646
baseline,240.23591639161762,99.28443566273995
baseline,244.31644540314403,89.24243808856355
baseline,238.3517232898017,92.0001670942632
baseline,247.83552433592777,78.86933420363846
baseline,241.94746120285313,82.07550573676565
baseline,250.79670016931223,68.0469375832533
baseline,245.08643794266942,71.74212271258376
baseline,252.91469364067794,57.03647198535425
baseline,247.5746436139933,61.08595120541923
baseline,254.18927849940434,45.938505820699575
baseline,249.27966266093634,50.30431799703257
baseline,254.72056518843786,35.10579398897467
baseline,250.2231343554503,39.62836616925783
baseline,254.6294833942717,24.43090015211733
baseline,250.55281030095819,29.218128532787627
baseline,253.851798364029,13.852328707385414
baseline,250.2653130539959,18.844592724118574
baseline,252.44442796105398,3.442261307002874
baseline,249.36348055634025,8.590270006693592
baseline,250.39416443938333,-7.3481427113733195
baseline,247.93651746076478,-1.4726607032000973
baseline,247.59008598648458,-19.095578209666503
baseline,245.94589360539325,-12.556826762682839
baseline,244.16347274869386,-30.487123155838837
baseline,243.19461634612705,-23.954502433382192
baseline,240.2368294054821,-41.47315882526226
baseline,239.9042820700262,-35.0103538531417
baseline,236.62989809417354,-51.03850188236429
baseline,236.20197927432756,-45.13691986421707
baseline,232.85230451348943,-59.81182781015598
baseline,232.81599781717452,-53.94866824157548
baseline,228.85306046206455,-68.31325025560373
baseline,229.20023636250102,-62.53518343016991
baseline,224.69930141675528,-76.53417013997826
baseline,225.3945706339659,-70.866958930013
baseline,220.3787883883003,-84.58235872600318
baseline,221.43112256334157,-78.9379755791044
baseline,215.87220823176213,-92.62373151774186
baseline,217.30193575808278,-87.0111433605052
baseline,211.27059514917747,-100.42790546466084
baseline,212.98905861291004,-94.95521515410424
baseline,206.6086445145082,-108.00407058648712
baseline,208.57835984043257,-102.67567606467689
baseline,202.12369700030166,-115.28438814353194
baseline,204.08970931679653,-110.07873217093264
baseline,197.53671702030414,-122.3337636840401
baseline,199.71308866245965,-117.2168726530962
baseline,170.24085447146376,-157.85706761736827
baseline,164.2857550442359,-164.1528802430412
baseline,166.12303157661538,-161.2118074838914
baseline,158.00318031659805,-170.26700841964842
baseline,160.0388401727458,-167.31094375318162
baseline,151.395871493822,-176.46101712855722
baseline,153.64391311631496,-173.4447174520221
baseline,144.5301076672753,-182.49097252124844
baseline,146.87712424256048,-179.42081076847145
baseline,137.39910303965328,-188.3043305529125
baseline,139.8559995787429,-185.20724425902281
baseline,130.2334439450304,-193.76865263790063
baseline,132.662194454058,-190.6802914944585
baseline,122.86947620189858,-198.94421268409124
baseline,125.4370336013591,-195.8339657238688
baseline,115.25708836880851,-203.8711239083028
baseline,117.96779840330287,-200.75456683089598
baseline,107.40808850722766,-208.49644712481808
baseline,110.26630847460551,-205.40764487063043
baseline,98.78801615331398,-212.7837059101635
baseline,102.36609737579153,-209.76129519806838
baseline,89.02797231074355,-217.48744585343863
baseline,93.37540141765146,-214.56330125480557
baseline,78.97483565241319,-221.6924275542198
baseline,83.52001530939073,-218.90765989946757
baseline,68.67647203600427,-225.3537126957875
baseline,73.40770880966281,-222.74215591931863
baseline,59.38266718132612,-228.43156980971378
baseline,63.5241775135211,-225.67319364771362
baseline,50.35284698921248,-230.72481382948095
baseline,54.67483393849121,-228.10463186608976
baseline,41.20732171477225,-232.58719298855257
baseline,45.693153135957566,-230.1522989380238
baseline,31.98896227567974,-234.00609806655677
baseline,36.61871203982418,-231.77541768031307
baseline,22.645682363196155,-234.98858010914756
baseline,27.50271305036673,-232.9826022193801
baseline,13.02909924351706,-235.58494874961875
baseline,18.134134884057108,-233.84789129186075
baseline,3.40815285262734,-235.70935750987894
baseline,8.62391989670105,-234.25023675668177
baseline,-6.168538398416698,-235.37387708635944
baseline,-0.871415208117125,-234.19947650021604
baseline,-15.44582094607978,-234.73926232323493
baseline,-10.205141562410759,-233.67595143820085
baseline,-24.586086084235145,-233.6708390910302
baseline,-19.26739192585831,-232.87077580664925
baseline,-71.0785795026227,-228.62356350100887
baseline,-80.21070213092217,-228.74407568617514
baseline,-76.64348970718788,-226.1312094590541
baseline,-89.86999886161897,-229.06110684015306
baseline,-85.78082712242549,-225.99937397556334
baseline,-100.37827293844771,-229.73214942611943
baseline,-95.60270851503863,-226.13132990206913
baseline,-111.59285518116762,-230.5723399215516
baseline,-106.12372750058836,-226.38915962408785
baseline,-123.58224813662366,-231.53846361431593
baseline,-117.30816984483081,-226.73842433819684
baseline,-136.1491718696131,-232.63654619302181
baseline,-129.05805175714178,-227.14906461461132
baseline,-149.56931708572247,-233.91479936520088
baseline,-141.32947922496692,-227.66410961249966
baseline,-164.0111686159193,-235.15316857293448
baseline,-154.51200475219014,-228.18887335530383
baseline,-179.53810953303477,-236.26511466270753
baseline,-168.58684609983064,-228.55844989067634
baseline,-198.1501042825919,-238.28433160302748
baseline,-183.5716808826103,-228.7273279922236
baseline,-220.22902099853306,-239.63080993534027
baseline,-201.02226260005014,-228.0624389187879
baseline,-244.1355456310389,-240.1295279864903
baseline,-221.35664883374952,-227.31034424524543
baseline,-269.56967289293766,-239.25482178727785
baseline,-242.88948537082146,-225.44476585027687
baseline,-292.24190083022523,-235.647833560518
baseline,-265.32012615970206,-223.645195294249
baseline,-315.8687593644193,-232.3369602841962
baseline,-285.5852988493574,-220.1740778754457
baseline,-339.3268514016719,-226.84434330181125
baseline,-306.06568005829416,-215.05839817087974
baseline,-361.9983045258893,-218.9964729403067
baseline,-326.09356737800704,-208.05252439150132
baseline,-384.3745279721332,-208.92208298911154
baseline,-345.11917424270735,-199.03581512702613
baseline,-404.60190420446986,-195.6787741432792
baseline,-362.8029577320014,-187.56332759499625
baseline,-420.718624334434,-179.32917885747042
baseline,-378.63453990296847,-173.67491048742005
baseline,-431.8922903628026,-160.25373299471
baseline,-390.868190680955,-157.41855088827302
baseline,-437.7524267924521,-139.4570899219868
baseline,-400.1950494891095,-139.97483579685525
baseline,-440.9873773033435,-118.4722504761419
baseline,-406.0232618044753,-121.5861716819515
baseline,-788.1315186095904,-26.90140027513362
baseline,-1237.8318108095918,10.633203799507712
baseline,-839.5954577521853,-1.050117596349544
baseline,-3580.6740900642408,190.97968006711162
baseline,-1358.3462231783851,57.3775799268217
baseline,3525.448472112055,-352.8282242190591
baseline,-4073.058183506759,357.5324015257357
baseline,1144.5471294382974,-170.07400842247438
baseline,3357.263954004895,-455.81618313950935
baseline,673.7475158378842,-134.29839362817344
baseline,1156.8792937195028,-215.08793840611503
baseline,476.90994643986454,-120.11751052779334
baseline,691.553472611762,-163.6713326876956
baseline,367.56586460133883,-112.22202556464465
baseline,494.3762325319281,-142.87471612685434
baseline,298.7943204336295,-108.05630649841693
baseline,384.0555131426316,-132.18217265269044
baseline,253.45150891623496,-106.72223491745332
baseline,314.32789215213575,-126.60747146022486
baseline,207.90578586254423,-102.1388112313784
baseline,268.7161156030981,-124.7268534069318
baseline,181.81512616593244,-104.03018344064547
baseline,244.4016998538312,-130.6261284738412
baseline,164.04818721812515,-108.28022327776351
baseline,215.59951708800943,-133.22897810996022
baseline,152.06864844802203,-115.02985970390087
baseline,196.3690611497427,-139.1832292564325
baseline,150.90589046179184,-129.49073660447166
baseline,176.7973908322063,-141.01856586530212
baseline,146.10542606365112,-139.8518036802089
baseline,169.7610905966259,-150.91237014675673
baseline,143.91568221539987,-153.43950069086486
baseline,165.76906961468404,-164.16971916009362
baseline,144.83832426524964,-171.98025042259513
baseline,165.26670480151842,-182.32658100131553
baseline,147.22607929385154,-195.65298262442658
baseline,168.08573413296182,-206.23922855285534
baseline,153.97361998367788,-229.50199845714008
baseline,175.69317556805714,-240.61933214230947
baseline,165.98537450771468,-278.2418448932153
baseline,188.32241059864256,-289.46763808781765
baseline,186.19490809945287,-352.7730097067082
baseline,210.16859532807572,-363.754764482746
baseline,221.78037156650564,-477.27174060346357
baseline,242.25035182681566,-473.0252046106437
baseline,281.38061224729114,-691.3225368655226
baseline,303.13091730089974,-671.1307791368108
baseline,235.90704102034897,-1703.945707553152
baseline,113.45279698662429,-1287.1833896211288
baseline,266.4720484060354,-2604.5412334630337
baseline,38.06568145910437,-1041.7937553636202
baseline,98.21099384036812,-1869.7287111786306
baseline,-14.414495768899982,-921.4057424992131
baseline,3.1631835162095068,-1562.77174504836
baseline,-59.23172659553186,-869.1825384682782
baseline,-69.46523466931033,-1387.9474592488025
baseline,-105.04648199778478,-867.2849810398976
baseline,-137.64647954702693,-1342.7389339639858
baseline,-159.9061208589282,-917.9953574079308
baseline,-213.36803503418932,-1383.195469546323
baseline,-228.49362990539473,-1007.70134664295
baseline,-319.0217052595044,-1551.3748344451556
baseline,-334.30795368348964,-1192.9513024429064
baseline,-499.7457223723694,-1935.119887507871
baseline,-532.5800044116223,-1590.9706598389064
baseline,-923.0299590779281,-2959.918663095666
baseline,-895.9272081397143,-2257.5641789472083
baseline,-3291.622256044846,-8990.053079600255
baseline,-5080.868683619437,-10927.80161837519
baseline,1743.3170701697697,4089.0583885427745
baseline,1661.3354577434989,3102.432782091804
baseline,825.541730710949,1668.7242095902218
baseline,770.1104149833682,1264.9689786445088
baseline,562.234857730307,993.9446173228274
baseline,516.7269555492894,761.6464861146925
baseline,464.1607924543905,731.2125001797841
baseline,425.54983091402187,570.2200045842371
baseline,394.51771645278046,563.605984816299
baseline,367.9228823732031,450.22064417960445
baseline,347.8447878635616,452.67287810911444
baseline,328.34765495738696,368.25891966541406
baseline,314.5672604933627,374.43861860288797
baseline,300.6129940341323,309.3527015756434
baseline,290.46772961083946,317.43363283268917
baseline,279.7450788533897,264.3440462440303
baseline,272.0581702203451,273.10481995629056
baseline,264.0045775524635,229.46199548441209
baseline,257.955829205806,237.99518640580814
baseline,251.92709674348578,201.65576106170187
baseline,247.02208750161898,209.78630813361283
baseline,243.01102893654812,179.49915851021944
baseline,239.0097719088369,187.24314799652464
baseline,236.64393803002244,161.3984982492237
baseline,233.0792793071542,168.7125309453261
baseline,242.24211829729563,48.319280500833244
baseline,239.9316037625331,42.58778089015529
baseline,243.33995829822433,38.26225188369663
baseline,240.77568613539205,32.86534345365044
baseline,243.86238731851128,28.32438603426135
baseline,241.13840731102633,23.110572175551628
baseline,243.87007691336535,18.373103491638314
baseline,241.00486059902713,13.38447960278959
baseline,243.3541937303386,8.510248280437816
baseline,240.40749651309878,3.7843213075046775
baseline,242.383188940023,-1.169607682663871
baseline,239.38955644849773,-5.6487105939756015
baseline,240.7257005922624,-11.238922638026235
baseline,237.97343510287467,-16.1522551845988
baseline,238.5577791144958,-22.316420108762006
baseline,235.81432138125606,-26.989632037866965
baseline,235.88335305949252,-33.11734226603794
baseline,233.10818962975185,-36.99121742491873
baseline,233.43242981158826,-42.565026795443515
baseline,230.6395720144414,-45.69707323314565
baseline,230.62689815486067,-51.25435604759097
baseline,227.90574721143858,-54.26158551478372
baseline,227.56352130909954,-59.797294150483985
baseline,224.95878428908387,-62.66339097070468
baseline,224.31093649124796,-68.13276144913308
baseline,221.81438140983983,-70.85280018507338
baseline,220.91794992780885,-76.22612210844046
baseline,218.55242669277555,-78.82868736192411
baseline,217.31343449602232,-84.20953878014485
baseline,138.31820576844584,-186.3240791955646
baseline,133.88317835654829,-188.9399013271313
baseline,131.2099431581283,-191.51230091552821
baseline,126.73372434709276,-193.81735555742682
baseline,123.94013026358296,-196.38085006609245
baseline,119.35951323897574,-198.5037928534596
baseline,116.42916164260976,-201.05343780989818
baseline,111.76163226449633,-202.95168056196545
baseline,108.71515630341656,-205.47385857135242
baseline,104.00487206186878,-207.12706942372662
baseline,100.86439089286316,-209.58986362877476
baseline,96.11445626371311,-211.0049152888942
baseline,92.24357068073589,-213.3063967141101
baseline,87.11391088505809,-215.3333643331772
baseline,82.49574085303786,-217.4325799291757
baseline,77.28569780403842,-219.1556439032462
baseline,72.5270085531007,-221.1018863327845
baseline,67.670210852933,-222.08976044100334
baseline,63.59329214437357,-224.26217608096817
baseline,59.13556166829703,-224.57354964115805
baseline,54.912431180918475,-226.6206845549131
baseline,50.44844941910633,-226.72702032315894
baseline,46.07154122628384,-228.62968930240277
baseline,41.64191228812289,-228.52436134982548
baseline,37.147480297247036,-230.26004788782927
baseline,32.796089951065845,-229.94866728078628
baseline,28.22552308282572,-231.51926972836094
baseline,23.95218799641207,-231.014940963266
baseline,19.158957095382398,-232.35922644179726
baseline,-117.30229595750687,-219.29281021034006
baseline,-122.38989382160025,-215.33993146555
baseline,-127.81880237307081,-218.42605448358847
baseline,-132.62131459902386,-214.02803335567333
baseline,-138.75291011454487,-217.499361037982
baseline,-143.39617295421266,-212.61057016581734
baseline,-150.34456594769367,-216.4720081384881
baseline,-154.72259821060666,-210.99370310164554
baseline,-162.52210247420788,-215.19441320521832
baseline,-166.51647828291604,-209.09831999551858
baseline,-175.253618083481,-213.6513372125444
baseline,-178.76931301450585,-206.88488926035245
baseline,-189.83731407133894,-212.04575594934113
baseline,-192.81015300540105,-203.5608864365474
baseline,-206.69992873998953,-209.29622709747215
baseline,-208.45857297870904,-199.511154952476
baseline,-224.1954043851732,-205.49259737939647
baseline,-224.05005811161368,-195.2344470640151
baseline,-239.6343338936679,-200.39552892611735
baseline,-237.80833087148613,-190.1966591648256
baseline,-254.9013139726147,-195.1893889282427
baseline,-251.65693335764126,-184.19236638542057
baseline,-270.19817683157595,-188.81762969717224
baseline,-265.29573542519336,-177.0481864720746
baseline,-284.90480696936646,-181.0262095184392
baseline,-278.2597005564975,-168.68729840765573
baseline,-298.78147286301623,-171.86265216089004
baseline,-290.44004563099935,-159.22070289101373
baseline,-312.0895750878188,-161.3627638464136
baseline,-10025.147415436804,1979.6399814362728
baseline,-6505.421599279166,1512.8671478852832
baseline,3006.2521606486894,-744.161706668826
baseline,3972.0347577341468,-1122.6333479803957
baseline,1277.1277518420468,-381.91876034896336
baseline,1503.9297110299674,-504.3313603724583
baseline,814.9427206814418,-287.56979164468663
baseline,936.9369989506597,-366.4459812130075
baseline,603.8995035873796,-247.55002829076867
baseline,688.2156142620119,-309.4012028627712
baseline,483.5995468986834,-227.3545640122483
baseline,550.4361826537321,-281.329747648309
baseline,377.4560147432966,-203.7982572706216
baseline,491.1392644883856,-286.31821826245954
baseline,325.44988940485683,-202.34957064208106
baseline,425.07410089509096,-283.6591333951592
baseline,293.5963789196329,-208.65274932733197
baseline,366.17109104268724,-274.6763254340333
baseline,290.1521520795147,-232.76002506800972
baseline,347.25654279935236,-289.58184153867745
baseline,279.3136105003849,-249.16964992156366
baseline,338.52119802010964,-313.26993770619373
baseline,275.4906904838953,-272.8126868087825
baseline,340.4003195352878,-349.43108274038855
baseline,279.74090009235556,-307.4668189995895
baseline,352.68223024461605,-401.2474426269921
baseline,292.6086432843978,-356.8766225319523
baseline,380.16313029388215,-479.436340575916
baseline,314.06184762523804,-426.52964158117345
baseline,425.3943491252271,4169.48246071291
baseline,232.63014591526635,1750.525320207948
baseline,541.3496114318478,3547.439823015368
baseline,290.3125388677937,1592.7397605212404
baseline,576.8389513481471,2840.4980117365185
baseline,322.1326136888734,1385.588765359313
baseline,549.6064662860755,2160.365209250078
baseline,332.42465623467825,1171.2895052879092
baseline,496.42966238888425,1618.7205905078179
baseline,328.5612120833538,978.2711016428053
baseline,445.06375788226205,1236.3067826475094
baseline,317.96013292702435,817.5740796176198
baseline,421.2229600966628,1003.6304240077488
baseline,293.6696419894456,654.7820748921348
baseline,370.98468329679645,762.778312172937
baseline,279.74563227072633,542.6927739209906
baseline,331.76227979675673,597.3165942683834
baseline,272.36267418176703,469.0849321453337
baseline,298.2084697014692,480.7988716662366
baseline,260.9956701141291,406.9218262363839
baseline,280.7501676377375,410.8671861258929
baseline,251.15186010847967,356.29412269472687
baseline,266.52492807595775,355.71875126389625
baseline,242.555855223203,314.41956979355285
baseline,254.64370072723344,311.2071398698393
baseline,235.3765893264334,279.93529879512585
baseline,245.10077691187482,275.260339656879
baseline,229.47286979295907,251.1966884604642
baseline,237.52041970876206,245.4468470467378
work,-0.2907895981432577,0.91799228992221
work,-0.8028852805044049,-0.05784715132307605
work,0.5962357086434754,0.3934744039608061
work,0.7805071030223124,-0.5607669455510461
work,-0.22755533197563552,-0.7654923658578042
work,0.3418565750385499,-1.0010862561395382
work,0.8648899208589008,0.006605098292036244
work,-0.7070416925377747,-0.2004364987667592
work,-0.15202138654030378,0.8949850285905008
work,-0.5652252788531013,-0.4479059099386048
work,-0.31179583593242644,0.9681102273654947
work,0.5875751523166743,0.3675028544329701
work,-0.7292864741175232,0.5000749509400473
work,0.6108419739748983,0.40050319691893005
work,0.7342066672403974,-0.5332012924996842
work,0.2648334061888259,0.7104119686099734
work,0.7496955581927489,-0.5346598932791439
work,-0.22214585552529162,-0.7568035551040156
work,-0.8445163709793514,-0.05457354676222773
work,-0.20666596383942296,-0.7275582363183828
work,1.4364460865756288,-0.15788673029711855
work,0.909397704341674,0.013298311071090302
work,-0.4788609646341627,-0.522100490829848
work,1.152364999214867,-2.70915023582941
work,0.9407682761415043,-1.7541960528420943
work,1.2432105982553894,-1.019114490359679
work,0.7377675329093272,-2.1070799194344643
work,0.6982365194455553,-0.3282583471904397
work,-0.5535894763730493,-0.43104610803165005
work,0.1864007008124194,0.16788382188053494
work,0.615641659535662,-0.29880913168174544
work,-0.587767469047806,-0.4487412445048668
work,0.601925073631388,0.37420487422105264
work,-0.6912245533682186,0.4661199627399313
work,0.6199947524579933,0.4082962868019888
work,0.6843306247283137,-0.5055792858266549
work,-0.6953280461742106,0.4837687256502551
work,0.7049833436878274,-0.5086537147520355
work,0.2513354184548322,0.7073506401773962
work,0.7169714910384943,-0.5051451217317451
work,-0.21864980115006197,-0.7431216698572409
work,0.253778219634903,0.6728121304833532
work,-0.20056665351652272,-0.7192597391258209
work,-0.883671639247,-0.04933814253609599
work,-0.18054586547575174,-0.6880436928811429
work,2.1077591740752872,-0.5029207304596179
work,0.9708897728487279,0.010276300672086045
work,-0.06376109875983443,-1.0394948397978827
work,2.5728782650537196,-1.6443543831805059
work,1.0149269737572801,-1.4458274266302849
work,1.6820471943810518,-2.5161275661967393
work,0.3351071673450241,-1.1049987503493761
work,0.6603072538835765,-0.2692797552317835
work,1.5824039754739012,-2.92152982017191
work,0.7779369757530573,-0.7270127857490338
work,1.3199315908848188,-3.197526747157564
work,0.680701095097851,-1.0645884133584451
work,-0.02922372228391423,-0.6376253381731035
work,0.4594691069390707,-1.2657314959436787
work,1.2172408075892562,-1.9372908523056456
work,-0.593990600114262,-0.44654372779166146
work,0.6022780130657216,0.34907225952592474
work,-0.6151597616257932,-0.4673982633490956
work,0.6210990134686379,0.3921616784746195
work,-0.6607677703462296,0.4497410011181842
work,0.6393432690957493,0.4233918757567848
work,0.6459156692524164,-0.4858524611344457
work,-0.20623860639092093,0.11502372216230765
work,0.6729661794171525,-0.9979667701359265
work,0.7059573803652532,-0.5305740197613
work,1.1726431188985067,-1.7769568462823735
work,0.2503847719805701,0.7145702967438916
work,2.070031148924591,-1.46382496437889
work,0.6748919688926756,-1.8848359254005673
work,0.24582645195482286,0.6927372532209298
work,-0.2013393647057067,-0.7194583254697773
work,0.23585437551702326,0.6523911002024174
work,-0.17738312225339586,-0.69344710116486
work,-0.9371782578180721,-0.04545803437654153
work,-0.15784146930930337,-0.6599221143026918
work,2.8376739004282916,-1.025503770515209
work,2.085181009840619,-0.010094488732728533
work,1.031957797193687,-1.0470275474962885
work,2.552973168179177,-1.3299989700847195
work,0.9770674262563388,-1.0925439102852688
work,1.8138195037418772,-0.9645320012414481
work,0.27299894087412707,-0.802084075598212
work,1.0189484735418235,-1.5972652664621005
work,-0.6546920649052195,-0.1184574156382732
work,-0.31682081770622245,0.8141888809136799
work,1.1724246410207628,-2.086619991511467
work,0.1005936054044127,0.24178771482588002
work,1.099514318500016,-2.4395106568474905
work,0.2724079523489754,-0.16875321290436224
work,0.8951936688723611,-2.638525758674947
work,0.2594715647011957,-0.43475392885586633
work,-0.04902172987339971,-2.7785552592814406
work,0.10228163004080369,-0.5253516563630989
work,0.9939586140664375,-1.3486408697024967
work,-0.5571413814735993,-0.4100683553085024
work,0.6431303871434197,-1.8973469806555168
work,-0.5930525581522762,-0.42533110465682317
work,0.60064962820678,0.3483180724175661
work,-0.6215109535005462,-0.44175141739613333
work,0.6196271610498016,0.37188237191600515
work,-0.60939420057613,0.3905077820792605
work,0.6237434499678115,0.4242995868448146
work,0.5730526102666071,-0.4540910839485773
work,-0.3140974542982384,-0.31497148010860143
work,0.6035758719885566,-1.2783909052749831
work,0.1623085338525793,-1.065893867169012
work,0.9318413214905098,-2.1183403950024795
work,0.6316465999045869,-0.4393745411634217
work,1.401756137400454,-1.5002845580544448
work,1.5180419876388456,0.9002179981204265
work,1.8877224809745643,-0.8296314907598183
work,1.4503666602914558,-0.9570232706333518
work,0.22005001880125286,0.6618029499101781
work,-0.04269398889749147,-0.8524010521641419
work,0.2272500305603261,0.6267246173152963
work,-0.16935464247295096,-0.6683530677904518
work,0.22625670061069914,0.5880424200786304
work,-0.15652066936173453,-0.6287641146279409
work,-0.32007837538930684,-0.7217303008382477
work,-0.10866430205260989,-0.6047043879018795
work,2.977105320474804,-0.9494445676531927
work,3.31915289461648,-0.7043553664753882
work,1.218071845163498,-0.6829651370239713
work,2.416453163902479,-0.960152615782211
work,0.6932539379974698,-0.7235767385413282
work,1.642873937924103,-0.6522958521107295
work,-0.03999928209183964,-0.4639822812497137
work,0.6367087166223635,0.12930240625170214
work,-1.0021051154412182,0.158770697373928
work,-0.11491702622064211,-0.3380191176371521
work,-2.2315054535730705,1.317953840839498
work,-1.8560640074242398,2.4075106852501857
work,0.4041020253107772,-0.9268366891487089
work,-1.0160775175676715,1.7226896791465136
work,0.6089895392878798,-1.3736953350084933
work,-0.5407102914585694,1.195647240578961
work,0.6115544536074848,-1.6405253352435232
work,-0.2961052138138644,0.8471203689014408
work,0.5322782492627296,-1.7192710336793335
work,-0.23725961338522444,0.6810817890815003
work,-0.3309820571399338,-2.1389144649278715
work,-0.24934213415368633,0.7217845957481674
work,0.7232366577862984,-0.24969083056975142
work,-0.3509431016536704,-2.496194885267381
work,0.8044588350011556,-1.5186262556848489
work,-0.6073043954916102,-0.4322987715769248
work,0.6205582684364538,-1.6610781897871774
work,-0.6388963603997564,-0.45033412391938205
work,0.6302690895313336,0.37291061647103085
work,-0.6460033333209135,-0.4882038753074808
work,0.6362979161080504,0.4193442151135012
work,-0.5761640790852263,0.40374377373772036
work,0.6492800494814269,0.446489022149128
work,0.540467184405427,-0.44367585663982073
work,-0.9454508195316838,-0.18579173247354705
work,0.5585384452807615,-0.9258133366093256
work,-0.5136748519023546,-1.0868514466084758
work,0.2574480629424982,-2.1144657199502825
work,-0.0367026900381689,-0.45889869779577225
work,0.7175283793451822,-1.5066627820038265
work,0.4180424280097883,0.1725685689374909
work,1.2040134379198628,-0.8331867741956607
work,1.995642768785814,0.7292940258068374
work,1.6703602875672718,-0.17090485182782966
work,1.244610484148333,-0.31452782782057626
work,0.4221287986039904,0.7540413157394588
work,0.35407573977898754,-1.0636841766222176
work,0.22004371075829998,0.65889806269799
work,-0.1711675016052834,-0.6800249693427731
work,0.2198436007678428,0.6216479197175738
work,-0.14974001864621975,-0.6527270411491478
work,0.18055168964048243,0.5883731125075924
work,-0.10764003692058928,-0.6220854051358412
work,1.4798892473486824,-0.47305719267614504
work,1.5686698298307398,-0.15999558340735784
work,2.6119160018295116,-0.609970218528883
work,2.983230220309686,-0.41867711015747144
work,0.693592507420955,-0.35639126529782167
work,2.0735717723324245,-0.5828605213721271
work,0.1749377960113023,-0.3465305040751865
work,1.283675172884104,-0.29246353518245444
work,-0.6086670909050604,-0.10016928267556646
work,0.2051683653557856,0.4263353495768863
work,-1.565581604952901,0.4915070266531576
work,-1.1327143693220108,1.6491537496667175
work,-2.862575660115915,1.5851281871501317
work,-1.7984942319364887,1.4582398174401636
work,-3.580248554616307,2.2468804420712996
work,-2.8892762221974078,4.001194891879348
work,-0.8776446396977099,0.71432758026856
work,-2.7317253345043615,3.735084511361348
work,-0.28488706569547406,0.12968074396374787
work,-1.8121900739400394,3.063676120395313
work,0.004846668009286438,-0.23865293957144695
work,-1.2635019708875876,2.6381057668682133
work,0.12854484632025265,-0.3551402140901129
work,-0.9111538853999156,2.3416667886071787
work,0.14377853673063104,-0.29056483691166424
work,-0.7069952844558463,2.3285320455363667
work,-0.5425663203661585,-0.9300704991739569
work,-0.569457578308634,2.5679956119979646
work,0.5038331066699437,1.415908798665678
work,-0.5090866561322567,-2.2772580369342323
work,0.6530771879974804,-0.39370937381680154
work,-0.6778526524735775,-2.492913996061352
work,0.5691182394336665,-1.560737299929886
work,-0.6635484082316148,-0.46659129038192365
work,0.6095682933385004,-1.6734498399748927
work,-0.6557372992217544,-0.49267126718947596
work,0.6458801977967659,0.40802606827544163
work,-0.679631914757345,-0.5042972925835671
work,0.6622800895998746,0.4425350891577723
work,-0.5516488012062426,0.387840437343897
work,0.6710125463332108,0.4684900923866427
work,0.5024654981542692,-0.43465112986497667
work,-1.0072970261668837,0.25190754268556037
work,0.5350219426274186,-0.4426949011984716
work,-1.2039306908435012,-1.0668847035173228
work,0.09407047146402485,-1.8964089297269575
work,-0.7454044639677377,-0.45760866264717703
work,0.02901333683100688,-1.505146383072953
work,-0.2621822442546507,0.1648929683576273
work,0.48523548507483816,-0.8265336944315961
work,0.21487398658990003,0.8197519388072164
work,0.9674648543516507,-0.1679613479725328
work,1.7796144923379922,1.3570553929146316
work,1.437673026970176,0.4865723307576533
work,1.0165949187433714,0.32553849325632517
work,0.9905805466616723,0.9414386894262623
work,0.4639480146588875,-0.3494014349857776
work,0.22060928775008762,0.6990730096376854
work,-0.18730163719879547,-0.679998300699597
work,0.2173960754760057,0.6662817610443341
work,-0.15908805924119723,-0.6870816992045627
work,0.17141035490441878,0.6112783520726857
work,-0.11022651796417106,-0.6346749376118903
work,1.4952631923122814,0.08348910531101494
work,0.5998480724657063,-0.40920005667010184
work,1.0135996682951778,-0.20277631416795927
work,2.1267970426182434,-0.8387723204550247
work,1.974405357419928,-0.2812308269186225
work,2.3066964074689813,-0.16239673313389352
work,-0.17785304121269768,-0.09301680842208837
work,1.404765934621523,-0.23211072092470733
work,-0.6787858138252454,-0.022427109292123933
work,0.6523779979685188,0.07946643115729368
work,-1.4238551189277704,0.2691444608870921
work,-0.48261087559011356,0.769143657815579
work,-2.4486639121530045,0.8566168226756551
work,-1.8763756210798954,1.9407365062801307
work,-3.8065666704774337,1.9216058915561949
work,-1.0132050760307325,2.2930967366448947
work,-3.3793788941478513,1.2694253966586988
work,-0.8414043181063423,-0.6124363823839926
work,-0.8309599414718253,-0.17840431068944113
work,-0.3839102863697794,1.204338237965747
work,-1.764112391040472,0.999928723663611
work,-1.2608374638239572,2.8710174273324
work,-1.7484204897453375,2.2693193796379023
work,-2.2097353436215283,4.751324319185403
work,-1.055390833245423,1.7219213250105008
work,-2.7305555409040423,5.008667038993181
work,-0.6521431989744495,1.5242081018673839
work,-2.050030846652214,4.630272993400793
work,-0.3884679963405872,1.5083195499297057
work,-1.5564808080885468,4.526330084964751
work,-0.20348339336300508,1.788721069434421
work,-1.1852655457522299,4.703188558750163
work,-0.7094118480793498,0.8770999892007229
work,-0.8393718521546728,5.207859599521169
work,0.35807744977177963,3.8301981594093957
work,-0.6060073018681046,-1.0464788885181506
work,0.5943342445233657,1.3029613126431374
work,-0.7087009854909473,-2.2843732238362424
work,0.5704278262638462,-0.3841659260091858
work,-1.0005671711941144,-2.767197600378363
work,0.3536649815690718,-1.456755710910986
work,-1.0235498186223009,-0.7874503400924566
work,0.23133377159062804,-1.8392697748525306
work,-0.7089687250110779,-0.5252716346410704
work,0.6599655668876678,0.034540147941485286
work,-0.7205860723278672,-0.5367585669455582
work,0.6956042493698326,0.4756597142616045
work,-0.5312656270952199,0.38860743885646676
work,0.7043621804259796,0.49731919542622693
work,0.4730359248657494,-0.43220261409413885
work,-0.5617836353367794,0.4094092018311818
work,0.507180986058156,-0.44167144077424797
work,-1.8001995949729006,-0.4870297453193983
work,0.5237265901123367,-0.9257502186017341
work,-1.4421577687226959,-0.44622415252934566
work,-0.6622177317774963,-1.4706587697021507
work,-0.9576582533185015,0.1670291833257594
work,-0.2170327167249837,-0.8241910895927166
work,-0.49350701397173397,0.8248032615279123
work,0.2590888946042428,-0.16519099037323537
work,-0.017927900504235737,1.4619880508232521
work,0.7352453284137029,0.4951896410295531
work,1.5092120696560893,1.8313778919738006
work,1.1980650031989664,1.1032787966244515
work,0.6530193886966124,0.8783451226746223
work,0.875862545978164,0.9459872620783737
work,0.009451244054436715,0.02628223178403481
work,0.2326370746682401,0.69771978878711
work,-0.19411401751529261,-0.6988015859562807
work,0.218810043370074,0.7064243126649672
work,-0.17371500317678987,-0.6784952883877825
work,0.17805506587098757,0.6443821911024815
work,-0.1160777540830435,-0.6585307792573056
work,0.6001856713741712,0.14765235782087732
work,-0.08761498357538339,-0.6264611031020161
work,2.45918814011367,0.6868632150187005
work,2.294646421262932,-0.5070146125286952
work,0.09040764668382267,-0.0415873669817617
work,1.363657069530468,-0.6916017831648134
work,0.6758991532558317,0.04130788105413098
work,0.9753860277491628,0.05039211135184665
work,-1.2603409743386533,-0.0018941458418916064
work,0.1293182777944078,0.15831317114070093
work,-1.7357916548412478,0.18387308667912705
work,-0.6853189028927151,0.5058442980277214
work,-2.4696624566012852,0.5522660777488637
work,-1.8000743311310812,1.1591792647565555
work,-3.5948378198336743,1.2423257939238963
work,-2.3019138628306632,2.1379807220183777
work,-4.319377213677054,1.700101641497873
work,-0.13164008376994263,1.1277208989296454
work,-2.3230433801353723,0.18777077672641151
work,0.789018374147336,0.056402718668945306
work,-0.7302253677613644,-0.142708932706187
work,0.4658894371713715,-1.1383111909935797
work,-3.0420075761690484,2.4486742519206874
work,-3.324552370227525,2.627369945560623
work,0.47442904181355283,-1.1890106594325733
work,-0.385062592449699,1.0969332822201154
work,0.2737480494848695,-1.1276406287596845
work,-0.40432325872069735,1.1540283521477528
work,-0.6180832846884784,-0.4624020678823801
work,-0.5242515595725732,1.4473411470689375
work,-0.6762165687421304,0.6318831560823857
work,-1.0964176337192493,2.9901441731135057
work,-0.48368293161435694,1.1354078457945371
work,-1.2350506965742991,3.724467212657558
work,-0.1320637340266689,1.1228685661170172
work,-1.167338150756552,3.944774418086181
work,0.377683899938586,0.5732677251608342
work,-0.9296802605895652,3.563745471704817
work,-0.5939867563949797,3.5824795626460877
work,-0.6679039219356115,2.541811942090752
work,0.4768674637584528,1.0865026165009528
work,-0.4075216207429203,0.9162830098512632
work,0.46993519594704497,3.7620791018842703
work,-0.47873055836764566,-0.8810375548020408
work,0.5205593640866181,1.3509770592025667
work,-0.7272186529994613,-2.0301516459791116
work,0.34351990829164597,-0.279449972710106
work,-1.1032154083174173,-2.6672020232014697
work,0.0787780806330049,-1.292338065712044
work,-1.451306501644185,-1.4538583232784854
work,-0.3437200792621841,-1.9121247103956733
work,-0.6291416362226107,-0.37217199476132806
work,0.49974099099550706,-1.0795677363893335
work,-0.6465094282846963,-0.3848091996869472
work,0.6109615088191142,0.3229288518076025
work,-0.4178456516083018,0.22940743095105048
work,0.567669298355984,0.45307779972401113
work,0.27813803730176434,-0.4004001522545726
work,-0.4389471150315238,0.2538699056242349
work,0.3819738490159331,-0.29015089238077924
work,-0.902432070354551,0.105280499018611
work,0.41285226309946493,-0.3080093217556543
work,-1.9406062734664657,-0.5455866200738914
work,-0.03637353943541206,-0.7765139169110293
work,-1.4984366463521077,0.10557228573180095
work,-1.0003784370906357,-0.7345224668615415
work,-1.0292109960061766,0.7688300458561205
work,-0.6046739908901461,-0.08467175923623566
work,-0.5487388183076213,1.4253199705416821
work,-0.13119240707518184,0.5581045909089044
work,-0.08357163160795293,2.0309934636174143
work,0.32830357662286186,1.1770464152348035
work,0.597869115914901,0.7661791550694618
work,0.7963551142535609,0.38943539270208344
work,-0.10114960795464646,0.008788676783702489
work,0.13068436002027137,0.5872811387124313
work,-0.10661631366644633,-0.5710776309994029
work,0.13498716767812316,0.5678289735548921
work,-0.09704695802835193,-0.5666585259591428
work,0.12922804844141217,0.5435700203031902
work,-0.08001343834750578,-0.541318542779037
work,0.1578464206296406,0.5063581310586625
work,-0.08903827505766555,-0.5492534899230713
work,0.14634352696287045,0.4717322783612073
work,-0.07109766285281863,-0.48174796698432953
work,2.588822899483969,0.7739247932579046
work,2.10912869924793,0.16546900625689348
work,1.6469993018818323,0.6075654971045397
work,1.5979902776314947,-0.2920393251906351
work,-1.05635180087101,0.04539588749675437
work,0.31737602859555175,-0.5377335358574437
work,-0.8932876323490376,0.1843162842445644
work,-0.5739945212452445,-0.0777356183380191
work,-3.1871784079149683,0.1284541506876615
work,-1.3994299601614066,0.4281270844895746
work,-3.6088479977174606,0.33957248919792893
work,-2.2172261478886854,0.863918592115863
work,-4.3324732271000554,0.8261629209853425
work,-2.469632568640951,1.4903146549533703
work,-4.9228721982666945,1.1287703216869838
work,-0.48010991253082697,1.5096601002774188
work,-3.445236284592297,0.2422908615307124
work,0.9824341638280892,0.024645307896040965
work,-0.9175867012235631,-0.09255479746233895
work,0.9118498836470722,0.035579262477081625
work,-0.8469792515108427,-0.12371982738515526
work,-4.121483283418796,3.8120601507146294
work,-5.093949971437836,4.3317193880899945
work,-17.813113104716155,22.906102653342337
work,-29.08667511290473,28.980154407342635
work,-28.579688791135474,31.63708018305488
work,-0.399461799709942,0.3715453541883178
work,-23.15037427173011,15.425418029778081
work,0.16614715208125072,-0.6174436623386194
work,-1.6197162571872306,2.4577597781034735
work,0.5210445422124357,-1.3860662965582171
work,-1.0148213168445115,1.6257912158677639
work,0.5075080278596795,-1.473102674313831
work,-0.46056784004328816,1.3802109903963973
work,0.44862664699932675,-1.4500386756437633
work,-0.45673064875898584,1.4071079424148123
work,0.4210787447469228,-1.4687296214056085
work,-0.40238348571899724,1.3794071751220969
work,0.3877503700953569,-1.4697432584555403
work,-0.3908540312480904,1.3840616277792546
work,0.44637810468851424,-1.4224176326701956
work,-0.4538849503120202,1.347950064558418
work,-0.5719727959662538,1.1848938709345245
work,-0.4366590652300819,1.3172641046482092
work,0.5395937554966896,-0.16268760963220427
work,-0.2485382358371408,3.7117165828088323
work,0.8136107637193648,0.9841532832378316
work,-0.27424424501569716,1.1347363909264994
work,0.8144629400875505,4.046599426365384
work,-0.49492738945782916,-0.5997059416032653
work,0.6713523088518002,1.6996994323306247
work,-0.8772839034198294,-1.7252441532076777
work,0.42017340703243167,0.11278148664828627
work,-1.2797358990949277,-2.3205245961682666
work,0.03049989219976974,-0.8875799774319774
work,-1.7344523304061419,-2.572488562193571
work,-0.41535149515225067,-1.4909313624087785
work,-2.0678502394223823,-1.4769176207446315
work,-0.8417239629231041,-1.6926730510147623
work,-1.3501359807458326,-1.0024995971524902
work,-0.192233971193576,-0.8047958861042781
work,-0.3311077310908646,0.3606350672354646
work,0.26913240993673315,-0.1169291943322104
work,-0.03324197206131125,-0.529846469341457
work,-0.436682573647884,0.2624336429748682
work,0.29134250618532953,-0.4131381643462081
work,-0.4562924905292152,0.2869450978789738
work,0.39402454384413776,-0.3158510836260732
work,-1.2039569960307235,0.03296432479202424
work,0.42461525396827354,-0.3179046781338873
work,-2.203262273245481,0.1448189520526702
work,-0.26683674715795247,-0.21196293587235757
work,-1.736587296094495,0.7898773240217338
work,-1.2270751444700143,-0.0662007388205805
work,-1.2651014393367273,1.4449462538080362
work,-0.8258445121968844,0.5680867658458794
work,-0.7824379228262905,2.0579320056677863
work,-0.3542209757908733,1.1873506006431482
work,-0.47509577181040824,1.0862298681288984
work,0.14008394776036928,0.43780361242112775
work,0.25795081425306887,0.6082604326170764
work,0.5108002961142405,-0.21111339400260581
work,-0.2527519961502498,-0.5724178169214054
work,0.13816283221374628,0.6273987676405164
work,-0.23711577354638544,-0.5764037069687242
work,0.13917705598214533,0.6133100234587741
work,-0.11017355169417448,-0.591460899183841
work,0.13575751781440148,0.5894867219838589
work,-0.0856191243278396,-0.5778217210710607
work,0.15546742668762314,0.5882437014763693
work,-0.10100672306174144,-0.5799947160422321
work,0.15016674857770057,0.521861776736216
work,-0.06906687650915697,-0.5535467235302385
work,2.2596017412542238,0.9943781125032481
work,1.9318209787564957,0.1454242640776219
work,1.8485913975353816,0.8081373114492699
work,1.6830081966408965,-0.07164873761555822
work,0.21506843340783013,0.5839104022186672
work,0.5853576701284039,-0.44614154470996353
work,-2.956293543589774,-0.12558220158134342
work,-1.3557558383600605,-0.7317711910995178
work,-3.0542480349811485,0.025628219269835273
work,-2.798027188843738,-0.3046611752270057
work,-5.736285386050954,-0.07925859786000151
work,-2.5241383878952153,0.5465326348277172
work,-5.581307427164603,-0.04164721418112508
work,-1.4275838756196382,0.9690995280582659
work,-4.681938883848808,0.022992878076385483
work,0.16857455839676,0.9747890501470681
work,-2.995218395916033,0.06099191503026405
work,1.198263268511752,0.02773097050397798
work,-1.1321684240524696,-0.0841603008004648
work,1.1318622631881032,0.007707186102846834
work,-1.0677374280933298,-0.10097040191279374
work,0.7212755915056634,0.09140144895593233
work,-1.240691600999886,0.13552002595024434
work,-28.518598575263056,12.9596366771872
work,-24.223117150913637,22.087422504989586
work,-35.97883047172294,33.339238193923265
work,-42.646074740826755,23.81933588715778
work,-20.706145399202065,19.44022414225809
work,-28.243276142214274,23.08355745981008
work,-27.637978288182186,25.868062854697147
work,-32.81395023317185,27.977901932659652
work,-21.550847702144456,23.16901346158144
work,-17.730911465992858,31.23124730185617
work,-30.605278111249966,43.13608344799324
work,-11.83883825229077,23.378724484293798
work,-20.141063280914597,32.01166032791099
work,-1.3198997844500584,2.8419571072241454
work,-16.652680546350627,15.941329212255491
work,-0.7398827126875224,1.813391668477261
work,-2.6156159486564197,5.614198034614094
work,0.11178526837306198,-0.4680530802439482
work,-2.289016553667494,3.7519417253130074
work,0.10602409169798176,-0.38545773236184455
work,-0.8041467581177799,2.8531387060109323
work,-0.3094164228323159,2.273438357387696
work,-0.17175746191992064,4.576495641841575
work,-0.3624719406814636,3.4760018196816485
work,-0.9357280347040609,6.331869322819275
work,-0.5450788275771944,0.005792601630806584
work,5.3279961038623975,23.224224068259876
work,0.1224288898095477,26.1086294558865
work,-0.569345947344665,0.6420071823543192
work,0.5671549068592904,-0.11177713664017
work,-0.04255321063855488,3.875526492996181
work,0.9827959213299821,0.496013313022305
work,-0.04818887510821483,1.576700844442023
work,1.2537929164598487,4.299436157371202
work,-0.40278847870647017,-0.11980190585764289
work,1.0054275437226763,2.2577563498579267
work,-0.8364879850052377,-1.232380882756886
work,0.6053791247612468,0.6995827513337254
work,-1.3001195718867786,-1.83940733472152
work,0.1553748539274677,-0.3145954632549274
work,-1.7554815229268292,-2.1153008764255605
work,-0.282023200943333,-0.9101992785686908
work,-2.0935805543981485,-2.2545933076696554
work,-0.7660757232689178,-1.0710044037541198
work,-2.459589475133517,-2.094900462013837
work,-1.1486390740138896,-1.1038574363686835
work,-0.3362224967538354,0.10075283668941086
work,-1.4393555695524156,-0.9555930942233843
work,-1.806388914866414,-1.5187248683448265
work,-0.34184176566486074,0.38302708210958436
work,0.26005946339035263,-0.422154181528584
work,-0.46611080879835337,0.30203516145711146
work,0.30539606695417515,-0.41978737185192916
work,-0.4851511296555411,0.31984537312226746
work,0.4259231189711021,-0.33830710555995214
work,-0.8287270677234487,0.23531867017329566
work,0.43713743593755416,-0.36851840855183604
work,-1.69233944448069,0.2916852161920539
work,0.1372352178662123,-0.13555563019881917
work,-1.6441402034605477,1.2284946319890968
work,-0.694240134655203,0.4957318471875092
work,-0.7670302637479556,1.536046185098268
work,-0.6990690139040769,0.489669286891562
work,-0.5155105384971371,0.6305153635028031
work,0.2080312168787154,0.0019936897496366885
work,-0.508673332424409,0.2569199018976391
work,0.5188048625767906,-0.22167782565499722
work,0.26166120628803885,0.6306147546120028
work,0.5120670386337132,-0.18830792575730257
work,-0.26655828901079476,-0.5830798039635383
work,0.26388514577501737,0.6303364086067861
work,-0.24852365158742754,-0.5941327571997277
work,0.1511325086883148,0.6686460240922774
work,-0.22876021752687917,-0.5940645927625428
work,0.14621809147210885,0.6493302054061474
work,-0.10773460362230629,-0.627833304231988
work,0.15830920569917553,0.6261756469350372
work,-0.11552195122942974,-0.606775068614222
work,0.1456874615274776,0.5942882594953387
work,-0.081591621907662,-0.5848997017954617
work,2.199813088727797,1.3187833667386168
work,2.0379054704970967,0.18064834003589264
work,1.8981991551593789,1.0390560482830318
work,1.6168002191238946,0.1328791291801783
work,0.4458120326434999,0.6386506833607521
work,0.6666101276812696,-0.33409432847941883
work,-1.6067530047831453,0.2658132260012295
work,-1.0642069687119275,-0.787755553843811
work,-5.579313243005925,-0.5539987645559477
work,-3.6807625583401533,-1.1996710365456342
work,0.9601189171436296,0.22818302107535365
work,0.7489774458714207,-0.08873683072795283
work,-2.0835262614516594,-0.08842845341421536
work,1.3134163262146012,0.07914073772529083
work,-1.5169075624305426,-0.028284658901746234
work,1.4269372863204064,0.07426344911928934
work,-1.3197502547666327,-0.011425491784406034
work,1.396190156116261,0.03061039093107857
work,-1.321724170140702,-0.07019372883415906
work,1.3588729339318153,0.02092139307124385
work,-1.276483942157451,-0.06866785541296265
work,1.284005908600463,0.021811419655873222
work,-1.2141401630776938,-0.08180570840819198
work,-26.7937335440023,6.283019074490395
work,-20.626524232752402,16.46633953443195
work,-36.192452414573594,27.35530221790778
work,-45.23151774586629,18.71904878603901
work,-24.865395274887465,18.21004057849365
work,-27.34628787850802,17.15335345899388
work,-31.32867190153342,25.834734831982185
work,-33.624611017228034,24.202489028883917
work,-31.30301718245808,29.029709985536915
work,-42.026202797423586,34.22686387491608
work,-41.378977755886254,37.8650901856738
work,-24.40863899943371,25.86160548787575
work,-32.30608355563499,33.70768366682653
work,-19.235768596313523,23.49592609274843
work,-25.554589030537418,30.593375516693957
work,-14.992221296765177,21.548657675577626
work,-20.414437602025885,28.273031593718144
work,-23.846922864170214,29.51220160873745
work,-16.376769070245754,26.470841354870863
work,-15.922908071700492,37.98250218303982
work,-22.8003428403179,47.21897499190131
work,-13.964478037673631,36.70324471015112
work,-17.495378455306952,43.14565146749297
work,-11.456809111268988,38.30444194038395
work,-14.758090264994655,44.8292148022067
work,-7.931179658121828,39.62335128898615
work,-11.994340233354539,46.81811687398937
work,-6.929054603691435,41.25340855345302
work,-8.707180214261232,46.35662963473225
work,4.31600465494812,38.458830994376534
work,-6.423453733520116,52.18125741769529
work,0.20142060869879416,28.817949421094266
work,-0.6839076685135838,30.570573263142716
work,1.3372114677805695,27.356280078261403
work,-0.5975502918926192,-0.0621694815068563
work,1.3037481005962033,28.358284193335848
work,-0.624025919147846,-0.15215527862912318
work,0.6031687671794148,-0.041216210848263136
work,-0.3714230569224922,3.2605284920984796
work,0.6307203041726918,0.05871478478561327
work,0.31117774878472915,2.2726996325498146
work,1.7129116055570435,3.493638514847555
work,-0.12360109789449057,0.5605940279540992
work,1.488892628116262,3.0570019378957376
work,-0.5854507691895091,-0.5641228853338242
work,1.0273939495019053,1.4965573311146985
work,-1.0775299033098469,-1.190882964035785
work,0.5469237957109968,0.46016065099554715
work,-1.4274293481448006,-1.5976458050052615
work,0.05383635702457173,-0.09660315601154888
work,-1.8139693724181125,-1.6934534009182598
work,-0.34674315426539154,-0.4035338593444303
work,-2.0841692342859472,-1.5898257018391393
work,-0.6593653308694463,-0.4877545675738877
work,-2.30810403625114,-0.7112482134877551
work,-0.845983159029323,-0.40515701260680803
work,-1.3380406996669385,-1.333926597520221
work,-0.33797635565552214,0.39781568425091923
work,-1.741803037449763,-1.1992598038205589
work,-0.3730500226160078,0.4027795024052964
work,0.28632189916663164,-0.43371350582929563
work,-0.49608741651841615,0.33519847618155135
work,0.32991640678806194,-0.43327868524814983
work,-0.49601995862542964,0.3723455854961378
work,0.4313054047035694,-0.38320075663876296
work,-0.5209264037031438,0.3805013503280734
work,0.46010923533793374,-0.37992470694564556
work,-0.5248964208300751,0.37544767137346763
work,0.4854128896303574,-0.3667125993575415
work,-0.5079405221208281,0.40130241208439144
work,0.4995046074589035,-0.3552302743068703
work,-0.5464913739202503,0.28961125745530436
work,0.5316315947747557,-0.2651349793982333
work,-0.5427169248769116,0.27660709821413665
work,0.5315185077517833,-0.2421149253043259
work,-0.5239426376815797,0.24830191930681822
work,0.5300379092302189,-0.20740760221795754
work,0.27779369929110936,0.6624937298439573
work,0.5204182542722672,-0.17213602086176194
work,-0.2815566038856406,-0.6057815417280336
work,0.27368455250401746,0.6767651980847219
work,-0.2665275917581799,-0.6196685510702361
work,0.2643066630944853,0.6679701858526533
work,-0.24372625566032466,-0.6261739586708157
work,0.16005908283472356,0.7064815957665384
work,-0.22526996004851968,-0.6229591876004896
work,0.17841787403438636,0.6762987249919719
work,-0.13404007742113316,-0.6482242885947844
work,0.43081251522225933,1.361222793157844
work,0.5517323433157527,-0.3638045846933581
work,2.3699374009246053,1.7255206461225585
work,1.940049239471816,0.7774931950982317
work,1.8058170117786614,1.2250177891657006
work,1.467545263836608,0.27657194684558783
work,0.5012922722228881,0.6961124300814643
work,0.587484283429537,-0.27695816408554746
work,-1.3412664467172428,0.18990719400380213
work,-0.9660094438618254,-0.8511987067683414
work,-4.124252984920404,-0.3251101399581468
work,-3.3499619247782513,-1.4334107272751588
work,-1.9460702750920347,-0.1112340401858889
work,-0.5073753387343509,-0.2973406791109142
work,1.4862698158327894,0.04317497794627537
work,1.4716193083005586,0.06957311583508687
work,-1.3951492077681533,-0.04573474869037366
work,1.4902972295582726,0.007838281564070662
work,-1.4162484165997546,-0.027255929544389802
work,1.4832671102486068,-0.020960102706344616
work,-1.4006844045180438,-0.005783889072739271
work,-0.3228376788555712,0.15271754214023822
work,-2.57363820094445,0.8504338861070094
work,-1.8857037795428906,0.364838759591926
work,-4.565198493529724,0.7797567235565205
work,-30.19038791441057,4.81278507984063
work,-23.695235821139253,13.871474607312557
work,-35.20886996188487,20.83628123985346
work,-46.85331665381035,13.757839575613254
work,-25.141017649822768,13.81774130639784
work,-28.123978015303933,13.044269540853499
work,-30.585313540624234,19.430887650397615
work,-33.46429782856027,18.311532680027412
work,-37.82486387809133,27.283570701342224
work,-40.585070569797864,25.734715361665433
work,-47.58353627817768,38.510937617694736
work,-50.11868057267794,36.17626143853714
work,-47.43546117527023,43.51439245890029
work,-63.16709724388788,51.19121013559041
work,-62.550552490317884,56.17063160549029
work,-37.037198862580475,38.57071031322496
work,-48.67528473822778,49.47534781145602
work,-29.27099796990631,34.81064250450437
work,-38.40888026186093,44.45360325426789
work,-23.41139467133897,32.07815494460375
work,-30.63088130919137,40.69346330615418
work,-18.41914090213467,29.684423346341884
work,-24.762114294040867,38.043345083758176
work,-14.682886721569494,28.231246058466734
work,-20.20818858523929,36.36486697013145
work,-11.70377417217942,27.519963232922336
work,-16.268512310081015,35.16674929735951
work,-9.225594944996432,27.534631509568023
work,-13.022491098857364,34.77337075496226
work,-6.997891074391627,28.512984211116684
work,-10.264937284156325,34.80795593118392
work,-4.926524387222011,29.714499119077285
work,-7.797178124358428,35.774193271118165
work,-2.8408743786962143,31.755634324740534
work,-5.345776327131019,37.63581001268277
work,-0.5391431245006728,34.740101565661234
work,-2.7831165218124463,40.46128070715551
work,1.1912374360309355,29.96628967632072
work,0.061501181444378404,44.39015260803346
work,2.4911966123699583,40.13114692557972
work,2.2962410779581037,32.557241855195926
work,3.2974445170072806,28.468676313359403
work,-0.02986925791504171,0.7311897526499486
work,3.2934190741510987,32.28555029284942
work,-0.6546186821799618,-0.15369824150792225
work,0.7156797915398572,1.0450980469566358
work,-0.4934715189828754,1.8884696509761592
work,0.6418238599516372,0.09840197073053082
work,0.882023562146743,3.131455276763492
work,2.2159269835587554,2.290029117658361
work,0.3742406127463006,1.4197425001564457
work,2.3178398605352726,4.181896429427364
work,-0.12574797700703075,0.2793958143892081
work,1.8094244268395394,2.54093807433766
work,-0.4211677141796264,-0.45041200483296223
work,1.1712939362139954,1.4428678327181483
work,-0.8185902630533995,-0.8186746447833871
work,0.732215474063903,0.7694276534868317
work,-1.1196225662254364,-0.9543691511337145
work,0.419926693348274,0.4013480755722219
work,-1.295643853747123,-0.9219595633099452
work,0.20514727406194738,0.23327460119565147
work,-1.9697493110418287,-0.41445298523163354
work,0.14111806423595907,0.2494059629066467
work,-0.45717654814188724,-0.773023922781942
work,-2.231838402834689,-0.3957004117497374
work,-1.5280983615674986,-1.1228529781828127
work,-0.32174413268365,0.40670951024433544
work,-1.6918833716878454,-1.1285746658346762
work,-0.3555001963208814,0.42012562530076714
work,0.2701871354829783,-0.44063129238657445
work,-0.5612258407332231,0.4027064308825571
work,0.3330863303996626,-0.4176174627639946
work,-0.5770990732016363,0.4167372238026567
work,0.5182201111412699,-0.41706397470977896
work,-0.5808754528859801,0.43240729801605454
work,0.5431729378924232,-0.4248753063451975
work,-0.5827084311325319,0.4385099988014186
work,0.5485597005279355,-0.42004754287743823
work,-0.5489340832455589,0.26961875788860673
work,0.5091665167669799,-0.2711004627266094
work,-0.53805263502407,0.26064589504546476
work,0.52535012227044,-0.22758876637644426
work,-0.5188244801256101,0.2519283024153168
work,0.5237201148769218,-0.21243465736351386
work,-0.4987818059308537,0.23149077927011952
work,0.5065119231407258,-0.18143026012095653
work,0.26496515167113555,0.6611652292819714
work,0.51221518590745,-0.11816197375140546
work,-0.3007011743693133,-0.5870605979688959
work,0.26703368704780467,0.6703070132021818
work,-0.26069350216409876,-0.6128182520478548
work,0.274766376811762,0.668496559795868
work,-0.25466831203944523,-0.628149524738414
work,0.27395074016056603,0.6614779727973629
work,-0.2434012093648259,-0.6185872658000016
work,0.3009939233883549,1.093316195349422
work,0.061413665091612266,-0.5080281829503123
work,1.220835941788497,2.0207269668641596
work,1.232788192633777,0.12894584130746992
work,2.1285309676849766,1.9502067381512127
work,1.5655711415187905,0.8352245016557177
work,1.5852285797715722,1.368062367285306
work,1.114889567411212,0.26512430345744353
work,0.34140242158085354,0.6511308816100789
work,0.3706019335833865,-0.2775432895832147
work,-1.327041848864672,-0.0006827044519552689
work,-1.0305182498072412,-0.9577102774892815
work,-3.875578347445581,-0.7008395087522077
work,-3.276529230837788,-1.7132350886730674
work,-1.3376482749217462,0.07738645838263226
work,-0.7648993493291462,-0.7204611110232172
work,-1.3732393101358484,-0.03347463019546312
work,0.45736693152913926,-0.3493781221460087
work,-7.585440521635594,-0.940992000101255
work,-5.345857981805843,-1.0354619743765374
work,-10.104509817129784,-0.3184473209859968
work,-5.168477885417188,-0.40816429765780105
work,-10.007581133091927,-1.7145959159758932
work,-26.498447188426873,-0.5513307590783489
work,-20.669018902337477,6.919058243608913
work,-31.576318953931708,1.9322670335425196
work,-35.2821353807832,2.182901501363998
work,-38.120785456705775,3.993825897577453
work,-40.97083534281656,5.122887131729078
work,-37.78052115441231,16.84425762545981
work,-52.40864724389208,9.601837935069389
work,-26.482734222799028,10.248235895136673
work,-31.039013961597323,9.890369621858392
work,-31.726673489890043,14.886542529194497
work,-35.51433192991321,14.111018607513937
work,-37.972501527823006,20.899864233769016
work,-41.68373324021244,19.851144547347936
work,-46.2288122714259,29.228548375570274
work,-49.86393381118461,27.72279832520197
work,-57.45760193409469,41.0577800037292
work,-60.896034747184274,38.85489281067417
work,-73.16476333178444,58.468726725945764
work,-76.16566089524107,54.895221891991426
work,-73.14102133480664,66.22405025075689
work,-98.29431043619017,79.17281499695808
work,-97.94574295552623,86.55669525420403
work,-56.52691925524801,57.797191837799915
work,-74.98719565418556,74.59575359635869
work,-44.47141841344479,51.554955699012865
work,-58.59118511176132,65.86939660250965
work,-35.498864056654185,47.05557018289616
work,-46.506773115212845,59.54110979877333
work,-28.556942479656566,43.74418880536945
work,-37.44331778659445,54.94683126827621
work,-22.758312473510127,40.987862957693274
work,-30.377949517137584,51.6846806373552
work,-18.315866524289163,39.5716903351964
work,-24.942324898894302,49.978692672772794
work,-14.668516965856288,39.10721718950098
work,-20.18954707156392,48.88751234405455
work,-11.595004383956306,39.932581205353436
work,-16.157688600920462,48.369277502334185
work,-8.724245845651767,41.14028996898579
work,-12.707383707600684,49.26039696988556
work,-5.9399047264075255,43.27207489031182
work,-9.46241997766604,51.17893486195376
work,-3.0417548048784155,46.57219293686903
work,-6.1550873447921575,54.271816514777065
work,0.263278451585973,51.16445661301494
work,-2.624598510960745,58.71362390075844
work,2.7658657742955906,44.45850450928156
work,1.4632180620492774,64.76843299809528
work,4.468025406196979,58.83803721346613
work,3.4502454886768468,31.47114077803952
work,5.366348324636128,42.02857876772949
work,4.950764971681368,37.504627913612964
work,5.6006914471787335,30.301430198749266
work,-0.0003869589661530879,1.7119069523199004
work,5.292820722010068,37.95644519354289
work,-0.7106009224768739,-0.26963365582439575
work,0.9337810109595195,2.16678646324209
work,-0.7861240985874272,-0.16662626906934933
work,0.7023922761329324,0.17797884120720103
work,-0.13709693338133058,2.384351643613466
work,1.146535706650846,0.7818601494335342
work,1.2375133367536924,2.5422285391258974
work,2.9801136678155284,3.1262940533182855
work,0.9070715616375427,1.3842852927866356
work,2.758401583677632,3.782523298872033
work,0.4884304142899746,0.5611020995029563
work,2.3036718662368787,2.6375370825983215
work,0.15062224015238265,0.11097108176989645
work,1.9275103283913266,1.8760290370803159
work,-0.03699723966557209,-0.0996047580672028
work,1.6965014806742391,1.4119015872024487
work,-0.027404273241951202,-0.18349345337206102
work,1.6208379825353278,1.1731608631159949
work,-0.85779761800242,0.1628474419766687
work,1.7513993062923734,1.05995995455798
work,1.018581229906867,-0.10894124684819742
work,-2.092278055141732,-0.239053624036799
work,-0.5259115747194927,-0.6978506128442044
work,-2.495469327707496,-0.14286425339276343
work,-1.5630980260000744,-0.8881047845370242
work,-0.5520860703928857,0.5460816236723484
work,-1.888236294965476,-0.9924329146671916
work,-0.4158202711196454,0.424890319950438
work,0.12732859596442103,-0.49893120847765404
work,-0.604579835868373,0.43871614066819825
work,0.3679337716927348,-0.43404839742658496
work,-0.6172311323454001,0.45453496427939666
work,0.5553020217977456,-0.4468014503174732
work,-0.6198839791049198,0.4638923346605666
work,0.5770463196582633,-0.4412626203761234
work,-0.5647363663551542,0.31940725269631576
work,0.5274673324557398,-0.29613738344765456
work,-0.5781221325085716,0.2898417762062256
work,0.5337886223594616,-0.27701482713697967
work,-0.5640740556642343,0.28024510606600006
work,0.5476876743692317,-0.24112317833301425
work,-0.5429399254825736,0.261875353357452
work,0.5426891464639796,-0.20812781477787848
work,-0.5351594907742745,0.20127759787596197
work,0.5379335121233704,-0.14780764055178663
work,0.5349564684191805,1.931471925973536
work,0.5546915101426176,1.8513353505343586
work,-0.5311828465832468,1.2445058930739503
work,0.4544811416204265,1.504142696421473
work,-0.36676718896302024,0.4790125104242569
work,0.4799834065836508,1.4952925473771153
work,-0.09021483350987226,0.12107153971478846
work,0.6282669017266695,1.9151550354459979
work,0.2872046974129145,0.2538155632281877
work,1.0494962162824797,2.4675985917783487
work,0.7835652672094768,0.8320014780716763
work,1.8742218014801206,2.510091681392844
work,1.2045832950885922,1.3832818393952324
work,1.7387851888123,1.9782544072093593
work,1.13394092895917,0.7404855994209273
work,1.2438421677153728,1.3566800996275155
work,0.7187377346908042,0.13289040005171918
work,0.12251550150733932,0.540724320046013
work,0.015261865692806862,-0.4447137415026943
work,-1.4828939524729863,-0.22780014725567707
work,-1.3514798070111926,-1.2321702676809878
work,-3.8622622735567744,-1.0658502850074811
work,-3.4109635907605544,-2.122389243454981
work,-1.306827286923904,0.0874176018620631
work,-0.5613629327557829,-0.9988222600406629
work,-0.3155400910760689,0.3970186176718633
work,0.42315139077820413,-0.385064609408117
work,-20.424408410658472,-11.50546106329834
work,-24.761137266073575,-7.842527089898207
work,-43.85479423702212,-5.108077999175632
work,-35.64748467015063,-15.244825286907316
work,-54.393614514251546,-9.380705495088336
work,-44.046020306441065,-4.957288891462008
work,-48.99211257752015,-5.251379326202695
work,-36.348662059096,6.728472065330123
work,-55.28194938441007,-2.388793348968151
work,-25.341377992470132,2.096638177428825
work,-30.669751287105843,1.3334559085410809
work,-27.535418115333513,4.399958247791251
work,-32.74517598325248,3.8398204173588972
work,-30.227206002604227,7.326910543371649
work,-35.734667217022874,6.802477709106626
work,-34.45584721939026,11.06953120566029
work,-40.317469416951376,10.56493015025266
work,-40.51210393101484,16.16162584023546
work,-45.34486212252042,15.282036977193254
work,-47.70965251844055,22.65427324539315
work,-52.51779817830647,21.606589346175046
work,-57.30236238644626,31.663158567665594
work,-62.129760947277624,30.242438518950305
work,-70.49625185187664,44.459221936542924
work,-75.33891327877679,42.38889919779591
work,-89.34722207756857,63.39616893694703
work,-93.58305751539804,59.958004448478015
work,-117.2304721989503,92.56785507382033
work,-120.76399778797958,86.90605461020093
work,-117.8861295686101,105.54238361636948
work,-164.456066626643,131.61128253850575
work,-165.36723753073886,144.05592492111842
work,-89.15667834961053,89.53320763076813
work,-121.36621022763043,118.38518007179853
work,-68.98829104121799,78.11271806421406
work,-92.50539033057467,101.4075728300116
work,-54.461891654976625,69.99436461767648
work,-72.43850477716889,89.74491729470591
work,-43.74662024937813,64.38155277231344
work,-57.56476088795931,81.156285451836
work,-35.46516769484766,60.35673170596101
work,-46.531699058742966,75.31900540291771
work,-28.412337836565264,57.059547424174966
work,-37.92690226014283,71.36955922709488
work,-22.970721303716953,55.69284859727187
work,-31.265115368801908,69.65897310362189
work,-18.572351331446626,56.21593297537642
work,-25.239664891410378,68.04163065376528
work,-14.60430756862853,57.25339086771492
work,-20.308699735945627,68.51913389761363
work,-10.797933610492553,59.4111501092359
work,-15.81986091326035,70.40072028801708
work,-7.0213204014201,63.10909911873336
work,-11.489107090647183,73.97972228173046
work,-2.9381820234384257,68.55607774361842
work,-6.957089416173075,79.0130674784815
work,1.7468265592793026,75.859205945522
work,-1.9394070201094462,86.3271965177563
work,5.4172028934630925,65.80169490005588
work,4.008330148161483,96.39545965414396
work,7.830686151173219,87.57395887408947
work,6.037757079436332,46.89351446101682
work,8.596319757885711,61.9938423329344
work,6.042282524214497,33.680753067792104
work,8.65073092499724,44.83642247678134
work,8.734831743107394,45.998421614307375
work,8.342123275937794,32.89392469575105
work,13.641942845845966,20.03960058835127
work,19.17543407872442,40.92924418568548
work,0.20954972819598452,0.7976550809015206
work,5.888622782499028,24.881247375492773
work,-0.9595612870659562,-0.6659654659142407
work,1.0425218720086347,1.6955166313890466
work,-0.8527981329711734,0.04994459008376805
work,0.9514454827585285,0.5760700475370696
work,0.17203215038428774,1.75832339709759
work,1.4872931467892936,1.1734180442230902
work,1.7816850112836817,2.3497847549258246
work,3.352833206920084,2.7058030206664663
work,1.881162602542876,1.8045033987895642
work,3.847278615936047,3.6247557306391354
work,1.6566702807741018,1.2485622421345823
work,3.7170383988209887,3.250274335287734
work,1.6819528054369417,0.9205037602740883
work,3.584540332094046,2.649967390067764
work,1.8605932120132136,0.7436620921199291
work,3.706635838245858,2.279312458888762
work,0.8213796010334222,0.819392066419089
work,4.071483764058674,2.0352074597630017
work,3.171813003907822,0.6930022708285325
work,-0.8617068838232186,0.218401069700641
work,1.05600044302056,-0.1640459941482273
work,-2.0824879095072473,-0.003385612061822658
work,-0.44637891043840555,-0.5619378346582419
work,-2.8274860373437574,0.07392619169454583
work,-1.4377665809607145,-0.6402201880659627
work,-1.4372556742416809,0.8514998557014486
work,-2.100125047988859,-0.4554128947690766
work,-0.44842951856095475,0.4518441330476281
work,-0.693269428507977,-0.7531917899591979
work,-0.6604786152484982,0.4845997534705547
work,0.4029483127568326,-0.4468580572805886
work,-0.669637619302407,0.49612143952029547
work,0.6134997842827784,-0.4786803408151248
work,-0.5925360759856241,0.33964524335799723
work,0.5415802902286272,-0.3216815410677742
work,-0.5875165412211613,0.3354424415290224
work,0.5536122565216351,-0.30387669013416124
work,-0.6155506436370853,0.31861455079229273
work,0.5561659093061596,-0.2772460092384656
work,-0.5985804368569022,0.30188483093671153
work,0.586044178569527,-0.25490510628138335
work,-1.1777518084523975,0.7942815200900768
work,0.5406840562558564,0.6066978729054219
work,-0.9314910873081014,2.5580992296067055
work,-0.07929838646070571,2.1361060014319664
work,0.14211619547000917,2.8410778770150062
work,0.14524704943705227,1.754733952135284
work,-0.39716652505331507,1.339484044102809
work,0.4811069161172786,2.9949713352686036
work,-0.15899800996818145,1.6064811849501803
work,0.8266624252100742,3.024959347552697
work,0.12812867671402967,1.6973849125254017
work,1.16161841599027,2.8777606597160785
work,0.42065673138856036,1.5844952421334069
work,1.365167489373672,2.567777705833954
work,0.6521911834433934,1.4004209512822332
work,1.4511968865653335,2.1626940110102795
work,0.7353310257605691,1.0430960605057689
work,1.2781530812899293,1.8139961496549384
work,0.6161617712534802,0.5607440115112743
work,0.7992292298952158,1.1536964918133135
work,0.20171073396554418,-0.23688106679469736
work,-0.30143102204834493,0.23518746634695728
work,-0.47476175672847165,-0.8355705332231661
work,-1.7919951625404633,-0.6304478752903836
work,-1.7898674671178676,-1.7011319324273833
work,-3.91183479493983,-1.337942957408597
work,-3.499172792669212,-2.5733310707030697
work,-0.8179099001139225,0.27881787749462505
work,-0.0793692397573631,-1.0367361757072064
work,-0.2917256373842403,0.4391806791966594
work,0.3844250248883576,-0.4197386641496736
work,-26.55615183671221,-7.853895572115957
work,-24.584945180989205,-8.944826974416268
work,-29.649599829390482,-7.7071375020703865
work,-25.390336973670976,-8.498427155346342
work,-33.01754585627311,-6.298458294690451
work,-33.95275410086574,-9.131632347357437
work,-40.89892217932654,-8.771354404683192
work,-32.89442549719955,-3.7443039139346483
work,-40.355769017262844,-5.684154887800696
work,-33.44396964386503,-1.2398000486761487
work,-40.7079506669467,-2.7684452979050476
work,-35.03288480060898,1.3315380453073526
work,-41.953169140850854,0.10992243097400503
work,-37.40041450246504,4.195842252079151
work,-44.21102290778324,3.2481724050996483
work,-40.844392628203664,7.569843460361981
work,-47.55285182060662,6.831327248112018
work,-45.15922568326194,11.843316920926043
work,-52.29678880436969,11.198256851734536
work,-52.19361625846023,17.546545108380666
work,-58.60772194606637,16.505250308525632
work,-60.7195979491475,24.8032936664822
work,-67.16818930852469,23.692375485834255
work,-72.29775979858698,34.79543921724034
work,-78.79284323273974,33.3925352636437
work,-88.11904947626158,48.92426553713803
work,-94.79896126477182,47.003121207201254
work,-111.44062243437983,70.15981769079826
work,-117.71581547965974,66.90351446480034
work,-146.72542263034185,103.43187084250297
work,-152.57350179438004,98.03850116354454
work,-206.81203794088523,161.66025203174055
work,-210.67281043759309,151.25054983395546
work,-211.25847259292323,187.0383696151514
work,-325.35342718974744,258.67214165883934
work,-333.4316676381237,286.7598517988373
work,-150.49097355864834,148.75840041814408
work,-220.3256782919284,211.19542823596498
work,-112.59757955435066,124.73897698404267
work,-157.96203685684426,169.2527588232918
work,-86.80899613321323,108.40615779605129
work,-118.8506526700124,143.06284742090997
work,-68.70120413376841,97.49303986033624
work,-92.54280324890328,125.81701988722757
work,-55.220744594602415,89.77250135430467
work,-73.5746321100064,113.9322226653837
work,-44.91109691785174,84.71344851430113
work,-59.476090613117314,105.98970932318397
work,-36.12542923057537,80.74447806763875
work,-48.54450451811174,100.95695952212962
work,-29.580767406516596,80.42934589388682
work,-39.88922473830139,98.28191211947005
work,-23.784605230103473,80.89239040088331
work,-32.51688137692619,97.73584522741494
work,-18.563770839480345,83.2047870841148
work,-26.048105224560153,99.28306605093051
work,-13.430098641633359,87.15650149755034
work,-20.039673083575703,103.04684643105509
work,-8.207587485140948,93.76367171386607
work,-14.081135280308187,109.20468507023705
work,-2.368613184165498,102.819950101901
work,-7.68557672144748,118.433535141635
work,4.594359322111197,115.47472049859171
work,-0.32270260070775775,131.45981715479508
work,9.919182952440726,99.42374801616542
work,8.81198891895047,149.79478973080293
work,13.855792961638123,135.22667428118086
work,10.157114013125165,69.83889591666536
work,13.940057097336256,93.13771272803606
work,9.830330248064609,50.340370321799334
work,13.399114455794598,66.57929232831151
work,9.161950595344669,36.71764036892259
work,12.583345696997874,48.711504747656235
work,8.447716352693716,27.09878289676642
work,11.653081483187687,36.28642187569985
work,10.172757893768692,32.29419908202561
work,10.674164465440176,27.25746377799326
work,1.104107469394057,2.8854503395635613
work,9.57714536879209,33.967580061156966
work,-1.0794043378934082,-0.7681717453956552
work,1.7307869695811267,4.0860569465445815
work,-0.9378725508794395,-0.7155268069304895
work,0.8720747086873734,0.5984057207875499
work,-0.981571912344107,-0.7450376271257528
work,0.9054585694576798,0.6339958691503347
work,-0.7767430153318124,0.11921938004016851
work,0.9310618138783544,0.6664988498992712
work,0.10691844812264045,0.6180869163606734
work,1.9517965199669165,1.423144263352083
work,0.9496484610043269,0.7278266372923656
work,2.893109218855649,2.0356691902850064
work,1.2711193856230791,0.523884186496988
work,3.3250283420064712,2.1816113328660953
work,1.1796704707420582,0.07358159621176896
work,3.27399400176987,2.022797266342171
work,3.257617459879724,1.6229552853367695
work,2.6958682799840843,1.6035428929003983
work,1.627361227490472,-0.013394509924974828
work,0.9298697378920272,0.7396870414826091
work,3.37367229632894,0.4715773102202827
work,-0.7032596916729876,0.30811229703058884
work,1.2905707875801742,-0.1828082356902494
work,-1.8983797017057376,0.21827783426333566
work,-0.17688003231342106,-0.44361205782215435
work,-2.61191028034597,0.33393062194405143
work,-1.1643321572312826,-0.4019700957529875
work,-2.5423390717470453,0.7732991599885025
work,-1.8055932327107294,-0.19849215243511434
work,-1.4497447643905692,1.0780397994573216
work,-1.6615604846324192,-0.1560224551182726
work,-0.8170510701748174,0.5958594792663042
work,-0.5120761856573797,-0.613924956042309
work,-0.6264756814639758,0.3758785007067687
work,0.469984898380375,-0.38062790588500617
work,-0.6356973195729713,0.3717526958322674
work,0.5797976402732072,-0.3394169436230966
work,-0.6253963942179811,0.35153453878479973
work,0.58885329924721,-0.31379845765551717
work,-1.3232945426364437,0.9224079021848474
work,0.5475306006929953,0.4929307784082515
work,-1.5569817638223475,1.9053591387273203
work,-0.1389275665576275,1.4949440474310347
work,-1.169326094543024,2.455704648790631
work,-0.3885013550013167,1.9004997930436685
work,-0.8009876649738157,1.850413020113017
work,0.011162960375541474,1.41893568860042
work,0.1415697964514581,1.869111281611017
work,0.3332962500963318,0.5574531848368277
work,-0.2995359408057561,0.0606129445808774
work,0.3258504934588199,2.189889993834326
work,-0.24369718051329162,0.523866165042275
work,0.5594799200187757,2.3071547454275474
work,-0.0913277638881691,0.7611044144673997
work,0.7907469105716551,2.29780278507911
work,0.07098274680780046,0.8114304610164483
work,0.9188896469816169,2.0415968306125176
work,0.21645954734597322,0.663066024307207
work,0.9419644865294465,1.6848015476971445
work,0.22013894316412097,0.3662650705041547
work,0.744944684609171,1.1636855831969541
work,0.04299297064774596,-0.09516421860176703
work,0.24547614875531945,0.6943916449811077
work,-0.4082946779903716,-0.7118407501034254
work,-0.8358797345597208,-0.2889864386458497
work,-1.079909613420497,-1.5046843463087067
work,-2.293232698660014,-1.227923193759698
work,-2.387321838801338,-2.43216665315144
work,-3.3937529757058322,-0.8405125201748731
work,-2.5584114914770972,-2.6979580893191426
work,-0.10710832893579643,0.6013969011592047
work,0.1979350254909933,-0.5401827487562535
work,-0.23931680530146743,0.49856663080384606
work,0.3365294264386243,-0.47249947710408974
work,-27.304921082255994,-10.081402519944008
work,-26.278420775892112,-10.805122504957842
work,-27.962923791398314,-9.102932481047073
work,-25.15818649779472,-10.435093579457828
work,-42.35187751066477,-12.28250678952314
work,-36.785360255249444,-13.084573336184318
work,-50.76801402291407,-10.733725303972934
work,-52.588642019437714,-14.993992940945073
work,-58.01912675354051,-14.958428234892056
work,-50.07650323718424,-6.987957208642982
work,-56.55280785700303,-10.488256492025846
work,-50.507266283077705,-3.453862461681037
work,-56.30818462361232,-6.427795497103369
work,-52.055139957252884,0.025270258540388793
work,-57.54969995430361,-2.4829242239981615
work,-54.816726798282275,3.820013804939197
work,-59.759327357408345,1.5925770089335984
work,-59.03737389670372,8.1495087101412
work,-63.67014971124771,6.083276010260886
work,-64.8925605950226,13.413919006237283
work,-69.254881519571,11.323457493880168
work,-72.81955205050299,19.80083503870018
work,-78.2862618662305,18.29051164835764
work,-83.87061477387535,28.58518389074629
work,-88.59601008466952,27.045684921689926
work,-98.91571584307964,40.53762384837319
work,-103.74695346221976,38.668951742167
work,-120.3698795223141,57.71334563746854
work,-125.1712107726104,55.20623270822208
work,-152.13784870087548,83.60306483373213
work,-157.5648834425878,80.3224685011596
work,-203.37065734043196,126.314797144747
work,-208.38209497746072,120.8561114140769
work,-297.419848253979,206.31215608295358
work,-301.02496312419237,195.77140560780063
work,-522.6546083022165,401.2902736721887
work,-515.3679358169413,372.0699341288523
work,-571.9812409561873,504.4022895937594
work,-1174.1602729903439,927.6576238318353
work,-1329.4513001794508,1130.27636718525
work,-330.8613197380333,324.5025173186604
work,-615.0990974456948,575.3740751399686
work,-222.3358001182692,243.25799905571878
work,-351.17000846761744,365.23695174948705
work,-161.3590265508767,197.93970048225856
work,-234.8834415740554,272.7648415790961
work,-122.78356920185409,169.76267485114326
work,-170.61222909583165,222.5669679572104
work,-96.32941842909231,151.3941874901195
work,-129.3491073796014,190.8070061124733
work,-77.19557907427124,139.30641000392635
work,-101.70456833170485,171.0889165341499
work,-62.70019942764072,131.71645053008865
work,-81.5777496683473,158.31907344301086
work,-51.45544366477355,127.62779009853767
work,-66.7176883401295,152.6837239735209
work,-42.015910812557465,126.64589592578183
work,-53.42249338827504,147.3709471169718
work,-33.82861420184553,128.59947116986947
work,-43.38961973762832,147.99959252144356
work,-26.269512159313685,133.5716043006399
work,-34.424917289206654,152.06537113971544
work,-18.84190879235042,142.06846128920384
work,-25.93771446803614,160.76631196464533
work,-10.833986800300119,154.8739302914134
work,-17.015073888350678,173.41705812634666
work,-1.5398418471262922,173.4614917857851
work,-7.154053370525275,193.03610262818913
work,10.229645499051236,200.37952771467215
work,5.013762865498661,221.67068651963717
work,20.388995887304375,164.25905736525922
work,18.546482671596305,251.30545116450537
work,25.40363385110306,222.64699402361708
work,18.96906421281759,111.06349332237771
work,23.52120277826576,153.14618845850566
work,17.477391664463966,78.77848277577635
work,21.157597507396854,105.14985128963943
work,15.982725648276134,57.48527700352978
work,19.052850039213045,75.37394769284569
work,14.539312199514482,42.863443865968314
work,17.265345746309364,55.52009123869409
work,13.227797286337802,32.38830512765202
work,15.539048939140939,41.513147063952665
work,15.923852754141997,43.80423557556268
work,14.092534409878,31.64912133922388
work,21.50692237148278,26.58316906460269
work,25.619258375083806,39.74711828533997
work,15.520425761541524,15.69019843870021
work,19.94480348203698,27.556578617968682
work,-0.38469892502109415,0.08889386059129417
work,5.391565702589013,19.646611060383446
work,-0.413668087318046,0.03282933039482203
work,0.307027645207278,-0.1790057866425661
work,-0.43559300129738626,-0.022159327668998606
work,0.3159287336954087,-0.11803299648476977
work,-0.46340981375469315,-0.015391132421987745
work,0.3934859474372153,-0.036784378751212675
work,-0.4746591337353033,-0.0527532704517573
work,0.3467192964401043,-0.05051204558609301
work,-0.48064332965215006,-0.07238017316004562
work,0.3607520832658802,-0.000984341650931344
work,-0.4738999374982452,-0.09400063621527226
work,0.34090758914291464,0.025080729300288724
work,1.6291530246220325,0.6643054959877683
work,0.0030258866078600893,0.514192988731229
work,-1.0722488486657569,-0.7561750263571461
work,4.086270065540161,0.8075662558053203
work,0.7890939080779062,-0.48632682330634547
work,1.8621336037567715,0.08366673760564189
work,3.6722796809146496,0.8822440164515397
work,0.19016421703904038,-0.19661369157032663
work,1.6123772758468675,0.4124324618144919
work,-0.9228205461032207,-0.17271981870069592
work,0.08623794025142295,0.1658458174143504
work,-1.6807999372963613,0.006053368703605753
work,-1.020196167576593,0.2334814897505609
work,-2.127145492882183,0.32928337415661907
work,-1.6902977049182564,0.4608099665926941
work,-2.3215751685171018,0.6918726267129567
work,-2.0901663197456974,0.768155111016466
work,-1.8498498133561918,1.3587051641155288
work,-2.115966916993355,0.945762203996515
work,-1.6798708324162086,1.384295231578356
work,-1.9870352835675877,1.1022266674349912
work,-1.7518096694998424,1.5045728307018453
work,-1.7486322887134695,1.3339127327373457
work,-1.397992721460119,2.011510018304259
work,-1.7849902907664765,1.7655880728864723
work,-0.9571292470912571,2.0416411399872754
work,-1.4101452737083804,1.7390744471550652
work,-0.5333712721484952,1.7556824663630752
work,-1.0513372682754556,1.5183275119955797
work,-0.13230970077123796,1.1714444072070858
work,-0.6320277971155618,0.9952723372076067
work,0.21425508087194156,0.16187292807954978
work,-0.27651786614336804,0.0844094322267803
work,-0.19097299890491404,-0.5012783464896512
work,0.4234007312338613,-0.4558787555075297
work,-0.30628392799808757,-1.0470039676754137
work,-0.2246458770407751,0.047092983961320146
work,0.25447530370931887,-0.6392340157836971
work,-0.15564625677693197,0.3440887497152291
work,0.20052316313848903,-0.1649415078817079
work,-0.083663079947542,0.42062378997725125
work,0.2084921451687838,0.07506740719355037
work,-0.014534238883278119,0.29265753854472615
work,0.164059119113278,0.023883142254980512
work,-0.1162858790523994,-0.02052052583696292
work,0.06109405351633056,-0.1249063101887713
work,-0.4075358803834685,-0.5103584612738338
work,-0.20194442021047712,-0.5408111478102867
work,-0.9985488290037616,-1.183544262404449
work,-0.7144720219220142,-1.1274361427273263
work,-1.7700974909880567,-2.064814502219839
work,-1.8136164554857417,-2.1785851842385693
work,-2.933220614944717,-2.4169189937429896
work,-2.496422106754227,-2.632294754701266
work,-2.1166257076357486,-0.7142346175425612
work,-0.6553846907300099,-1.7088253691782949
work,-0.24095622926961713,0.005901020354530239
work,0.35180022070738076,0.06519915794043436
work,-0.2585277813042023,-0.03156347040445111
work,0.3903765195261053,0.05499580872299259
work,-29.77686264570234,-13.372589320037331
work,-31.68888667788839,-11.14090150820039
work,-28.61344266174352,-12.547009767441054
work,-26.622323473018835,-12.411057605191573
work,-41.589486935867356,-15.848322323675058
work,-38.36877634836332,-15.748459598717801
work,-59.34365148645846,-18.565075524102326
work,-51.8533692450598,-19.272783458095173
work,-78.1969521395465,-19.237084914066184
work,-78.2852052332996,-25.616373973038154
work,-88.61759708842956,-24.24227402024008
work,-76.16650346791198,-13.45480164444186
work,-87.45484505718329,-19.076134513072294
work,-75.92753464833831,-8.226995186086596
work,-86.02435971136237,-12.889095550140997
work,-77.1207996274737,-3.163502724246809
work,-86.78911793325723,-7.107228244297016
work,-80.51581891711201,2.0293281956638713
work,-89.31884887421074,-1.3460464644075518
work,-85.75777011589103,7.815287187000441
work,-93.95685066525773,4.826489022441635
work,-93.44948499525034,14.599623256463445
work,-101.26562617186308,11.784171882233128
work,-103.47481988275368,23.057407341080914
work,-113.83152485734293,20.87051217128237
work,-120.50746344256528,34.75361084821717
work,-130.28838785961148,32.66452972613894
work,-142.68293660836719,50.47234672461893
work,-151.8517689563181,48.3725054002525
work,-175.62497752996063,73.72876664420683
work,-185.54935239388286,71.07507290222905
work,-227.3428621425746,110.63589414460355
work,-239.56475480197062,107.44881469505613
work,-321.03039877157937,177.88077435621176
work,-335.1208567427761,172.4833725264258
work,-525.7698273070584,327.27986769714107
work,-542.0675256682681,315.3186097383264
work,-1332.989833346055,922.2887055233865
work,-1326.8707190575763,861.2678363321338
work,5438.5296640033,-4173.601329169952
work,8259.027374603254,-5893.704711492687
work,2720.0781933230815,-2355.2793661510336
work,1191.0193388671614,-935.0281032314664
work,1050.3757545340031,-883.4396800403297
work,-3479.7988774444425,3349.776179672132
work,1903.7374818869746,-1765.953154701808
work,-811.4382774174802,867.1977837815049
work,-8826.522821277129,9005.450490137382
work,-431.7006824403199,514.3191541419027
work,-996.3256697467863,1128.911884340343
work,-281.16207159359857,375.4424362619837
work,-496.6611802334056,628.5621434345461
work,-202.63563237143032,305.43077054701695
work,-316.72121041326625,450.36851720883
work,-154.00372931963653,264.12577620182225
work,-224.66451883889513,361.6017416269784
work,-121.24403304764472,239.30063638901507
work,-170.20353081396001,312.9238925303572
work,-95.82839083471092,221.49397413368038
work,-134.8703701826617,288.3736484796466
work,-78.7537575850235,217.89593941264556
work,-107.35835097790657,272.5910729909312
work,-64.13497580284498,217.88875211042244
work,-85.52156870354547,263.80740816098785
work,-51.493145400993974,224.25349823544673
work,-69.36540027303967,267.74491271817
work,-39.49855022353854,237.12810913079397
work,-55.0628398564493,281.5445521575388
work,-27.4073724187532,260.0781732718564
work,-40.93183448092116,305.6177738905881
work,-13.522611348239373,294.87590937791975
work,-25.41525699391651,343.95371867296564
work,4.321042299296662,349.232627921223
work,-6.449911305380773,406.8792330208485
work,29.14615136268908,400.93734200265675
work,16.771124825493743,476.67833333063385
work,41.96686511100219,316.7909131823715
work,47.15390250504957,531.4871472387606
work,56.30012070297979,446.1784610170753
work,36.58762350394835,199.62754360589798
work,47.913467073090075,278.5917882201428
work,30.952654866495234,133.2775515470115
work,40.052774420490984,187.16239071511004
work,26.952885220124767,94.3736746942926
work,33.5283838100755,127.12283725692383
work,23.77119641626766,69.06386117634271
work,29.073332754329414,91.00609036145002
work,21.323752711384497,52.019898442571254
work,25.59128831834561,67.29785300745452
work,19.253301929136903,39.89767533423333
work,22.786039103619185,50.877191140387204
work,17.5479318854954,31.06284224675209
work,20.592026914701325,39.37824702045086
work,15.765255885265551,24.139531626141604
work,19.17574633196173,31.01675260387286
work,20.44764555016927,36.24396398319613
work,17.70261848639975,24.512606820398638
work,26.23327463523592,22.86309844137422
work,31.463265404230047,33.323489752893586
work,21.124992892334035,16.813489955460355
work,24.897466943144927,23.59074668839654
work,17.856338005803263,12.962782677944217
work,20.863158713221686,17.38897375889235
work,4.4151272805356925,3.110026070525211
work,10.037035245514614,15.267116690261673
work,5.6133228573944125,3.4877117828638893
work,6.487904641474659,3.037146791453171
work,5.354935832314278,2.9805158215309335
work,6.6598089460825225,3.7586337048724103
work,7.7968923651406605,2.408439218467834
work,8.08883661714703,3.234172103768132
work,0.9576083769489289,0.724728452718807
work,7.395007483748207,3.7651821691680487
work,5.988815363589131,2.239315862258798
work,0.18375987396593513,0.06814008025192247
work,-1.0353936168583429,-0.7221609475432282
work,3.3651521963374513,1.2975145991942665
work,-0.32568967073358635,-0.11147274199445675
work,3.0515469844010283,0.0024568313720587155
work,2.789500765495425,-0.13438988524784018
work,1.217911051890063,-0.19878485173294186
work,2.9002844627539655,0.21220411272390488
work,0.01210939571623541,-0.16955266563097413
work,1.2247453427558355,0.09578815424773503
work,-0.8056588771197278,0.021592412874782793
work,-0.0017977947244349713,0.1569559677211808
work,-1.3098189194208603,0.27765628948569193
work,-0.7322439209792284,0.3554822621039235
work,-1.6633389491989756,0.7966722361438495
work,-1.0683801868328513,0.40980180674224814
work,-1.4550819601537273,1.0396868856667474
work,-1.2399188873274993,0.6938547900941464
work,-1.3215445281032827,1.256968703155228
work,-1.478549277659056,0.9436484929000685
work,-1.0523645522034106,1.3465519837442042
work,-1.2963046163140421,1.0533797633804154
work,-0.7248846589729635,1.291312639023287
work,-0.9918542239784746,0.9289400714163845
work,-0.28117478248407934,0.927644737512558
work,-0.6171942675462282,0.6343218134231066
work,0.13726965529605628,0.26498297888228745
work,-0.2750306517740488,0.02711381329985074
work,0.5264665481379516,-0.8408167445172929
work,0.1397336025917298,-0.973020987603769
work,0.33720165329760865,-2.9170179932421045
work,0.8470043157688895,-1.5920247692557374
work,0.8382140759012019,-3.250723527753805
work,0.9867642006419602,-3.041743134585012
work,0.12935276156091016,-3.755089154079919
work,-0.171086187270768,-2.483148235193003
work,-0.2562210051940201,-3.2534164736307964
work,-0.3572885442577394,-1.8982307961297242
work,0.1354924133295334,-2.8409034925733825
work,-0.48824300082587135,-1.6100454413960996
work,-0.0899321352274917,-2.341331958414423
work,-0.6053015030499189,-1.5309930058089214
work,-0.3555038716871087,-2.1804506952799585
work,-0.8569321838545101,-1.794428174729308
work,-0.6196256636153109,-2.250063913298236
work,-1.288063315294306,-2.2298325848032916
work,-1.0614006876166433,-2.5156579579624663
work,-2.009807195352659,-2.903437658860363
work,-1.7108175355663047,-3.0865216353580887
work,-2.3119494277032153,-2.186057613432793
work,-1.744082127034759,-3.500084991434623
work,-1.9163820523702098,-0.6832148919303886
work,-0.7099111586584934,-2.1979926253047877
work,-0.13197031374135826,0.12671191139519636
work,0.22259008499474378,-0.03621463903998386
work,-0.66602185369227,-0.7035005048472127
work,-0.5581729043569439,-0.3856560227504328
work,-11.579935276538937,-16.982549324424586
work,-20.125566828383352,-9.445538199215669
work,-40.94489959868382,-20.819073113956037
work,-30.960813921694044,-26.381547316895052
work,-31.45248091141089,-16.519378534311816
work,-29.525543116134678,-16.470273303649762
work,-45.004333210363875,-20.791905623826086
work,-41.872900190149565,-20.723391833602115
work,-64.83431477227666,-25.47045640351884
work,-56.14614375900435,-25.2814939355054
work,-87.13678608609264,-29.609009768739824
work,-76.3508679036625,-30.025868492196523
work,-119.52365382871092,-33.96489644739463
work,-117.67097327796887,-41.026434062563716
work,-134.35724345618024,-40.28838761674702
work,-120.43567396514025,-25.355521388637236
work,-138.1892534464952,-32.85322026240362
work,-118.26002705692895,-17.091022836378972
work,-137.75133708811444,-25.166356752163136
work,-118.85168106929359,-9.496900492555817
work,-136.7163811604002,-16.0565893259664
work,-122.55790591049991,-1.878324434676105
work,-139.31078589048394,-7.411886554366263
work,-129.54194575679298,6.205088620986342
work,-145.33419219371223,1.4938024853834055
work,-140.439924350432,15.543280752817534
work,-155.79486142511487,11.426312463034284
work,-155.44341396067563,27.11250660702377
work,-174.58478514596015,23.98411930129758
work,-180.48631988706174,43.29014421681216
work,-201.03817359298563,40.59800854031717
work,-219.863405435705,66.60271749446711
work,-241.41882627068955,64.33843371460284
work,-278.6402017140701,101.90247353051011
work,-302.38448696332824,100.01383394282603
work,-382.856326188586,164.26468970787954
work,-415.1159100744231,163.16530087615254
work,-612.0595846537433,302.0413250842487
work,-665.1523717864244,303.19048624801496
work,-1463.3037756761794,816.6924476346345
work,-1619.6923572174999,841.2136949812867
work,4315.199964829479,-2691.249434063861
work,4083.512825091177,-2382.6054125421806
work,1022.0822716370413,-708.8309171249339
work,1058.021540876873,-682.2874819133125
work,627.5652070124164,-478.1752898935561
work,656.2419999491412,-466.81088291879917
work,556.1392256086056,-477.1667367037869
work,474.5423964120807,-370.2204182451112
work,449.12611056087064,-374.07101462845117
work,670.7795822081808,-633.1597074410054
work,508.6864939727205,-465.7452712184025
work,955.9433031727397,-999.8709234952103
work,588.9212502199266,-593.2307345203885
work,2638.2136384202986,-3060.5247136908247
work,790.1744689210431,-875.4059464574641
work,-2720.262799428009,3517.808493691559
work,1517.0334212965859,-1867.188193262627
work,-833.4496507342008,1209.2161964153195
work,-86482.77739283003,118895.98176632314
work,-473.3596289129487,775.6556663290788
work,-1322.8647861759077,2044.1838548785634
work,-322.0820913724618,601.6854875805789
work,-640.9792846076332,1122.7192502921253
work,-234.31721437024564,506.4892997797626
work,-421.13449732451556,848.1707318260421
work,-181.02217805750513,463.17535532477154
work,-303.24764684941226,714.7142963032397
work,-147.14432323724964,454.31802916971117
work,-231.89278010272284,653.0802237768286
work,-119.96857208868181,460.4964328266326
work,-182.25646915963543,629.4116399035549
work,-97.32845601694643,488.9850532270038
work,-149.92669161130954,658.9323476008176
work,-75.80833368701822,545.908908186403
work,-123.06478829918683,735.1508356488014
work,-52.275335236276256,648.2633215822914
work,-95.82519603606357,880.4268249717123
work,-20.065916457948518,841.7864192263545
work,-61.27903549772137,1184.6906524674498
work,35.487850120650926,1056.4757948554397
work,-1.6009608470252248,1648.56550234884
work,111.19980399426478,1298.068227215984
work,106.83747582289041,2105.9897925778037
work,115.65454682033224,798.4872651950448
work,347.49842514207114,3393.904397696415
work,250.49043458282736,1820.9892595627466
work,80.26326830535989,423.2300990288765
work,118.1282755317645,649.1287383081667
work,61.40451615794267,254.05122133692748
work,85.37548575024647,372.6318637900825
work,48.542564355385814,165.6981111794729
work,65.6167359468777,239.75322268512193
work,40.55999103208097,116.23843089864174
work,51.99962024131633,159.1171337054661
work,35.053146345722666,85.18724201702697
work,43.522779299506645,112.99538782080543
work,30.974312854696443,64.52402630135816
work,37.57793141929051,83.69058700817556
work,27.864078637164603,50.03189243238407
work,33.230441140909605,63.794490032635345
work,25.03578641525693,39.058082243800555
work,30.35922611261245,49.959742769373186
work,23.10410611057042,31.054520371290227
work,27.806670811182695,39.52092804419322
work,22.07292023024998,25.690549978237748
work,25.91128704736076,31.781590511038786
work,21.182717727551644,21.345717052434544
work,24.332394904187847,25.72427246475154
work,20.761451475686467,18.057408944567527
work,23.68728637116109,21.518849806772632
work,26.48680730483188,27.659585763105238
work,23.540137659789487,18.363830287679114
work,37.20821401822616,22.210062643017896
work,41.29374886154194,26.991641956728305
work,38.12901482833238,21.42871262467315
work,40.44553133903354,22.798883610769206
work,42.863664644795975,16.290812598227795
work,46.30216067953966,21.904098762090374
work,42.3716820134492,15.271496529918261
work,43.93728078724126,17.720847719985677
work,29.40657834548231,1.4912248836202422
work,48.09864426253852,16.06760641177283
work,41.413183341638806,4.9948911963977505
work,0.9212100450609486,0.7020483004064578
work,30.913390257555616,11.060750813946237
work,0.12051197724880766,0.11033744042411954
work,-0.993617451760795,-0.6843291790551482
work,1.6312956756690886,0.6245735452591739
work,-0.2556003872212512,-0.1313332908672184
work,3.5856782783172334,0.2090422617043548
work,1.2457203394563274,-0.7368444424379765
work,2.7185025440232695,-0.4492940006130093
work,3.468868036919099,-0.47295271434555747
work,1.3623291770121113,-0.41512877146615884
work,2.8083666594619827,-0.2385945075978435
work,0.45056500442153524,-0.28392992231457526
work,1.480407850637836,-0.23543053891791393
work,-0.2549917950951802,0.11580659778601109
work,0.7370490037712768,-0.284430411034446
work,-0.5276465495151791,0.3186813066650391
work,0.2182755797508128,-0.1243951080950161
work,-0.3545223165120072,0.4037070468989987
work,0.008688498443208688,0.004484414727495641
work,-0.23747491978776014,0.3988953263581405
work,-0.2351440742070624,0.03609975993945562
work,0.01887717207974044,0.24051069169655911
work,-0.08615110562033382,-0.16796611996254499
work,0.34906364298985065,-0.1972031861212192
work,0.2159618323949714,-0.5483472660946556
work,0.7775820721788581,-0.9687718035218704
work,0.5737010359614744,-1.2568680217736274
work,1.178840759859638,-2.179959712556574
work,0.9468986549667952,-2.402719445774355
work,1.0480095874006319,-4.366775233756032
work,1.632526770163527,-3.114689453301453
work,-0.13143996968550503,-4.078218499432091
work,1.8270316787924947,-2.0211817735032254
work,1.2473630996862248,-1.5787394903362204
work,0.7448309141337708,0.30362879014995525
work,-0.5916597433584293,-0.676047239365613
work,0.8400097512750866,-2.2751142257856465
work,-0.5650115283530602,-1.9529186934741454
work,0.014526721148259092,-2.4438482449823247
work,-0.6192021169271078,-2.649024937428275
work,-0.49396082778797135,-2.958149244892721
work,-0.49077016931785816,-3.4809158694096594
work,-0.8722175771989835,-3.0438546300900367
work,-0.6909050122597065,-3.8563492509036212
work,-1.2051948659859149,-2.8265254766622747
work,-0.7931817253871088,-3.82215324824639
work,-1.4475609434998415,-2.273073953056946
work,-0.7801188887831704,-3.41090603698493
work,-1.5908121772221882,-1.1920818197244045
work,-0.6012943610721513,-2.5331894735026648
work,-0.6959655132209114,0.1164552647034744
work,-0.28939478454398576,-1.282220340626137
work,-0.04368702895550853,0.46806957332841215
work,0.12340588861821385,-0.3712514514597635
work,-0.48324918179179377,-0.5532486660505945
work,-0.5179894072565783,-0.7214907588025407
work,-2.9134637969394186,-3.446016053811589
work,-3.579407298070885,-2.592239166863248
work,-27.805855423302365,-19.09172668008666
work,-29.499880182819947,-17.192237354536754
work,-25.065545420110954,-17.46383920063944
work,-23.86818136701311,-17.678973274055902
work,-35.18146980370926,-21.634527437627572
work,-33.22456873180761,-21.794990795481432
work,-49.71893424199427,-27.086446502339534
work,-46.687834614580716,-27.163307029888106
work,-70.84599641889082,-33.34722524681365
work,-62.16087124441342,-32.98189435629937
work,-96.29617155940882,-40.04626819413321
work,-83.78060708826054,-39.301870152787096
work,-132.9835120160963,-48.398771785015015
work,-115.8631556335809,-47.9264627020211
work,-189.64633662637277,-58.08522211523428
work,-188.32555302353012,-69.46590493404426
work,-219.7108761054513,-71.14193591257927
work,-195.23955785533914,-47.93913998134395
work,-224.70830472642803,-59.19907502770082
work,-198.88926945804943,-35.393395745008824
work,-234.99451002443627,-48.16152518303881
work,-197.49297959828326,-22.841877016277937
work,-237.04841890228965,-35.58506514689664
work,-201.51218130844023,-10.726888353027846
work,-238.77746201169285,-21.11412743979348
work,-211.40540529354953,1.7876035099345216
work,-247.20551207482106,-6.760428930884652
work,-228.41490076662316,15.696083526356308
work,-263.7146684207964,8.754699761018886
work,-255.07026948738948,33.10136471006802
work,-298.1991342139439,28.38501956414655
work,-302.3988977714588,58.2732564846199
work,-352.3584346252588,55.358239834259976
work,-380.61515052485225,97.28429515276933
work,-443.20113247069384,97.00694606530509
work,-528.6034991548576,167.2034036261747
work,-615.1454464694995,172.75343674750133
work,-865.7301569000161,325.8969981423573
work,-1026.8019021300647,351.703214291391
work,-2470.067766293183,1081.1501077826294
work,-3538.6401060719277,1423.3510522413621
work,2978.5987693042957,-1488.1966114619809
work,2476.853260197171,-1145.6442437082328
work,949.8390141338319,-533.647115449104
work,930.6870819390962,-487.29691157529953
work,606.2366569289609,-380.03105315378247
work,610.6501209012367,-355.77963749119897
work,465.72346647738846,-321.72572733161354
work,475.5456641600596,-306.6238687128779
work,376.95100496580693,-285.3207431447073
work,387.89843293494033,-275.0188962979601
work,348.22770079619494,-296.19261146575286
work,326.6472028993884,-253.31260459971202
work,314.1591351409168,-259.29293613585384
work,370.7242008807953,-345.87330582473567
work,328.8025403614309,-297.44917955099737
work,395.5967027770608,-405.2139727385074
work,344.4468610279542,-341.79814782838815
work,441.1061368714909,-499.4719908692034
work,360.3085263998873,-392.669854977895
work,540.681154658327,-679.002583627961
work,395.57362208412684,-474.5438702659856
work,717.8838869420943,-1005.636931820868
work,459.9601785160128,-613.0824721651026
work,1110.1052772219189,-1745.571145439226
work,557.8623542960659,-830.7065167777307
work,2582.6191937882054,-4591.9161726512475
work,718.9033800647306,-1204.4040290746584
work,-6605.915607580243,13456.226645953353
work,968.5636631502693,-1849.3048200261753
work,-1514.7903275126625,3601.9066741446713
work,1441.903659152279,-3183.4081557944664
work,-877.196110415174,2484.8131281562123
work,2466.3246429380897,-6404.558578389985
work,-680.3802190627923,2348.2979431970252
work,4756.867876127323,-14872.465839595954
work,-607.452804822335,2645.1672197121165
work,5666.094197238889,-21997.214398436605
work,-649.0952769427691,3799.7764072834543
work,1656.894123017068,-8335.476815660693
work,-1266.9521808089055,11161.746032473742
work,567.1496161119288,-4006.1224893085355
work,426.02380100947306,-7349.01888833266
work,200.54054571895782,-2338.796427950842
work,10.320436841699307,-3493.271759501442
work,60.76425146759142,-1732.9066636978853
work,-120.881501481683,-2543.6499959614807
work,-23.23346012769317,-1538.362487801215
work,-180.34274686906605,-1841.7966905071328
work,-85.19186631577422,-1308.8671532577332
work,-806.3242634305316,-5158.930773329249
work,-125.63018188995773,-1091.970139232713
work,-201.5054152095022,-1358.631129636866
work,318.00367255434765,1589.9074199872057
work,-66975.33119317336,-349714.4677005809
work,157.13257588365664,637.9244887197958
work,284.0172160632227,1197.2441058719187
work,103.9341794646807,346.68936646020745
work,159.77229968196747,558.9918424533852
work,76.4730733593989,216.47410934533477
work,109.60333541721133,328.7509341662954
work,61.359423275739374,148.62943219195904
work,81.52351657349851,209.4378700513399
work,51.728285665525064,108.15100079996526
work,65.69521140369874,145.93853324740851
work,45.0954260450817,81.99297073718103
work,55.5193765252723,107.2928849210595
work,39.95080319496161,63.46807710625511
work,49.088875053498626,81.99200480385299
work,36.42386094508345,50.21607133019401
work,44.175514464881495,64.1865193914113
work,33.883158976902024,40.48623027608782
work,40.614088707187875,51.37620225628884
work,32.555313248510075,33.970250916303954
work,38.03532993573004,41.85177327241177
work,31.72135022699993,28.812722207406132
work,36.23561204123324,34.438562001342596
work,31.53175887097919,24.748145880286227
work,35.706710496914326,29.418437188097283
work,32.001981253370765,21.512497408019456
work,35.89355196628248,25.503005036800243
work,33.15002734516755,19.00456797789804
work,36.76082566193583,22.310738594152582
work,34.22253445603204,15.649371779908249
work,37.30858334207634,20.07298869801121
work,34.67352332272332,13.120643093075332
work,37.31541007778055,17.011785481411103
work,35.79160028856691,10.835985888877243
work,38.008421020334225,14.390960864896549
work,31.681243583873684,7.74771457021717
work,39.403885233134545,11.972511112090308
work,36.23158174391768,8.587784388742216
work,46.47560150205843,11.709048478760344
work,28.18809494958187,4.996245279083185
work,23.265245421053727,-3.7515337671559217
work,39.97386602918342,-0.0697150874336496
work,0.0492976916763581,0.14453024937344958
work,24.232217725553564,6.744541035014854
work,-0.003956527193468967,0.171768261889235
work,-0.22993193231450923,-0.19265211093445697
work,1.6698202630145282,0.631589484839718
work,-0.12640498315068388,-0.16321956489751557
work,3.172555188532371,-0.2607396202870497
work,1.6834507383285753,-0.9481400868717391
work,3.2525093993543535,-1.0651570736410356
work,3.3878281540572095,-1.3705219970772053
work,2.1109056258133454,-0.7829827190191941
work,3.6031962037899534,-1.2439581844765166
work,1.4134902624278054,-0.7250612931940345
work,2.654401426605928,-1.2305605206153356
work,1.0714764869997302,-0.7153347467615869
work,2.0666952826823968,-1.220000893125276
work,1.2071796340305954,-0.8442678909391117
work,1.7869850319837963,-1.3070764567394781
work,1.3358187845059075,-1.1135352545744994
work,1.4732838872198915,-1.6011833816562466
work,1.5744034105890794,-1.6856568826340088
work,1.6453124060889612,-2.127793854026969
work,1.9049258470028656,-2.6372205424003043
work,1.9573508449204895,-2.9769115535849733
work,1.4375873625722668,-3.0038345602985785
work,2.260103177929841,-3.0443340941612327
work,-0.06095712032726294,-3.0526898234471838
work,1.9336231488353333,-1.4864801972025672
work,-0.41641491065806696,-1.2381934929667022
work,0.682505652601928,0.25513969907075573
work,-0.410838309819577,-0.7874957311033903
work,0.3666342456351065,0.8576923601575909
work,0.601242686097249,0.06715608243642768
work,0.37535417666523924,1.0003886801951254
work,-0.649452207294556,0.11203321391938051
work,0.5534753517422221,0.154872599122171
work,-0.5905165284297446,0.031043984312037445
work,0.5150915097119427,0.20712660350547446
work,-0.5325256219507195,-0.04521846588818656
work,-0.033715909505237354,0.49182613306431744
work,-0.4888396796540215,-0.10327320726464802
work,-0.017293076855960723,0.4979465877557464
work,0.01943068627728949,-0.3439954000493522
work,-0.05176673347892722,0.5047692830491844
work,0.06589295602411797,-0.34695833441901747
work,-0.10068877295915903,0.47056042196065234
work,0.12791979242341467,-0.3355240764176024
work,-0.10467610658588196,0.4285307988926212
work,0.1871797225382432,-0.31169148136278796
work,0.0657672968247048,0.6277391329142483
work,-0.004190274810346826,-0.5081308044331474
work,0.015324714491604616,0.5949534997361723
work,0.058180294160556374,-0.46898873701523586
work,-10.339806844300618,-18.59138553006643
work,-16.813978000816846,-11.026596193840893
work,-18.85333567415489,-28.139928708846803
work,-20.5152296016941,-26.560277965641426
work,-38.922355943863835,-29.30089103867442
work,-31.385104767427183,-36.83759473083233
work,-29.045461098061317,-23.27142939916573
work,-27.930455942839096,-23.772622582468124
work,-40.225278818715566,-28.49145267762947
work,-38.23785760837695,-28.916891978357953
work,-56.12167902557063,-35.4047976488572
work,-52.974288763328055,-35.71294035810892
work,-79.15789635433883,-43.598369196851365
work,-70.35916108321967,-43.19133733297911
work,-106.97415086250645,-52.522598662953634
work,-94.17297200291254,-51.50241499276878
work,-150.09560809360417,-65.59411828290365
work,-130.05888518424965,-63.31968770285155
work,-220.0496000197205,-85.0251757819236
work,-188.26635198260664,-81.48476863746343
work,-345.6189514576517,-113.03515949375252
work,-348.2579586676944,-135.12010301296192
work,-429.803901358622,-148.85624200258982
work,-353.5003736496101,-94.78909495766685
work,-434.61293589863266,-124.81548368068371
work,-372.34329584216704,-78.5392922526264
work,-454.47507982013644,-104.51405002358707
work,-385.17178399681364,-57.08329704431364
work,-492.2472261110375,-86.00765084696584
work,-387.4568055510267,-34.16633112730296
work,-510.43264679660393,-61.909610288716756
work,-404.8340448603962,-11.648594179510814
work,-525.0964409783896,-32.60861509217102
work,-441.19864999230197,13.270321308562034
work,-565.8863708298937,-1.9332400967320742
work,-514.3173201014815,45.70906850357096
work,-663.5307631399936,37.37220523476194
work,-655.4562196578993,97.79144029634955
work,-867.2428239326217,100.10975524345339
work,-953.4053417436367,199.61735781905148
work,-1344.1802278887385,235.30392289389295
work,-1894.584824420327,510.94748786601644
work,-3458.2997684435395,811.5512069250371
work,55230.64142409493,-18148.06121637438
work,5257.044028998144,-1545.4325200081714
work,1684.6353888127196,-651.7962400626438
work,1414.548124447213,-499.3625715430932
work,854.1810443385667,-380.7652666889893
work,805.9715024447927,-331.0876665780102
work,574.710733898797,-290.38843506531106
work,564.8471530543843,-264.98409812976115
work,450.6905847757421,-255.1949328686292
work,451.08844973233744,-237.12622782994478
work,381.6342740651709,-238.98929982130787
work,385.86066460170844,-225.3518285213498
work,329.75496679507495,-226.91512112116988
work,335.6544980519191,-216.28011858596233
work,289.567553402173,-217.80314799892076
work,296.15487214282876,-209.27650509612548
work,271.75809600632596,-229.24622692741715
work,264.68163023580746,-204.06635047754273
work,256.4436448053872,-209.8591009206329
work,277.3930372362252,-255.98101644695478
work,259.8794934354646,-232.48167566192686
work,282.48332020681556,-285.4083425652745
work,262.87699936729973,-257.2733889461012
work,286.39358357395196,-317.22348664323647
work,264.90163789073824,-283.95664968854794
work,295.1974211868068,-360.85031810849404
work,265.413259972145,-312.03476980824473
work,314.16877664530205,-426.1603901184841
work,271.1077591338625,-351.0419365087342
work,335.9241427548448,-508.41421151707834
work,281.7741383453544,-405.5867342083762
work,359.90164025133305,-611.9703622474615
work,292.31540871657035,-470.5629939081776
work,378.528820494656,-731.4008816167393
work,298.43635801446067,-542.9930251539918
work,386.84520130459634,-862.4158890208516
work,296.2850483191723,-616.9442259490444
work,378.2308029955122,-989.1742738072118
work,285.19574407833545,-689.8538490253857
work,345.61479495701195,-1084.5616232289278
work,262.13399772654367,-750.7646510183185
work,287.2885157613685,-1111.4359961903533
work,227.2489695084342,-790.1971685826129
work,211.72453775004047,-1053.5766966843005
work,180.65310956911733,-790.4330250886921
work,138.6556894982408,-956.6421647855249
work,129.6898620623761,-752.4720514068163
work,76.24454835101794,-844.8958391511462
work,82.02927412392357,-697.8447320228347
work,29.250040906925083,-784.4651850818527
work,44.39761662171702,-659.4351182364137
work,-8.833841121516029,-750.021161817659
work,12.02882078902402,-644.5642852535346
work,-42.498003449543695,-700.8454966419046
work,-18.53947038204082,-617.6273892393208
work,-70.47300810555319,-643.9873237489014
work,-45.71175282003438,-581.9693864737147
work,-128.42775075731853,-768.2443726115846
work,-68.81690432239492,-542.4560727067385
work,-92.30359759473565,-582.2054760473728
work,-302.7129863171694,-1442.6129312929543
work,-169.8507004241367,-846.950870092741
work,-142550.70961361044,-559286.9234525926
work,-436.1556112133201,-1780.0302108295648
work,389.3948901526861,1286.4904107378677
work,2077.1652599570716,7107.3495976489185
work,191.02672448252315,534.5603434836365
work,369.94526774793206,1081.3703138395124
work,125.12444156273085,302.3005680743608
work,201.7743887800653,514.1139574625846
work,95.04121533520512,199.72977121084105
work,134.21100614028177,297.42528045618036
work,77.64833402275342,142.67687728845533
work,102.50442545697096,198.815355630677
work,66.63722702959113,107.38954230728035
work,84.5817046305444,143.1901522495076
work,59.21637843373485,83.42450669125105
work,73.35254257470793,108.81033921610508
work,54.0017850703124,66.54008414807701
work,65.6387145897176,85.2865458400644
work,50.37243813360046,54.22123786678441
work,60.23038977428392,68.5296963221439
work,48.28813133407732,45.592656573171496
work,56.52093044098373,56.34361550423247
work,47.490336495631134,39.09904767278278
work,54.52584502524584,47.19783317486824
work,47.658168076247165,34.03926609968646
work,54.178671644665556,40.78080367935788
work,48.76951376596728,29.951635943259078
work,54.88517061695893,35.69302420662815
work,49.854631456877264,25.263941436319453
work,54.915758790036804,31.682502347962952
work,49.871045389566994,21.385493267857097
work,54.31037982594945,27.038451264641644
work,50.75148037879713,18.046525600126476
work,54.63176628265042,23.009529901756792
work,52.66745513725172,15.01559131296374
work,56.00311427181627,19.474324957668248
work,46.76185652035664,10.402832562190836
work,58.29224882511766,16.260893794519735
work,53.788021566724005,11.88211794314244
work,36.87719497075673,6.234968718189993
work,42.238968300519495,7.0110454051343645
work,29.504256870088913,3.3663933548535714
work,33.42979392819608,3.573148608870525
work,41.48749627811866,5.652651702980403
work,26.779271933056066,1.1862256978786634
work,19.25713387246989,-6.817832306313178
work,37.30753773251247,-3.9739662355690304
work,-0.16930198843919989,0.21642939916751885
work,20.24991511330071,4.366466865673435
work,-0.22843687984712122,0.22028590330438874
work,0.042488109307741974,-0.2132456608880868
work,0.4032727072856851,0.35961734955605223
work,0.10178087983512185,-0.19686739623774424
work,1.695978180701393,0.2132339595242503
work,0.8160802202121078,-0.7093853849845001
work,2.3659500540818548,-0.7858109035912562
work,2.318984717879861,-1.5450980135755328
work,2.609356616402207,-1.4504567789490077
work,3.091525425098813,-2.139212367121302
work,2.5487565098814,-1.8665919934496185
work,3.3615265494534308,-2.476324244973033
work,2.389653719357916,-2.0873801616953593
work,3.348575893303547,-2.6042586022731413
work,1.6732420107631722,-2.030198841041498
work,2.8951337778317283,-2.4918519702770583
work,0.5560562315032364,-1.658264062459675
work,2.159855820942169,-1.9784264543051335
work,-0.22123223060104685,-0.6357965348863495
work,0.9714763098206136,-0.9101158165826326
work,-0.4224716827783981,-0.5236309769612656
work,0.3420072942169727,0.5591621012014397
work,-0.4109838629722744,-0.6260640315711806
work,0.35434744390453543,0.6972471604518085
work,0.0528719516464679,-1.448690030669105
work,0.3921400440853514,-0.07858344969676949
work,0.9342884217643053,-3.175039795399613
work,0.8505384988902595,-1.7370549271262687
work,2.1587236926836932,-26.253148193860145
work,2.0734515059495076,-33.31553676665383
work,4.560737765518136,-32.490741269273606
work,0.6683332339465308,-6.164431148861769
work,8.9590955803788,-21.344005016953307
work,0.4122725839846759,-5.0206314470067355
work,-0.14221709575632674,-6.1889050503477225
work,0.3080126499232603,-2.9121909345333123
work,0.1864785700225915,-4.7932104329655365
work,-0.7697130451225934,-3.5519380955038065
work,-1.5347048554909943,-3.9520704465553713
work,-0.5217451484564627,-1.559942835096736
work,0.24856853121331526,-4.046000063023598
work,-1.10523565635167,-3.2534599207857067
work,-1.577242311115806,-3.6330144131713102
work,-1.5482640199881212,-3.970224365859464
work,-1.5995598341143196,-4.899356355617382
work,-8.08108816179165,-21.485679857351904
work,-13.39767959786155,-14.081870596244789
work,-12.46820326041076,-28.85726507874912
work,-14.123383726504533,-27.722234079610367
work,-26.895754634950453,-28.4539927138071
work,-21.955315888125504,-37.858886550966865
work,-18.98657425362545,-22.299149728664172
work,-18.51317225588359,-23.801349092263287
work,-25.293052050905604,-26.103655867907715
work,-24.531399192200844,-27.39675359566792
work,-34.17591505944932,-31.083221668755527
work,-33.17601637445064,-32.19360995536587
work,-46.62711028615213,-37.630073912616396
work,-44.927472981259676,-38.72201614591571
work,-64.71369634192095,-46.56367198526826
work,-61.808303895025546,-47.53166168398258
work,-90.90388393065466,-57.63438771263502
work,-81.49698954080857,-57.04340470229849
work,-122.6128051442,-69.76772771998631
work,-108.71700440995902,-68.22089077639961
work,-172.5364114311619,-88.03650473878596
work,-150.75986853229963,-84.76897990173256
work,-259.6145458652225,-118.63479279748343
work,-220.83717641491208,-111.21105346515083
work,-438.7235525520991,-178.60833032558241
work,-355.747660176246,-160.3680928913395
work,-940.0991074939177,-326.20222054001533
work,-991.3986833053835,-403.16693994421604
work,-1635.4518649605182,-600.241959553972
work,-944.3146915718698,-273.2123481232495
work,-1590.7342106617812,-492.33982627690057
work,-1011.3257463065278,-236.09527872588714
work,-1690.4041589851724,-428.5150744588992
work,-1153.5944941371126,-206.48546961653653
work,-2001.0652838190358,-398.9960004162756
work,-1282.6214682683665,-154.86655566691186
work,-2747.9575397400044,-403.4128540145005
work,-1351.1339377897993,-85.26090021065586
work,-3478.9879964996667,-328.80806963440097
work,-1585.644955969699,-9.468955290160613
work,-4484.24106213437,-169.23200288675216
work,-2386.89045751222,120.9919420643875
work,-14787.501138785245,295.76693821673285
work,-7803.796808703765,849.1536861909333
work,5686.27464994815,-438.3475259953968
work,4794.885122175484,-800.307580530225
work,2158.64579535549,-289.8864854425695
work,1710.8530029160015,-384.9577331177596
work,1268.147060737198,-243.06100503158373
work,1014.2529945273639,-287.18404145387774
work,875.881053573799,-218.05242304483266
work,711.1646229369179,-241.79641645130445
work,660.9517090852676,-202.4217624523808
work,538.4479354853374,-213.46549668001322
work,520.6773116199686,-189.0852140250587
work,433.26098909606986,-196.45053039653266
work,427.73416408332474,-179.24139404380844
work,371.91657619795916,-189.91646943742168
work,370.9435657524958,-175.62054865233335
work,331.5758832604859,-188.0515053040388
work,333.35846284403664,-176.15599937654235
work,298.26122436049565,-186.56233250026014
work,301.7008587559082,-176.54568433013654
work,270.2734450603149,-185.32643570992522
work,274.6707367598693,-176.84058121351242
work,246.80538445920004,-184.57563636203622
work,251.69371263826474,-177.24689390750305
work,233.54245341436481,-195.42781014771688
work,232.0205832845124,-177.87923548812444
work,225.75654472576812,-183.2975543652056
work,233.4805140560942,-213.21680066167428
work,224.9166198647807,-199.14617092468728
work,232.79992426566994,-232.20620089599691
work,223.52500023022466,-215.95710349115654
work,231.04568168457988,-252.01698894131894
work,221.30760283163295,-233.5940156437309
work,228.1295275798929,-272.4918757351624
work,217.99894917096123,-251.6759819136718
work,226.3600582378813,-297.9710171196652
work,213.47821501762215,-270.0252532917058
work,227.24834647442512,-332.142904671075
work,210.52507599650778,-293.5588514425799
work,226.52753081154177,-369.81568778372434
work,208.2910217467262,-323.1347209389937
work,221.21265462173517,-407.2783675268976
work,203.09579017966107,-353.6856042199395
work,210.85622577104294,-443.62032710857
work,193.34120493992157,-382.1293677186711
work,195.8432963739814,-477.57315254580084
work,180.20086609781438,-409.163458327416
work,175.3161859467863,-504.7895105173521
work,163.18906254531447,-432.7219505814694
work,150.26644945880122,-523.7392871243177
work,142.61805232462802,-450.7323093876204
work,121.45881725148458,-528.7880400894825
work,119.19352044695033,-462.2075456471287
work,90.30366637186381,-517.1384742558741
work,93.00077275781693,-461.34628728762874
work,60.08177617482999,-497.0303918122877
work,66.5563688642262,-450.5232690558951
work,33.918071102457795,-485.81170640121695
work,43.31597819105168,-442.2389965147186
work,10.563298287104772,-479.2919352278266
work,22.25260389371528,-440.23581981037563
work,-11.97250009772255,-467.1895859293123
work,1.4149566808762075,-433.5564927406534
work,-32.91472423401989,-450.044270152746
work,-18.590279875514295,-422.4851941362412
work,-51.80859823235803,-429.8998121358867
work,-37.142896747252365,-408.1257688092902
work,-82.42302148219261,-465.1639578100016
work,-54.01359606427307,-391.6545621936806
work,-68.19495516353629,-405.35311470903514
work,-128.46200397706417,-586.6568236737183
work,-100.85230719846257,-481.79902154511615
work,-219.91513035268392,-836.1397117561562
work,-155.24837357856634,-614.604378344029
work,-497.8345610986463,-1607.8649171260734
work,-267.4177140802574,-896.0198536479763
work,16637.412618992807,46350.112689288195
work,-640.4377952659853,-1846.1161754175864
work,457.25554974427746,1102.0255882329511
work,4072.3863270022607,10225.198056858888
work,228.3630968970443,481.5692980579892
work,486.5739416725492,1077.8552280520128
work,156.77159967329814,290.77749974039415
work,247.77085248057662,483.062050312421
work,123.39232177610005,201.93763074424453
work,171.99634755045975,294.61747888006073
work,103.51293834301211,148.83503903118756
work,136.78427889665522,206.39166709926647
work,90.65384028530721,114.71713416141692
work,115.48166105203495,153.6726241176925
work,82.12647047462663,91.40938682776542
work,101.75725674901497,119.37353319858778
work,76.35832538170477,74.5315289299155
work,92.63085349144062,95.7802986770461
work,73.18012067727608,62.973806693120395
work,86.49777407545196,78.66012096688975
work,72.43420540610906,54.50049636326785
work,83.75127630523616,66.3838359092643
work,73.28850930562305,47.91979072610268
work,83.72214735459747,57.88040637363692
work,73.64304928431133,40.77025121796933
work,82.84626908717502,50.98176856744314
work,72.94686755352821,34.741942667947725
work,80.98531286678397,43.43584552382014
work,73.40029101962381,29.609238325998046
work,80.56820980466924,37.22011002489564
work,75.18436759655955,25.08810114074445
work,81.53009323390286,31.833252401320376
work,78.2844388923045,20.869175037351788
work,83.74476511579428,27.018143025104052
work,69.49457166671942,14.2505722432211
work,87.43419561251307,22.497519379914042
work,80.61859841101837,16.605932093227604
work,54.78325938262718,8.374658066696316
work,63.110138522041126,9.66077257826123
work,43.89034746042367,4.350446158237036
work,50.299777301172846,4.927361191838282
work,35.69800076767547,1.5542328432992545
work,40.56056591583339,1.6157678314494965
work,29.351636279872352,-0.4506755978786193
work,33.18474647119481,-0.6794203767505667
work,35.630725774666836,-0.1872456084383697
work,27.481026827306287,-2.365218261750315
work,20.93220798237819,-8.971491593852258
work,35.87314652342419,-7.814439583239371
work,-0.3354004904277291,0.2725197111314935
work,20.96578554112872,3.0926577495014067
work,-0.33628112906791213,0.42520978682092686
work,0.13082830192018102,-0.3850134808334082
work,-0.4416218116599625,0.4043594268737648
work,0.21196804402574668,-0.37126921702204785
work,-0.48037498671887374,0.4121387367782585
work,0.31396042162128074,-0.3494301532006113
work,-0.49572963076013477,0.4073552909443531
work,0.3611518710561781,-0.32844836774043334
work,-0.520255690126575,0.34593663338495684
work,0.39116367576382477,-0.2665828375637044
work,-0.37710619931694983,0.3999192529504101
work,0.4100384983749162,-0.22762653508282968
work,-0.38019177485573163,0.3823511318148523
work,0.27954722912511987,-0.2832296361889585
work,-0.36711299110063306,0.34859596391385766
work,0.28970652355098403,-0.2341448519791044
work,-0.2405944836330609,-0.6600132950095192
work,0.4053627618696805,0.17684221086581228
work,-0.032886318521603744,-1.1049650878264352
work,0.6039533123962925,-0.04131561720335982
work,12.120846687077359,-20.59746146343133
work,2.9427027178378387,-22.525949204157072
work,15.934071158975964,-30.191300212341897
work,14.175741459787385,-29.451067946197163
work,7.995204586369233,-50.50182024256055
work,18.350383329899156,-42.931178620653725
work,5.5499162266481665,-28.011819168544847
work,7.701380791187803,-29.140221882265443
work,5.807843344033369,-30.95245579869131
work,11.571309215361968,-41.164526912867935
work,3.3649008935064004,-28.729985980867887
work,0.7340874189688471,-43.69181822864812
work,1.5930105699349737,-48.708222570746806
work,-0.5749982924912688,-43.43887482874595
work,-1.24451478395688,-45.36629414075275
work,-4.48167929573201,-42.504714714097986
work,-4.119741330018986,-46.80047135546217
work,-7.295880976565332,-40.34280268961235
work,-6.695961829615899,-44.89324320813887
work,-11.108714212399175,-39.36374521571549
work,-9.885483156748784,-44.98762194446855
work,-12.622230320242394,-39.58606194239247
work,-12.40131314421569,-42.63800137228873
work,-20.54110501573199,-32.35434346077234
work,-16.40811328549608,-45.11671168669194
work,-13.6594881323331,-25.280154203102278
work,-13.586752718238916,-27.916503355276298
work,-17.848631678344457,-27.795149822370153
work,-17.65277308426126,-30.341274826786613
work,-23.42102165640442,-31.25455630500104
work,-23.025103512973168,-33.66282295342565
work,-30.97151951631772,-35.8014513942619
work,-30.078945558636224,-38.05353871700099
work,-40.84279565624988,-41.85334332760987
work,-39.662699776927575,-43.85636984118056
work,-55.27732801319324,-50.31717074763371
work,-53.668040845386315,-52.139921917389046
work,-76.43475670705938,-62.13660854216516
work,-73.5350108688762,-63.850426841204
work,-107.03686770243014,-77.23673097782317
work,-97.32045759070802,-76.84428012154557
work,-145.49669680500404,-94.59563660395676
work,-130.5552849908125,-92.84164740097901
work,-207.20801765781755,-121.44196254710856
work,-182.4438209902205,-116.94299272889475
work,-321.0011695827219,-169.53394929271448
work,-273.5515393842662,-157.95761311252156
work,-589.5059085601722,-280.0663227581366
work,-464.90222060034927,-241.8566011322109
work,-1850.9311521249342,-789.416915233281
work,-1101.4837534848457,-515.4874524206689
work,2830.0917729298335,1035.7851446504317
work,2345.1732107079397,994.2948474078765
work,1399.535259793486,540.7698227456606
work,3099.957840667761,959.8107060806511
work,1494.0771669831242,493.3579522332334
work,2931.0107343682707,746.9477648743162
work,1494.0267766569948,411.7782036396139
work,2463.237515988357,496.91937459221054
work,1416.027395211611,315.16685820936266
work,1960.0240626069392,294.3341905564226
work,1274.0856997895407,217.981948183296
work,1690.433309107581,160.89162789278
work,1111.4434695664784,134.31471027929322
work,1564.006664204275,62.098722892724595
work,1029.570193806048,71.89641144739991
work,1294.686304876868,-20.03893673560679
work,946.8281560706731,13.267277427988772
work,1028.37430731389,-73.32371920700311
work,821.6193647148033,-34.06304586485343
work,828.3089460828465,-105.48342512246815
work,705.7043658674014,-68.0909190672296
work,676.7720835365567,-124.13701144008321
work,606.0268544800757,-91.94173034585681
work,563.2619429809166,-134.86054389458454
work,524.2960968077,-108.5269943568067
work,479.17917899644294,-141.5456826348689
work,457.7435331353353,-119.99757475429912
work,413.295933746119,-144.9312843772153
work,403.14586013431693,-128.09745360118487
work,360.1793796964958,-146.00065696477083
work,356.6034337750445,-132.89382364522567
work,324.78515044616574,-149.29148556876123
work,323.5451463918674,-137.5278619642542
work,299.1761448000367,-153.50493040938034
work,299.87734785553533,-143.15146736014012
work,276.4510220382046,-157.04282640393518
work,278.53735967039177,-147.88271026388173
work,256.2215808101503,-160.11966983879395
work,259.2709237426879,-151.98396243809412
work,238.38996725248862,-162.89930239029732
work,242.04188669261757,-155.66915649416953
work,222.6158702636072,-165.55743630676727
work,226.64497523948359,-159.0446557035488
work,211.7523339218672,-175.87261274122415
work,212.76066951341926,-162.2225257534885
work,207.60448771018622,-167.31282898291516
work,209.29578965059588,-189.2687553197078
work,204.90367273665223,-179.7111121657546
work,206.2547444334879,-203.2000382588464
work,201.64335278071377,-192.49486221889669
work,202.4342053918791,-217.5808501235531
work,197.70140390904996,-205.65601022820098
work,197.69423185925655,-232.06454254274442
work,192.98293685871934,-219.0274258480538
work,191.89708073603694,-246.48953189045523
work,187.3469467770869,-232.32473578267863
work,186.12598480616361,-263.37399112184795
work,180.65278715813218,-245.39279089098446
work,181.02488905749985,-284.6651538560067
work,174.38020927011954,-261.4033152061076
work,173.07891512158326,-305.11160055113083
work,167.23926213602164,-279.7842333729224
work,162.41318870689202,-324.42217315175316
work,157.3983067919314,-296.76322187542223
work,149.50242828431485,-342.4264732905491
work,145.69635282039465,-312.6543774963598
work,134.10867689428449,-357.9333610980874
work,131.97105417035462,-326.7964368886308
work,116.60073852385423,-369.86513656109196
work,116.4953923542072,-338.7080675592668
work,97.46600832661959,-377.93317433680545
work,99.49440032558469,-347.48842421238436
work,77.14122305900378,-380.0375146398154
work,81.2651377952172,-352.8112640088823
work,56.3062160028861,-375.103724394545
work,62.167885145446135,-352.2495955991682
work,37.49082682466086,-373.166906207283
work,44.61866859033831,-350.89157277706465
work,20.085637050458377,-372.50635594847756
work,28.436352978770486,-352.0798361249702
work,2.7842058815624138,-368.8738712486878
work,12.188216464554138,-350.61887577492104
work,-14.068627435924059,-362.36265951649676
work,-3.8856394630928435,-346.59927430643825
work,-30.01106642703383,-353.4761898639687
work,-19.421306893908508,-340.4752370538125
work,-44.88074071794052,-342.9574274212646
work,-34.1265748573704,-332.4884384219834
work,-66.81626789908056,-357.7624141686131
work,-47.909512732852704,-322.9663638760541
work,-58.38821392042193,-328.9875979051221
work,-92.01561147484826,-404.3424794216018
work,-79.01265215947208,-362.9970079750918
work,-128.60869554308138,-475.4167146098955
work,-106.85358963906103,-411.27546129107634
work,-187.32947499200142,-592.8230162669927
work,-147.45740135351483,-484.3945828439171
work,-298.00330323168146,-818.548268488952
work,-212.88745212800234,-605.6137184783628
work,-588.1497438312432,-1417.7226609921777
work,-336.5071265444774,-838.5375159347858
work,128150.74859074739,271171.9039604029
work,-663.29783786988,-1459.6753530999852
work,570.5150527721777,1067.0755599935285
work,-22815.447785114364,-44696.46452113245
work,307.57458570717006,509.6699316148033
work,656.8385473441882,1137.6151025607812
work,218.88791998222865,320.870858763609
work,351.43121967811817,538.7855570664775
work,173.6707330595133,225.20530148372896
work,249.4968347171498,339.1921698552596
work,147.55320739536998,169.28588291258706
work,199.22290596475042,240.22343150506632
work,131.55436329951263,133.2745564101293
work,169.37621944226652,181.05975594865492
work,121.06279134409407,108.2021631592412
work,151.22743749028209,143.09275337831002
work,115.66491816377506,91.27859571424115
work,139.92712111284095,116.79211068380721
work,115.0352689868855,79.51875843797491
work,135.59852385977086,98.97582210558843
work,113.64625614024489,67.78076058456695
work,131.72020291856617,85.80992824344435
work,110.85567732621706,57.68314222538742
work,126.57930309665943,72.67157509624788
work,109.96041643122857,49.266907209095045
work,123.84652417793211,62.0060000857854
work,111.0911134863147,42.13507084563123
work,123.67881042569122,53.28933385916978
work,114.60869421723011,35.89965261917253
work,125.39984099700418,45.62987019597549
work,119.925025465082,30.06086779005992
work,129.6929062705495,38.88603528995272
work,105.41060407570241,19.85709089323302
work,136.4672613240142,32.52924236125264
work,124.95885602046765,23.96581766856702
work,82.29666054623104,11.426989158391486
work,96.03921068819214,13.605004183278853
work,65.42736503730436,5.699432021558339
work,75.76626996721801,6.774609612275349
work,53.173372897272415,1.7692076235501861
work,61.100069984806936,2.09604837167316
work,43.93640316020978,-1.028889080817675
work,50.03031025600145,-1.1266486308471038
work,36.79922761532594,-3.0383220321429443
work,41.668376129015705,-3.4663402006953743
work,29.336576286815344,-4.835077387333907
work,35.164571391653595,-5.163352522579061
work,39.988067268918286,-4.149381907092801
work,30.040250983923244,-5.905705448702334
work,29.211709784244288,-14.008995059638371
work,42.19606958935282,-14.648688122105119
work,21.008704305943695,-11.332427110563122
work,29.637444645494433,-12.12608116606664
work,3.8778323975823668,-2.2758874460097935
work,20.11569467263324,-2.219559991702779
work,3.013287936824247,-1.993357876202908
work,4.930540042127984,-2.9016209373089534
work,0.631814568473488,-0.5220754084605863
work,3.799059564915503,-1.1305599778617264
work,2.234759443939187,-1.9737160419540938
work,2.0306463039846014,-2.826137695459382
work,2.426069042876932,-2.08047732121229
work,3.4060837362167136,-2.8617318199933863
work,16.214307968955545,-15.677248155573443
work,6.128101145165983,-17.379054583365694
work,18.784133251126978,-23.808046209287028
work,18.973799854864772,-23.37495923870787
work,21.812917847056003,-30.02415239446175
work,21.206099608517814,-29.526882720924586
work,13.761581441268854,-42.474173793243146
work,24.84479085047075,-38.902557639185346
work,10.528910745727051,-26.49825893436364
work,12.095285492715757,-24.815329110111943
work,10.477914247503444,-32.01433430883878
work,12.025557402251913,-29.57679192436217
work,10.267702515825244,-38.89843982843552
work,11.942179256541488,-35.76148913334394
work,8.45040749598783,-41.606457870565926
work,11.712401854539904,-43.826183073874766
work,9.346703464642625,-46.24741621319552
work,5.341113383806378,-38.74103648841648
work,5.802182281835968,-42.80716199768079
work,2.587344716443438,-36.56713843994156
work,2.7803919389877927,-40.34733330832937
work,0.14585164269676285,-35.26823852928537
work,0.09507929263414178,-38.807753516667304
work,-2.2348213566863224,-34.69906779397678
work,-2.437260964711265,-37.85716119026488
work,-4.593381508413537,-34.741529221810055
work,-4.964269197977857,-37.682952851049805
work,-7.7584043026092475,-34.23637890317704
work,-7.630850737494612,-38.21404839751544
work,-10.39784019710568,-33.94361968173649
work,-9.826813947450615,-38.700812081993334
work,-13.367283319450754,-34.86359072500066
work,-13.328162415597898,-39.05876467684529
work,-17.40032207080579,-36.915462240527894
work,-17.40044098709201,-40.882945189159884
work,-22.54360064292948,-39.8529876218729
work,-22.467261853732886,-43.75323041797484
work,-29.245879802175622,-44.10249667382144
work,-29.03463841834774,-48.00378405795544
work,-38.306944170044,-49.99183532269464
work,-37.552578608503524,-53.50741380803433
work,-50.444312792469056,-57.71453619732639
work,-49.16059010144985,-61.15915939633082
work,-67.09850507292636,-68.37528844971261
work,-65.28720230958179,-71.60136581791465
work,-93.0133729146199,-84.75359918299984
work,-90.33812781236902,-87.80940619464802
work,-131.02754806578218,-106.34518317654467
work,-120.41784472203408,-106.42312061173165
work,-179.60027682406064,-131.8796031848231
work,-162.94750907505266,-130.0235975391628
work,-262.19767658485927,-174.23968784546145
work,-232.63567153142347,-167.9022597144946
work,-429.01266025337475,-258.0900706484
work,-365.04700398776504,-238.57858285481012
work,-919.9682312958071,-500.93742669294454
work,-693.764038436326,-410.49168696300126
work,-16759.289080974468,-8252.961282307175
work,-2831.626465662461,-1516.7118965072666
work,1239.5228485801176,551.1983690028134
work,1796.150857712116,869.8688757240349
work,688.3692096160439,264.1053855871248
work,647.6021449353651,285.30364185592583
work,571.3613353334563,231.2128845099881
work,714.2122082323045,234.80497074948346
work,594.4358873782953,207.8273279206245
work,723.411667140204,199.15813763279704
work,605.9424566442757,179.5322260331458
work,710.8129106237835,158.78017088907043
work,604.5400621480543,147.7763532803178
work,683.7341504938033,118.18340157538329
work,591.3101460428941,114.73751592043422
work,645.1189816601488,79.66562006516025
work,568.912713808148,82.37879719158252
work,615.760137682983,43.93979339449032
work,539.8367980053995,52.13571932316709
work,587.1809410788983,10.343129553105738
work,517.6375699250162,23.75380427318587
work,545.5776367474032,-20.030678543921816
work,491.65949513670506,-3.9066500331982863
work,500.60771252350014,-45.36246982661492
work,461.30081628387506,-28.35267967866792
work,457.03474329899007,-66.1060957598348
work,429.09302859052514,-49.1775686457832
work,415.55335856396545,-82.53833667306621
work,397.2464796486526,-66.67097633999194
work,378.7328252257001,-95.65436785639896
work,367.1266597449671,-81.14192463446932
work,345.802828542876,-106.12573657140665
work,339.1659007865073,-93.12089347609441
work,316.72971930918317,-114.24001088152025
work,313.91176840280366,-103.11102027834754
work,294.41775718973287,-121.42140766327996
work,293.1976918313959,-111.43950686299571
work,277.059526444137,-128.37225036717356
work,277.27339540137274,-119.23281674506664
work,260.89905205558455,-134.4791116454338
work,262.2117406495331,-126.13050174120195
work,245.9418483812251,-139.95159337358479
work,248.11137419089297,-132.29979663462797
work,232.1223208000237,-144.88716061919067
work,234.91916424581765,-137.89608562833382
work,219.47515652685985,-149.45155993881173
work,222.69891586063534,-143.01950337455315
work,207.83496462338132,-153.74269780915043
work,211.3586776848475,-147.80037206769813
work,198.4119372212325,-163.61569857686465
work,200.84557393787856,-152.32330790570398
work,196.37577667267408,-157.1621839869549
work,194.7732673704733,-174.53449541547715
work,192.6552564399607,-167.46639382183258
work,190.61713838112445,-185.66359687782287
work,188.47095906938904,-177.96430056850457
work,185.86489421563596,-196.9768778357107
work,183.74841925295792,-188.57156137916417
work,180.40423388641048,-208.3038402220936
work,178.3975562724379,-199.2463451270272
work,174.18417350335386,-219.49697117992073
work,172.36863346063774,-209.80284514635278
work,167.1159919608171,-230.41823871862414
work,165.584459704081,-220.15220035037663
work,159.70381529758475,-242.56631826246698
work,158.00098712956276,-230.1278680543351
work,151.42489212013433,-256.49288193471887
work,149.93377693370127,-241.6974131784309
work,141.44921951269677,-269.64965681179467
work,140.56736032577746,-253.83675181255936
work,130.09143542792677,-281.8221265761671
work,130.0082979282933,-265.23467522854327
work,117.36478716837519,-292.7500570971246
work,118.26978538224088,-275.5594284166308
work,103.29776800904312,-301.7344980304617
work,105.35312336558884,-284.5117386051083
work,88.2271362713604,-308.6527932027821
work,91.4652152613218,-291.72983572551124
work,72.31273437584507,-313.16139907392784
work,76.74118702236288,-297.00977394081616
work,55.99362685132868,-314.4329033844771
work,61.44346030516815,-300.1936137591446
work,40.8931565765498,-315.37527593662685
work,46.821453621945004,-301.84936228943013
work,26.613181860975622,-316.62944006523634
work,33.3323214804303,-304.0184898969809
work,12.269624475622717,-315.9842115999004
work,19.667736761834437,-304.53364402645366
work,-1.957959042535335,-313.57650665956317
work,6.031525079102036,-303.41978441630954
work,-15.832656695173302,-309.4018892341594
work,-7.440058388662152,-300.7493594448468
work,-29.149788726389396,-303.88535021885707
work,-20.515927089948317,-296.67979358520125
work,-41.825434032902265,-297.14553089257447
work,-33.10378285833077,-291.38085157853544
work,-59.56211298327659,-304.177058010979
work,-45.09260138706617,-285.06237024021635
work,-53.639796898448004,-287.8954924944854
work,-77.16263562911834,-327.20917688952767
work,-68.98495784867156,-305.68759736879895
work,-99.40432060874689,-357.90829706494856
work,-87.75983277955751,-328.83592080543184
work,-129.03491248296143,-400.756227967134
work,-111.53262256592102,-359.56817808444487
work,-170.38139819269614,-462.0725463087854
work,-142.97410683478978,-401.69154624935607
work,-232.79674814428918,-556.7274838721851
work,-186.6632411991552,-461.72037499304975
work,-337.9410303743581,-717.7318232112451
work,-252.01591533888305,-552.9251225171138
work,-631.2132184424233,-1189.7235830099141
work,-359.8712234372825,-704.5058447195738
work,-3863.909719510976,-6478.221608570089
work,-630.131645279117,-1102.177135769343
work,1084.4334072989452,1615.555362394911
work,-2470.0769398828947,-3842.315126110469
work,510.9323180678797,677.292462898963
work,1555.945363139572,2156.337407571282
work,347.12176881291043,409.4550857119083
work,641.2049924792163,792.5309165144753
work,274.83682561649664,288.0520605784111
work,425.66039830248667,469.0752349205893
work,234.32748177805723,217.9672734739734
work,332.10851402832577,325.77074726797423
work,210.9688374058163,173.5467486287015
work,282.7034354288463,246.16373528855303
work,199.51071954713146,145.1058435908002
work,254.78286633032886,196.15176746804133
work,191.34678409504963,121.69145544604592
work,235.77586854650073,161.81158792017166
work,181.89753754290237,102.05580582646348
work,218.57858633412334,133.3290401523195
work,176.97708944175938,86.69273534981934
work,208.2749449356725,112.01282604661773
work,175.58166609031596,74.12083163512432
work,203.2032084110034,95.29237818113785
work,178.5892562542705,63.74674959118283
work,202.85634737363358,81.86960466395604
work,184.82561962356186,54.527802038739736
work,206.96380941585159,70.4420988446952
work,195.664789191391,46.09627278245753
work,216.00743893050267,60.40909462067769
work,168.19746976398403,29.22437115263235
work,231.2414286104211,51.10437348877012
work,208.307402190642,37.28537121573188
work,127.13393251379901,16.033792503484776
work,152.56396674232465,19.984578589525178
work,99.7214400938502,7.627504651161081
work,117.26088341787981,9.504773582124695
work,79.97074021123207,1.9626696871608036
work,93.07406653531146,2.67643797085786
work,65.83102850640523,-1.9418812603543407
work,75.81252547863353,-1.8975381562884677
work,55.07159463234819,-4.739311803411911
work,62.93736025059123,-5.17341975000894
work,46.8599939088835,-6.805969893233896
work,53.17214341302195,-7.548170515668571
work,38.2361106092767,-8.61529346684239
work,45.63670250772479,-9.37805739663177
work,32.036542730193446,-9.445980407468387
work,39.37232224311832,-10.505106806077405
work,27.22339529621967,-10.288386610357332
work,33.302124312157126,-11.505511322586566
work,37.708961406973486,-11.202752130219318
work,28.747957444889817,-12.4031324648507
work,34.81205310627089,-22.014139061118495
work,42.79370631180607,-23.87022942195967
work,33.64939464279868,-22.408908792388218
work,36.89222988918953,-23.884068144681777
work,30.58524842544724,-25.978736795758245
work,36.88689034745862,-27.67112510448296
work,30.389263146038417,-27.004410298686285
work,32.85081250154501,-28.376875535280558
work,20.463642781423026,-31.73108636513601
work,34.010740122007434,-33.61272163471659
work,16.566960852733022,-22.329253422986863
work,18.95847988981722,-21.93160447089637
work,16.183307812933446,-25.17242607525023
work,18.39142509244478,-24.515019525459966
work,16.01946367340406,-28.88607196935984
work,18.06965056021037,-27.86405057512897
work,15.900768036591154,-33.547942008848274
work,17.934699145797325,-32.13796599066712
work,15.92456667323566,-39.77005038990648
work,17.921992678910847,-37.565374165200176
work,15.88151922624132,-47.549138646596184
work,17.934587176195496,-44.612327266582035
work,15.74298834277347,-57.787027964030095
work,17.95310041561294,-53.7725231875746
work,12.953856004347571,-61.8209717054715
work,17.84595554946653,-65.88962317017366
work,14.824269518534464,-69.29269369482479
work,8.404259192473718,-57.27599057145634
work,9.620146056483254,-63.83484356509166
work,4.527198786748738,-54.045417544159534
work,5.248876128970334,-59.877497206285184
work,1.0268582641221295,-51.707419723757084
work,1.3905347898177227,-57.15904520042315
work,-2.249347780214278,-50.61341793361069
work,-2.1340897856236327,-55.58639062692723
work,-5.491566010296208,-50.30662103282512
work,-5.623647603129772,-54.988103125465955
work,-8.901678910886847,-50.9573419248756
work,-9.224389072070103,-55.37865111094116
work,-13.254484819800469,-50.93774464042177
work,-13.156390444472803,-56.7740616909798
work,-17.21308428164058,-51.74092891205885
work,-17.16763956533066,-58.36260266775361
work,-22.41140579014489,-54.085509510482474
work,-22.505338809530837,-60.40999009544595
work,-28.909225478232496,-57.913999185725466
work,-29.01709609216782,-63.97230611243965
work,-37.21166144447339,-63.208924170332544
work,-37.28962199031207,-69.31166435726222
work,-48.49339870026753,-71.1161968126778
work,-48.08544819850285,-76.89920714216878
work,-63.696224466630994,-81.70710721138173
work,-62.8456200747491,-87.53874018188262
work,-85.45233669237628,-96.84683465840429
work,-83.68870659602646,-102.63284808843771
work,-117.69598713847179,-119.36592020947316
work,-114.89046842633763,-125.0468452237176
work,-168.06956853125703,-152.3319091079702
work,-156.4899502800704,-153.7270784227312
work,-236.51795811606047,-194.32575172716864
work,-216.89548258380867,-192.72920180325616
work,-363.18974355626204,-270.9481496633043
work,-323.7797630226716,-260.93222806916015
work,-665.8260269321197,-451.37057999214244
work,-558.8069481749036,-409.04167485456077
work,-2320.590836333798,-1430.3724651657335
work,-1452.2789678479144,-966.7938310528991
work,2170.6678384455913,1216.220111866175
work,4100.859177699931,2483.1220103276864
work,824.2690709468213,419.4357619103385
work,969.1844582753309,533.4857020072885
work,538.6954858315202,248.80379548326252
work,591.1957823335987,295.56037057885374
work,429.5693937997892,172.13557712818852
work,411.36619150078496,187.79406111486233
work,388.17267791358313,164.1601673467301
work,442.70203517399466,153.57351696494257
work,401.274935885852,147.92804484289246
work,450.3577154671936,132.72487858998218
work,409.95445986302326,129.63295347613058
work,451.70195960295973,110.16383335748334
work,413.72951633734266,109.65782681555424
work,447.58591754241917,87.02705795676042
work,413.1940220567708,88.97178057064855
work,438.03473329068044,63.98833062487141
work,407.8592293617482,68.06170848638071
work,424.6665547072547,41.90501695472305
work,398.78998724133953,47.675496101111605
work,415.0518464932454,20.254968450085798
work,388.017633106546,28.58663236390419
work,401.272163065317,-1.6133573967413153
work,376.2728692020842,9.160865680276178
work,384.27969919546706,-21.717658650717567
work,364.3263072081151,-10.14198394058502
work,365.2646772477494,-39.68937715213842
work,350.17709437525616,-27.92204989083162
work,345.3685519953277,-55.55867966469156
work,334.30707068062014,-43.99133578020259
work,325.57246047038956,-69.35122684990263
work,318.08126037624316,-58.353050854921705
work,306.39732697579376,-81.34222295055076
work,301.7430622399183,-70.99915883787526
work,288.36513672627154,-91.787801269468
work,285.96643852236053,-82.20044194448366
work,273.31778576966104,-100.55530899722315
work,272.4836073512402,-91.98396435214079
work,261.1644033816264,-108.81122795699365
work,261.2180597248647,-100.5361862843208
work,249.40286957213627,-116.31797228546893
work,250.28762468529766,-108.5474887336415
work,238.11375479664676,-123.1620673150623
work,239.66661898719843,-115.89111496683886
work,227.33338897226656,-129.48802773969527
work,229.41194421026705,-122.67301713253724
work,217.15328739668186,-135.34810515484827
work,219.625474196326,-128.9814982511807
work,207.5305975377318,-140.8566191391517
work,210.34397862609183,-134.87946061649646
work,198.46555006738487,-146.0855884307497
work,201.54077903517796,-140.4636705413357
work,190.02904435729454,-155.5810348370728
work,193.2763168684343,-145.84598418121377
work,189.30430356577236,-150.45407944869714
work,185.69296062100483,-164.9127769158628
work,184.89903190881597,-159.3039605626947
work,180.92686785687056,-174.3349348280548
work,180.16624487437798,-168.31737099327634
work,175.67909911255214,-183.77382026896223
work,174.99264461163057,-177.354914121458
work,169.8743998814353,-193.19950818334604
work,169.3200527575139,-186.38628015740082
work,163.49693035015557,-202.44663024538042
work,163.11084442169843,-195.30434589197918
work,156.48346510401947,-211.45457633017585
work,156.3417892604307,-203.98765993563364
work,148.81662609950538,-220.09666601154132
work,148.97185489090603,-212.36644055007756
work,140.673112669013,-229.3804324937438
work,141.1729756689975,-220.40847653420417
work,131.30163934890263,-239.55756032299928
work,132.43984964443996,-229.31062752836596
work,120.98707874810054,-249.06807723749057
work,122.65379713911082,-238.43393447969513
work,109.75204414442518,-257.66191084836373
work,112.03248765747308,-246.82114667817228
work,97.60559215498397,-265.14051329671577
work,100.55971906808777,-254.26442880076942
work,84.72415646996517,-271.2395989727712
work,88.36644456586683,-260.6149300126116
work,71.2094627682843,-275.8399657020883
work,75.5804456627789,-265.6284201302618
work,57.25624922793224,-278.82554755891346
work,62.320733818228284,-269.2580385928985
work,44.31584712820851,-280.76998770835473
work,49.569203269023404,-271.9634539190825
work,31.96532495723789,-282.74772731024353
work,37.81926145910753,-274.198637271533
work,19.471066576030257,-283.45606737562474
work,25.80700512782849,-275.5733249558758
work,6.986386502462915,-282.90197550084287
work,13.722235488039859,-275.80167968975275
work,-5.403565509944544,-281.1325823742937
work,1.6484299551023966,-274.8572287160697
work,-17.49983263151996,-278.24790070680126
work,-10.25887218280886,-272.87345812304636
work,-29.2461123970684,-274.36319094916666
work,-21.862085941698762,-269.90144399250073
work,-40.54572038283444,-269.61229057410065
work,-33.114281251110725,-266.05847744144836
work,-55.81416460918492,-272.86422645585685
work,-43.913927929084004,-261.7799044115688
work,-51.2418974614711,-262.9941140523994
work,-69.55995226229696,-285.2988695539392
work,-63.58467883425327,-272.4419860795487
work,-85.73520540045139,-300.90872400090524
work,-77.92278019413176,-284.65327118885176
work,-105.21169970442497,-320.6899424796906
work,-94.80178314297696,-299.9153965834343
work,-129.339804552577,-346.1319384081892
work,-115.16369501399866,-319.1451132364545
work,-159.99982165925917,-379.31953486617624
work,-140.37306822745592,-343.9041203249809
work,-200.51158957731764,-423.8759244518266
work,-172.1226637606859,-375.5524064140228
work,-256.2396287478366,-485.565221258319
work,-213.67656095181624,-417.4916176285055
work,-362.23681826128,-614.7451521693944
work,-269.5978747538127,-474.77550881017015
work,-592.6122123364747,-897.4585375982646
work,-360.67320988192097,-570.4002037827433
work,-1355.1268961786932,-1834.0265779507226
work,-550.8483554899296,-779.0891877067268
work,10812.94822902603,13088.589898655777
work,-1031.5199435694185,-1306.1424782440324
work,1236.66957368673,1338.0769752962099
work,-4145.711897566234,-4696.450656896272
work,709.8393726466147,685.4105926150704
work,2543.202100449673,2574.939400619504
work,528.9954916132482,454.5673225240878
work,1104.468772026762,997.5492650862599
work,443.93920177824475,338.15403401555955
work,762.899704945743,612.6695363684485
work,407.43115375436554,274.0755928597825
work,583.3440766007237,419.8702115155875
work,364.0004895947598,217.92807507258922
work,493.09173833800577,318.59244388336884
work,338.48451250669666,178.95950940509636
work,437.52726971274456,251.36700565638455
work,326.40867830109414,150.7798844003452
work,407.0101339042678,205.99836092821224
work,323.5206709750884,128.92166389747547
work,394.8982707808296,174.06128456177083
work,330.9673451961432,111.6251187693342
work,394.72612469906903,149.1816942616584
work,347.6760127775642,96.82200729311529
work,408.42654467641574,129.89276484853792
work,376.0762951038684,83.36272011598938
work,435.91708093889457,113.44835755467906
work,304.7753396783738,48.613001786421606
work,472.84601319297417,97.41779986238016
work,405.56924574318566,67.6410560807718
work,214.13267369236073,24.215004886306964
work,272.4537172519106,33.12353259551046
work,160.75632035572764,10.484455454462674
work,196.37682269581035,14.488539215632418
work,125.79621487573225,1.957769615780591
work,149.695958403364,3.6283690834185824
work,101.95213169005999,-3.630146175410459
work,118.56640972997171,-3.342337886718096
work,84.41965514127841,-7.5447840575178615
work,96.51822255463615,-7.9612439126599845
work,71.52002030144317,-10.411528608847297
work,80.61946065715797,-11.281091688029568
work,61.63083857042656,-12.625598432943608
work,68.79270313083893,-13.761765333494026
work,50.144862589517935,-14.046065533374861
work,59.938920276053565,-15.56816691556609
work,42.597250083195725,-15.211821669879614
work,53.57376497999943,-17.35130624799211
work,36.94519354194887,-16.29647186644188
work,46.12453226455848,-18.608306738171933
work,32.74936436740611,-17.47179383856438
work,40.504071023099684,-19.86552454328084
work,29.72057897589791,-18.832943724527667
work,36.487849272218675,-21.430486325076515
work,27.559778921210512,-20.570077761783313
work,33.36382020570205,-23.15027653823659
work,26.104123618145408,-22.816633628899584
work,31.35764305891147,-25.46184269281083
work,25.258960466720662,-25.715827389373587
work,30.006922360296656,-28.36058880644145
work,25.368044819497598,-30.673918863861637
work,28.267828448217376,-30.11802731943809
work,24.633086140882504,-34.01659945680767
work,27.426355139388047,-33.022207769831184
work,24.213923721309314,-38.31490505192454
work,26.794110049041024,-36.98085139643041
work,24.06178485114023,-43.80248192752708
work,26.449705429032583,-41.98429077549778
work,24.121551618276662,-50.81246132187006
work,26.50863554437696,-48.68713439900539
work,24.300492836495756,-59.97260261643501
work,26.642601210374636,-57.047409192771624
work,24.55817562725328,-71.93418911940984
work,27.005032790978593,-68.05687338686677
work,24.804169790666045,-87.97478079416784
work,27.459934332694033,-82.63499984984435
work,20.252803889439644,-94.53166404470475
work,27.726073844506846,-100.6345012089297
work,23.61777792838563,-105.8924228944015
work,13.412934143139214,-86.89338395350525
work,16.206580459489118,-97.66725206416424
work,7.698885685183104,-81.44155985520118
work,9.56467384799358,-90.71379397009697
work,2.6682408148151886,-77.67697146796564
work,3.864387476160768,-85.83359598591286
work,-1.9307049039360848,-75.51048707214376
work,-1.3367207239941792,-82.89925228832631
work,-6.46743989182769,-74.63808886355167
work,-6.309214006367662,-81.19425764234585
work,-11.147484525712656,-75.12420847417505
work,-11.32619767047709,-81.27936405637664
work,-16.249736104757307,-76.95169604741177
work,-16.693240016401177,-82.80083822898196
work,-22.166334345823202,-76.39478716054818
work,-22.356305300066666,-85.60128055706161
work,-28.98955832151074,-79.20378024140963
work,-29.42990645568225,-91.20042964662673
work,-37.3718936949586,-84.10046204602047
work,-38.210748478488746,-95.86748724588453
work,-48.09998783306323,-91.47302132074753
work,-49.227846842088226,-103.18423756981076
work,-62.37532292894712,-102.23446213026261
work,-64.10623342022944,-114.61771220970317
work,-82.30365552248558,-117.73392237259976
work,-84.25907872773993,-130.5870210998945
work,-111.4940899096909,-140.69562928421567
work,-113.8057679719102,-154.90735407709627
work,-157.46378045529963,-176.679113562957
work,-159.94673233833296,-192.9658683147249
work,-237.8302001561053,-239.46753429966267
work,-220.3954195534412,-239.27546003722492
work,-354.67252301852045,-324.1742473870965
work,-320.42603688204815,-316.0121218986763
work,-615.3497135796323,-511.78629065710777
work,-532.3097789507266,-476.70843649405003
work,-1686.5334735711506,-1278.3764456684235
work,-1238.5397546796974,-1009.3638702025295
work,3504.6456245100408,2423.4956695208753
work,8546.529435421595,6348.695363797836
work,963.5344557493071,608.1136596553781
work,1112.1166360701998,753.4626229401127
work,596.4081055752852,343.38556917334415
work,639.432044392213,395.49911603110894
work,451.6213844376394,237.04137548259914
work,470.96129287886816,265.82156298706724
work,373.6587279136558,178.68021767308144
work,388.5808085887279,200.09305390332352
work,330.92013109603056,138.32463286436547
work,320.96495255550695,151.61502462938986
work,310.77577684132655,136.61671862841007
work,340.20704649339723,124.15729516447978
work,318.9609475561771,123.42308128496686
work,346.7040385676237,108.73021406893324
work,326.02323264059976,109.3047438204884
work,350.437106795351,92.2925637267655
work,330.4987629992369,94.18185374589923
work,351.0293839364646,75.29871620665931
work,332.642115198796,78.4256892425582
work,348.7783267325754,58.22167438809719
work,332.2256240002619,62.449352813806904
work,344.0775985250969,41.42454317765108
work,329.4509424094444,46.58818772215948
work,338.5878470822768,25.416272602323822
work,325.2355832668853,31.298077051210008
work,333.58281306558706,9.245363915262603
work,320.4847549049762,16.728920176989064
work,325.8776790611068,-7.687715540328933
work,313.98543755522655,1.2807931444609677
work,316.2879849430573,-23.595045906350233
work,306.8634278985699,-14.3177676247575
work,305.3136210260359,-38.376497872920005
work,298.1916593727011,-29.012966760421246
work,293.4603188309326,-51.875937381997176
work,288.4709400548071,-42.73197140735466
work,281.3507648751114,-64.06762051854261
work,278.20527519174595,-55.28461618644801
work,269.30878489985815,-75.12427857539124
work,267.6940110043831,-66.753940786488
work,258.86688911814076,-84.42635510862263
work,258.176547584991,-76.93198729058717
work,249.8159816989161,-92.94292569295392
work,249.80650720448006,-85.59541082082016
work,241.04137567560744,-101.17887751681893
work,241.64175854636747,-93.9949790213925
work,232.3758289660145,-108.8575259402435
work,233.555478254371,-102.01219635120988
work,223.82670859748242,-116.0631470951498
work,225.5393247012517,-109.54098301873923
work,215.53818761256358,-122.84364688961307
work,217.6277554340391,-116.6663280879445
work,207.57342319967833,-129.21598572216055
work,209.98402324216144,-123.36198299212518
work,199.91999075188627,-135.29633857914274
work,202.6047474324891,-129.72710435973426
work,192.78330449858808,-141.21095139100854
work,195.5275222603994,-135.83856493943637
work,185.0134123011695,-150.45452013345238
work,188.8502695895302,-141.78784487246085
work,185.1947389180572,-146.25979047021542
work,180.11431531065944,-158.50253605959233
work,180.34048103737888,-154.05165787239787
work,174.9571488162892,-166.77890677153937
work,175.21834119256488,-161.99920983912273
work,169.41395232554558,-175.02987190141664
work,169.75348910525983,-169.98452604250286
work,163.39592915055346,-183.2376172007412
work,163.8873893213228,-177.9167170211311
work,156.92778948762472,-191.31607332988008
work,157.5525575101963,-185.77552229611726
work,149.98656870070812,-199.10210166035117
work,150.80027518788577,-193.38352774633216
work,142.54544157425929,-206.59593368146736
work,143.59343442408485,-200.71475778644853
work,134.89792701057561,-213.79808162984656
work,136.06084243058936,-207.74815306820483
work,126.55965996313316,-221.1943773511008
work,128.34183559477154,-214.4822125567437
work,116.91769198442105,-229.19492792076747
work,119.43100921011761,-221.7996045669496
work,106.5956468037486,-236.5493821353162
work,109.53460315339501,-229.04071533272213
work,95.5443042091648,-243.11689239446542
work,98.9998640716147,-235.60283510063957
work,83.8975854851269,-248.72991084136748
work,87.81966904793256,-241.38038119930917
work,71.81465148804546,-253.22620984535016
work,76.2171605680333,-246.18756765079513
work,59.35003417043398,-256.5891290585377
work,64.23765124250991,-249.96080605038577
work,47.90119034201965,-258.9521730935252
work,52.6363870861526,-252.82340737545888
work,36.90506163601226,-260.82142732190033
work,42.072154559578195,-254.8944400550409
work,25.64812920257568,-262.1845483795236
work,31.249313433138738,-256.50725856719015
work,14.325143226092557,-262.6275207373627
work,20.243487442874176,-257.4525902408481
work,2.962124924845111,-262.12188933035327
work,9.185012898338272,-257.52776579211405
work,-8.283372683388576,-260.72861851457196
work,-1.8871313756234158,-256.7435564273225
work,-19.264842052347834,-258.5252072007719
work,-12.748768025495092,-255.17939349661088
work,-29.982898129928227,-255.58955661862555
work,-23.381260570567537,-252.88392368303928
work,-40.30540809160332,-252.41453798484523
work,-33.69814930126599,-250.1251040794747
work,-53.95477924443332,-253.55688790261945
work,-43.66244808075509,-247.12754246827822
work,-50.22657333399205,-247.41986095069197
work,-65.33022974252212,-259.88964765167333
work,-60.7746487733319,-252.241367670147
work,-78.23863082525766,-268.18144792336403
work,-72.50026379837969,-258.4854104430107
work,-92.95792719453858,-278.2712397833823
work,-85.77499641711601,-266.3923706161875
work,-110.10860721541086,-290.6404924408659
work,-100.92870474811102,-275.9498424829183
work,-130.24720815597894,-305.59945570560893
work,-118.54709451657958,-287.5700059790056
work,-154.14570862572785,-323.68861122688304
work,-139.07326780910174,-301.5047614971188
work,-183.15792770810077,-345.9133036755616
work,-163.22773831360965,-318.01674699169035
work,-219.78036824336948,-375.41152477962197
work,-192.09656425456993,-338.2950519801799
work,-275.8865261230785,-425.5461923659431
work,-228.11071714405276,-364.8786361535316
work,-364.36822692663844,-504.01223935185925
work,-277.62158403057293,-400.7098178808909
work,-507.7616108045511,-630.3744607476631
work,-355.29411362512695,-460.68820682822684
work,-774.9564999712943,-862.9062089686645
work,-470.416861652723,-547.7167049558567
work,-1391.9469984332236,-1388.2254970339427
work,-654.3543516272559,-683.3489134520354
work,-4133.906904419668,-3686.6162315054903
work,-979.6195263432562,-916.4192298137408
work,7223.967744391319,5741.892766360349
work,-1638.2585246360102,-1369.7339895565447
work,2690.6664961194992,1910.3365423644682
work,-4481.452835807688,-3370.6774038162425
work,1580.5739838132718,1005.5184525182998
work,20232.841657302306,13730.33840316041
work,1156.0082749795881,655.0759831167127
work,3351.225358496459,2041.6005563132285
work,975.1828354098096,487.87302636572036
work,1999.3564138320544,1083.0125116847396
work,892.9041519185188,390.2071633262786
work,1583.932574167819,755.2979718189063
work,884.1663023545509,332.4505469409709
work,1441.4039062034599,597.5695615538192
work,924.7091752518717,293.93292689246664
work,1435.4275885375584,509.5612179744944
work,1030.6022853194008,269.77433551363544
work,1576.972611238331,469.9552687316568
work,1194.4412844438648,247.28487411309806
work,1831.8216433829195,447.51141811509683
work,776.7675237387562,115.11860209143099
work,2264.9623966231334,434.6270821240413
work,1428.3574841082814,221.9961677042507
work,437.3290716188063,44.84816753846135
work,636.7276133170899,70.57091075443122
work,292.38801350313423,16.49792185472075
work,391.32809724771965,25.76946362566344
work,214.51576394311263,1.8699927507647822
work,270.3630294111867,4.972429157961346
work,165.74873948078962,-6.822301756295931
work,202.0931769648079,-6.391754895463898
work,134.0550053149801,-12.454645511855018
work,158.4427854670303,-13.278993048724978
work,111.32089055277466,-16.39221844201617
work,128.9134445526123,-17.854979471897263
work,94.84003658168606,-19.33244489798401
work,108.15221352815885,-21.14809615613866
work,81.42609199900944,-21.599123184272948
work,93.11144723611119,-23.51775053255232
work,67.38544976688442,-22.635701284534143
work,80.75882879365975,-25.337950384872425
work,58.03523583533376,-24.013984503155076
work,72.73819487595094,-27.609744908260232
work,51.088341440632576,-25.484992209217488
work,63.38942466311613,-29.13799159101405
work,45.811779664066236,-27.110902270262525
work,56.54015506088846,-31.009345211256456
work,42.225621904669325,-29.315397764288047
work,51.426719821851286,-33.17809405356981
work,39.69176616866847,-32.08541453955648
work,47.69480711309531,-35.92805663420586
work,38.08450547876797,-35.667523796262245
work,45.36173184242205,-39.54190911044822
work,38.19674250046461,-41.513965564244366
work,42.4943918317696,-41.7670863416641
work,37.21504021160855,-46.098972152205405
work,41.351251035693714,-45.94026225451364
work,36.49635472631851,-51.359294499817835
work,40.48935840930353,-50.71847698486103
work,36.17757659793288,-58.019011573976385
work,39.904852547352775,-56.83131709132358
work,36.231466777954104,-66.53121064431035
work,39.91194259565434,-65.0510674738224
work,36.8624034317227,-77.99250776619301
work,40.36884436682047,-75.61486534120927
work,37.750403190379174,-92.91949472085078
work,41.232579645627624,-89.4153781773849
work,39.03809629011675,-113.19147344877491
work,42.65394216265696,-108.00127272709
work,40.20922552633164,-140.56841349795133
work,44.16670201812404,-131.38200875799632
work,33.78365956162377,-151.46958311271501
work,45.64934097045557,-163.3593261041736
work,40.00630924257048,-172.37261337702847
work,22.650340118405047,-138.0263086360696
work,27.594301692830772,-157.34578884166174
work,13.58428627887773,-127.51358426939859
work,17.478834622444126,-145.57496893393204
work,5.895277781355461,-120.31395805413916
work,8.492896557579273,-135.91665351615976
work,-1.0539270824953457,-115.53440531377112
work,0.532857491616924,-129.78425423053582
work,-7.668179120290186,-113.62111177566523
work,-6.886795164148125,-126.29175833881264
work,-14.385220312138829,-113.67916547690716
work,-14.251418503275243,-125.21546998751764
work,-21.595885784952447,-115.93650938648975
work,-21.957985024953413,-126.99879574823223
work,-29.622210472009407,-119.196693103195
work,-30.110846631250055,-130.73770006330943
work,-38.29645994008329,-119.81896083202959
work,-39.312024680781334,-135.6374966470027
work,-49.737965581608364,-126.51803694169514
work,-51.710019113956406,-147.15282688988827
work,-64.44736271297401,-137.4078042065222
work,-67.2288368643196,-158.2470239482363
work,-84.31947400493131,-153.7647485219826
work,-88.533356297728,-176.53051594989748
work,-113.21674964317005,-179.52400854602408
work,-118.72706104521993,-204.24014521867417
work,-157.3818386208477,-219.56657100092136
work,-164.92292834974532,-248.11416482516677
work,-232.6935091280866,-288.23506905112185
work,-244.05189906441936,-324.87327377670306
work,-383.61176464085156,-427.8959289325951
work,-363.21790648069265,-434.4042060308872
work,-687.0973352438533,-696.2772260049632
work,-628.193576256565,-683.0661924516181
work,-1982.9712114895558,-1830.2331530769327
work,-1590.0085850259334,-1575.5235696328007
work,3066.7468678566215,2583.4147268917277
work,4606.912266434201,4159.966759384546
work,960.6176326577416,739.5523903621854
work,1046.2386187513532,862.5506611912871
work,600.6704745042628,423.03027508809674
work,627.3370263229027,472.71922568230747
work,456.5601282981979,294.37075953547424
work,468.6960928576837,323.2374642440647
work,379.3434865137022,223.8679300842661
work,385.91110854581854,243.76255981984443
work,333.85483762807365,180.0927725123378
work,337.8340396898357,195.4965404164534
work,301.94580791668204,149.0698749049589
work,307.1476492087776,162.57403830146743
work,282.0627935182437,122.40642335049813
work,274.8688132941725,133.8243477630001
work,269.9929811526246,122.90092223723731
work,288.450567846621,110.30163078400318
work,276.0075459084743,111.4629294825147
work,294.1933606817811,97.60055124524493
work,281.4333874068356,99.49578386840707
work,298.1693814919772,84.18846103972943
work,285.9277680926657,86.91624769815331
work,300.3669704311051,70.29854010794944
work,288.81746342562417,73.80151446395102
work,300.79700124412324,56.258473705596934
work,290.20501768562394,60.444410567501016
work,299.46696136560405,42.29486124881733
work,290.01650595021164,47.06931565591297
work,297.38712708873254,28.78927026543256
work,288.66648735761885,34.00684341887832
work,294.4035386007732,15.736035603591578
work,286.70471942668155,21.377411348455936
work,290.91891041485803,2.2590727871761853
work,283.6891500531559,9.037855570588997
work,285.8965904519841,-12.052782806955394
work,279.5872398273845,-4.229662145872234
work,279.5114269446964,-25.73135625818802
work,274.70151524258586,-17.76026912603715
work,272.1992668123569,-38.6694200341668
work,268.74266952337626,-30.70334729539199
work,264.3093581894048,-50.7317968050474
work,262.1166408301676,-42.94958726616059
work,256.03571118663194,-61.89389645577446
work,254.97644595345633,-54.38364782360635
work,248.71111826108566,-71.4688951534828
work,248.09836446814774,-64.64172120406073
work,241.955419027826,-80.12677991791631
work,241.9409910466399,-73.4869882254104
work,235.20193857558473,-88.45042077204218
work,235.6862044079606,-81.89439068414735
work,228.4695598441155,-96.60195478107907
work,229.4152943779419,-90.14125046581867
work,221.66170659566373,-104.34581828711063
work,223.0865859303632,-98.11521989859635
work,214.88669623150938,-111.73467386376007
work,216.68781274607872,-105.73533349251619
work,208.24947117573234,-118.77093711350275
work,210.3573549881139,-113.03154133213887
work,201.7756964460028,-125.46960997959452
work,204.15699378126595,-119.98254525318248
work,195.6451801424881,-131.95752545362325
work,198.08208373797925,-126.63540881615182
work,189.63115106891794,-138.2387027937609
work,192.27900725494868,-133.09273389254213
work,182.29545232651623,-147.31056573082873
work,186.5418484177439,-139.3650954654521
work,183.10839566939705,-143.74555612529187
work,177.14033552484253,-154.66079170582222
work,178.00339082777114,-150.93805726392782
work,171.6753286350819,-161.95274433572257
work,172.63918582529882,-158.06908609016702
work,165.92541677502038,-169.37799912560249
work,166.99085731072222,-165.2905449129547
work,159.78759281715932,-176.74112331669386
work,160.97821133167471,-172.45465202415755
work,153.2575860705119,-183.97960719642666
work,154.58409596161766,-179.54080866274413
work,146.36777963932573,-191.00860699405425
work,147.83515013631856,-186.44876431919218
work,139.0921896767793,-197.72139519024134
work,140.7446236580756,-193.08080524873355
work,131.66365763466277,-204.11718611424567
work,133.39127012075494,-199.41790251107398
work,123.96310245904485,-210.22418369564744
work,125.90131981732925,-205.4357203619725
work,115.456980515825,-216.2607583019822
work,118.06911593222776,-211.14458210383577
work,105.74525086391502,-222.78684643436603
work,109.1026899848512,-217.35357370496106
work,95.45155808460389,-228.70460061982672
work,99.19053585329252,-223.29267000596823
work,84.65289468974544,-233.94111585692374
work,88.75338836321016,-228.62455866607905
work,73.48603871575858,-238.37311335877442
work,77.92386214794809,-233.28002511953255
work,62.03128828174333,-241.88567000643275
work,66.80989259028561,-237.11659228882618
work,51.553619222652465,-244.613367849285
work,55.999102600657,-240.02993918714736
work,41.47290640826366,-246.61335506310976
work,46.198773223018556,-242.29253212825486
work,31.2218657336258,-248.07439838401552
work,36.27287365257859,-243.95959296414512
work,20.730621684658058,-249.08183618180576
work,26.108437339970695,-245.20718562880012
work,10.153374879282426,-249.33356532464174
work,15.786878605359119,-245.87945723614015
work,-0.4226434456374124,-248.8818396553477
work,5.4013904946106495,-245.85718117209782
work,-10.86086510705932,-247.76866743380717
work,-4.926056193497743,-245.20925725925989
work,-21.08656604688463,-246.01203031117043
work,-15.076393899326577,-243.94236531686425
work,-30.98896140952237,-243.97293334321157
work,-24.98503519671552,-242.19449123908657
work,-40.65375268519817,-241.51996580565967
work,-34.59535364075282,-240.17023415113096
work,-53.290645023749576,-241.41105557182706
work,-44.0231031208525,-237.6710602132187
work,-50.059639246452214,-237.38413859520884
work,-63.244139080000664,-244.4994340609623
work,-59.505649813922844,-239.7334409709595
work,-74.0614368756525,-248.38110304617888
work,-69.61191545563389,-242.55942666164725
work,-86.1114391328239,-253.49270747602608
work,-80.68349943032007,-246.28711945886238
work,-99.5630703914502,-259.55257243876315
work,-92.96426469805037,-250.93976213417037
work,-114.71639792966971,-266.7377330026944
work,-106.64770208447533,-256.41451509211936
work,-131.78162994425057,-275.0603253386377
work,-121.94488523264206,-262.8506787717223
work,-151.05505223593715,-284.44791502882566
work,-139.0585302334709,-270.1559092007245
work,-173.32225144161913,-296.08229159363947
work,-158.13496596515125,-278.45372301505716
work,-199.1808890132939,-309.9209068490776
work,-180.00237785815935,-288.67213111934103
work,-234.65854843475648,-331.3005120373513
work,-205.2473611897326,-300.3733527545916
work,-283.0098848206923,-359.7821075248018
work,-237.21299382592298,-314.501741364832
work,-345.4974812720156,-395.3039042635773
work,-280.6800901247205,-335.312214717625
work,-427.56968275244407,-439.71395201810964
work,-334.120532672185,-359.31791997084065
work,-535.4827415931163,-494.38812259260317
work,-400.1279186820683,-386.93499510475624
work,-673.8058718829286,-557.1157244745071
work,-479.46450522222875,-416.0223650843599
work,-820.0600752586496,-609.6745254147191
work,-582.8072320693437,-456.5526575717713
work,-1032.4768209581912,-693.6534024677763
work,-694.0729339782076,-493.0562036073008
work,-1334.442807071633,-804.4489641795222
work,-824.4650788881954,-528.9765710228062
work,-1777.6190726439838,-954.5331681795496
work,-988.9127805928568,-569.3438507633747
work,-2312.204954855592,-1096.0271856587176
work,-1176.7205536781523,-601.9621473779042
work,-2769.0774912019137,-1144.4274776467064
work,-1343.0882633699841,-604.2934753360978
work,-2927.4402745523166,-1040.191604848026
work,-1456.7019234156885,-569.4215856184262
work,-2665.2863096386295,-798.8670000771417
work,-1470.1368514882538,-491.2332219856567
work,-2303.6177751952896,-566.6318228422224
work,-1424.201607374084,-399.88882781057816
work,-1963.203528135664,-382.61066411734214
work,-1344.0813371023974,-308.0380862198238
work,-6086.936085274931,-832.9025542502447
work,-1217.2294143653412,-217.79918240381824
work,-1590.5428790035112,-230.3080821668563
work,1847.2511277736787,172.9815217302029
work,41855.007795093436,4262.155351658998
work,736.2379416768753,35.700200628287746
work,1358.6300107168884,78.4253443725286
work,440.74568474503076,1.0428029817912414
work,653.717880494123,8.311671196230115
work,307.56999166463163,-14.054286110603462
work,410.10335583690375,-14.443534988179188
work,232.00257622820558,-22.27987339040969
work,293.4691679589151,-24.96599761628992
work,185.11380154890492,-27.406897846560515
work,225.00216567051464,-30.865506785294706
work,153.1031897182351,-31.01585961483909
work,181.29463135172347,-34.76830135726603
work,129.29314665645467,-33.68724925555386
work,151.64176372280147,-37.42014771371668
work,111.53438650164713,-35.59626253130689
work,129.3404068713786,-39.35570018659985
work,92.9106466840709,-36.20086392101764
work,112.49245319058528,-41.128561770877866
work,80.62853621899687,-37.758540461675814
work,101.79423148627787,-44.026157289475876
work,71.83148614055825,-39.78424367758112
work,89.36239092889987,-46.00811982423579
work,65.38187813219581,-42.4037715352645
work,80.55656932885438,-48.61725439913677
work,60.9712592585179,-45.86006517276793
work,74.15073871590789,-52.00839090072655
work,58.133440439814876,-50.4144680861257
work,69.84208965606905,-56.58262264032116
work,57.93817065846617,-57.79646299818537
work,65.05918698627484,-59.33391856040863
work,56.512436945727416,-63.367205897380536
work,62.9870187520314,-64.57892156565767
work,55.564606639103914,-70.55677649582353
work,61.85886555604505,-71.3130800722961
work,55.01123388148905,-78.9234121074355
work,61.12850718850023,-79.09854537329535
work,55.33720418699959,-90.0170327381479
work,61.16285601795432,-89.72682962632501
work,56.50244643313126,-104.83778489772469
work,62.17207123979921,-103.63936420283706
work,58.59507729857879,-124.59923897214377
work,64.09930983656635,-122.05984425415828
work,61.77938827995544,-151.95156871467861
work,67.3598430114768,-147.56419597516233
work,65.80171314235562,-189.97022397346112
work,71.31666008906271,-180.27758643165066
work,70.7281499306089,-242.30701989279612
work,76.56386548763025,-226.7842298474947
work,60.62079618477505,-264.9718081084567
work,84.53089557116287,-298.3150838181683
work,76.38281137248856,-318.19362871884204
work,41.46115432834228,-237.7174926324775
work,51.92974719214045,-279.8430692541768
work,25.502540325870427,-215.88466091736967
work,33.356373957348325,-254.01715903682972
work,12.522700223639346,-199.53819429762734
work,18.317483660020965,-234.73473860794059
work,1.3392920004662427,-189.26346469873008
work,4.852270052617401,-219.60811519284957
work,-9.074823975929027,-183.5417188147074
work,-7.14406490571638,-211.11332029948034
work,-19.311043598543392,-182.3234372007389
work,-18.721477729984922,-207.4192209501978
work,-30.207625600097952,-185.2427881771204
work,-30.77047766808086,-208.86366634769334
work,-42.252428821162376,-190.49870904136392
work,-43.465159006528054,-214.52541618510332
work,-55.54939372364215,-198.77205813195235
work,-57.76957726990917,-222.97928238643004
work,-70.87471219693326,-204.22180794587504
work,-75.12084932515438,-237.13028125577938
work,-93.196658260186,-222.72076451465972
work,-101.02470578004494,-267.37162580334314
work,-124.76394868415524,-253.38455950277435
work,-136.24055337399483,-302.85495554734877
work,-173.30571985896924,-304.1792191304577
work,-190.66534537514718,-363.66552789423895
work,-256.0430023083119,-394.03422284771636
work,-284.85089079091443,-473.2736286415614
work,-427.46533542289944,-582.8930777609867
work,-489.0280957039284,-716.3190882087116
work,-960.5409962156727,-1178.441687010129
work,-955.1698942551543,-1255.0062652307556
work,-6180.050069078283,-6907.18715349218
work,-5838.957136861327,-6970.013101386807
work,1659.6932634955085,1691.572281318089
work,1695.2733865115058,1846.3835419193783
work,804.5785368027268,749.0434888049573
work,813.6160558436306,809.947469998042
work,554.1886498127265,472.2405400082758
work,557.4470996789479,507.17619923658
work,435.3690444331562,339.883950289289
work,436.9365740508283,364.00565253619396
work,368.38045651018956,263.83453723783754
work,369.095993074882,281.92558699309336
work,325.65860018654854,214.14566238173398
work,325.7897504789004,228.4293881398375
work,297.93551141559936,179.8071787675051
work,297.7721436249632,191.89584406890938
work,279.0451688383445,154.50249354494176
work,278.57688700918527,164.8918006415204
work,262.8011142232103,133.6382442799805
work,264.2470297729788,143.5077759317332
work,253.61744636724663,113.80229270094006
work,247.45507445331984,123.94105822820065
work,245.2105702642187,115.27654999248352
work,258.84067596584845,103.12863747907744
work,250.58079505904925,105.10321216088964
work,263.4204456523199,92.00930276383804
work,255.05914775069505,94.50808314682267
work,267.33318808000615,80.3589287740218
work,259.02560760583805,83.4518455388759
work,270.0783838181252,68.33579234410195
work,262.17739628510736,71.95936195127297
work,271.67143322534554,56.12382191655532
work,264.3017324961164,60.239246962542225
work,272.06995514648787,43.88039659160188
work,265.39473439496504,48.41694432917958
work,271.6640215888276,31.970686177836114
work,265.54967083962237,36.76610798859831
work,270.5066766606897,20.316910163886433
work,265.04764128447187,25.437483617582238
work,268.51265826757134,8.870114673634133
work,263.7339278983538,14.249201868100675
work,265.9158066966087,-2.9751118430087544
work,261.68721290725557,3.28220735955281
work,262.21311645445496,-15.738503286357655
work,258.8488092008914,-8.669880125689305
work,257.62983718690225,-28.036949755935655
work,255.21122869042833,-20.91611016395091
work,252.42798231779156,-39.792391906687925
work,250.89645288533166,-32.71112110385599
work,246.7335133950644,-50.93452874054876
work,246.05263102353183,-44.006436453405925
work,241.55469436315482,-60.547228853067615
work,241.04001601203265,-54.24415668695044
work,236.50157876540513,-69.30833114229324
work,236.47836876131294,-63.11304887742151
work,231.30230766344053,-77.70997762341894
work,231.71800238034254,-71.650870418465
work,226.02066279447698,-85.87883023034341
work,226.83304749475272,-79.85727996863382
work,220.56350418742883,-93.95527567165531
work,221.78971974287677,-87.98870992560028
work,215.03580234019879,-101.7271281097378
work,216.6073638084901,-95.92682672376905
work,209.51346053024446,-109.2232394986387
work,211.38085929049336,-103.59437618932579
work,204.0080489036381,-116.43400028841384
work,206.1424393570982,-111.00475544116613
work,198.7497896384245,-123.36017596648327
work,200.9428986458565,-118.103376382722
work,193.49322593370053,-130.05891587024107
work,195.8945670755241,-124.94757202684579
work,188.2654346625509,-136.60185872140963
work,190.84905924852185,-131.623043028101
work,181.24257232629898,-145.5799147520736
work,185.80113172726686,-138.14213588164984
work,182.5264297612048,-142.46743357377574
work,175.8911598291179,-152.44112515914506
work,177.2406299103991,-149.23764871716696
work,170.30098486116893,-159.21793230292448
work,171.71696689909393,-155.92021827910028
work,164.39919011472693,-165.8832245007294
work,165.9516114950421,-162.4923290647944
work,158.16057270021494,-172.64752887853732
work,159.8697101173788,-169.10961925240727
work,151.5976684031227,-179.27555733145348
work,153.4201789434122,-175.63591592276288
work,144.7298409952554,-185.72244485331842
work,146.68157068293934,-182.00520950340206
work,137.55202451659943,-191.93576575291502
work,139.64542845878677,-188.16219165008346
work,130.2755478952722,-197.7742066778634
work,132.40679684496916,-194.0161920828483
work,122.7785111596801,-203.33358773756459
work,125.08084181605767,-199.52950094416843
work,114.98743299453396,-208.59856835373927
work,117.47010608252081,-204.78036190999725
work,106.41732415212151,-213.65635447208433
work,109.58827889296556,-209.71609855134275
work,96.64246157182282,-219.1262940818788
work,100.58460591386893,-215.10194564482393
work,86.45775797859926,-224.04146015425908
work,90.66974214308529,-220.11344330978005
work,75.94250993525539,-228.36459064380477
work,80.41961010933369,-224.58004052987727
work,65.15927889993124,-232.0020570701206
work,69.89010478844158,-228.45326719539167
work,55.367782463909364,-234.92524128959667
work,59.627201501139226,-231.41237026152
work,45.89973492552555,-237.09866953532665
work,50.38011421876652,-233.78381851961413
work,36.32222086918692,-238.7614417143426
work,41.00355887375554,-235.67051360317876
work,26.604897407963623,-239.9578733058625
work,31.548607100231656,-237.06890625474654
work,16.608964189054262,-240.6959453762303
work,21.838228260984568,-238.06237970954237
work,6.583164031957663,-240.8570733622273
work,11.976455570040734,-238.54690620609787
work,-3.4038903920297328,-240.4792344576863
work,2.1197920299463755,-238.50573395729754
work,-13.281873187045923,-239.56056159612143
work,-7.677628497580081,-237.96095148175382
work,-22.83350280156631,-238.31278210649666
work,-17.273422511425682,-236.9438766433777
work,-32.20718832688429,-236.65012976110495
work,-26.58183376626121,-235.62060568843432
work,-41.4362039219108,-234.5655715754306
work,-35.77556359939186,-233.8691467775735
work,-53.3624580730721,-233.61286113962842
work,-44.81884059758336,-231.72385145642838
work,-50.486017597538584,-231.04438946004797
work,-62.39678510523359,-234.77874118221578
work,-59.15258222117494,-231.7240909247136
work,-71.9483263505156,-236.25140964931543
work,-68.26968565687523,-232.66454468546445
work,-82.18176912024715,-238.17058664428626
work,-77.89588060365716,-233.85637138197012
work,-93.45102425044693,-240.77380708556188
work,-88.33968834679708,-235.56351994606743
work,-105.73087113078923,-243.83325837188622
work,-99.71656782806299,-237.70255141888921
work,-119.15537284700737,-247.38846410746274
work,-112.0445791052858,-240.21924343186518
work,-133.82261756696252,-251.31847672018114
work,-125.45593522982122,-243.09910543745812
work,-149.7647556629926,-255.87753319153083
work,-139.90121996722306,-246.29278950391853
work,-167.38206341396233,-261.1344313378087
work,-155.53553992902138,-250.02784987062563
work,-187.00147943456255,-266.86779605041835
work,-172.77716212891875,-254.09084143773947
work,-211.81636811704482,-275.3743398039464
work,-191.7804743292121,-258.3554534644448
work,-242.80011599077434,-284.99151618112427
work,-214.64160308078593,-262.66161059995875
work,-278.6890044067862,-295.0487535764154
work,-242.86619624729863,-268.43527019556933
work,-319.73075409355346,-304.9469053858217
work,-274.53795360627726,-273.8343444888752
work,-365.26979864645284,-313.2524371818018
work,-309.431924878084,-278.03688547596266
work,-407.0786805388009,-315.706117532049
work,-348.22496884017966,-283.2932356151332
work,-454.6897128815923,-320.242340146781
work,-384.8604947097847,-285.2365912411085
work,-503.34754691053143,-320.6610525762543
work,-422.9659870482338,-284.5095122418947
work,-554.8902872883962,-317.3945460445958
work,-460.3845689481493,-279.7982060373065
work,-606.7267616679965,-309.1182923309038
work,-499.01650256176674,-271.98240699482085
work,-648.5356116892073,-291.3206517434235
work,-534.0747200140338,-258.45198979473645
work,-677.0085832829682,-264.98743840859294
work,-561.7394560924988,-238.97469246748895
work,-688.0296450623244,-231.23188864449887
work,-579.1907982269084,-213.8079594827491
work,-685.7123648732323,-194.08982896290678
work,-587.7920900236595,-185.6596423741242
work,-676.3835611973221,-157.29829024914144
work,-589.699879690793,-156.25557261521487
work,-652.9565189231354,-119.73866570363278
work,-580.8712171751419,-125.09529392933081
work,-790.3704629773563,-99.90291663380458
work,-562.515419125033,-93.90183181769325
work,-612.290860310998,-82.58467201061185
work,-1366.1251947223552,-115.44354698851036
work,-877.8219755092462,-81.86410133906317
work,-6308.799099405769,-261.88883292168504
work,-1648.886183325749,-83.37814357400086
work,1999.6512146198388,-6.829360113245916
work,-27902.441687109924,-189.1289610793977
work,820.6007355471156,-40.83781588574674
work,1671.2966975833665,-64.54358804165078
work,503.02292622578807,-49.40042755943144
work,767.1770701143179,-66.36157947147233
work,357.07559679259805,-53.11068770845434
work,488.2915961835851,-66.54548965983732
work,276.499456414376,-55.54016681277894
work,353.3966804428848,-66.58855017676424
work,223.10575458026318,-57.13902305554244
work,276.8593347465492,-66.82938420396857
work,186.63257554784565,-58.1955086891638
work,225.67478714799773,-66.85534551725746
work,160.66870271628534,-59.63204275955808
work,190.72514807214955,-67.5812503693796
work,133.93089676064946,-59.100730734149906
work,165.56117430138926,-68.81174404559813
work,117.13484082071466,-60.99973522022583
work,150.13711237123803,-72.78767204045941
work,105.15842920068845,-63.92464802607664
work,132.6653765441674,-75.25180506577811
work,96.70407386461547,-68.07079840880634
work,120.47929740222632,-79.1411806403408
work,91.10642796093639,-73.62048366500423
work,111.92937796966842,-84.55194343435649
work,90.27233060322924,-83.24031975326201
work,103.03272785593707,-87.64648196304427
work,87.82119083351363,-90.65041106859599
work,99.33889510171882,-94.64230928614786
work,86.75772798619269,-100.25143791832807
work,97.39030795706701,-103.74956412518516
work,86.45644231854429,-112.34835887910714
work,96.88275644230751,-115.41177083736262
work,87.28260987018747,-127.59133663406986
work,97.61327089527077,-130.24928055688693
work,89.91889019694932,-148.5276635739703
work,99.92764993733074,-150.26553871781596
work,94.52378437301417,-177.26086575248874
work,104.39942667882657,-177.45739951232193
work,101.94986635263503,-218.00003630607333
work,111.81967281576381,-216.0594385726605
work,112.86147312745257,-278.04583164114405
work,122.19285290854937,-268.9910995801621
work,128.23111161649226,-366.6278188161444
work,137.72930117609653,-348.7641232009192
work,155.76926025920417,-524.3487287890039
work,164.6972079284097,-485.26062514806915
work,140.709746084544,-600.2655162766642
work,220.98979005973047,-769.5369383446226
work,212.31428406760776,-858.9791165161661
work,90.36604379526092,-496.8936575487614
work,129.2209585405839,-663.7756616800374
work,56.256324761850586,-434.3635016758883
work,79.23558213481128,-556.0921979137564
work,29.41644597208408,-387.9835133683046
work,44.508178115822155,-491.5831629266437
work,7.9575368184250515,-356.98923546577447
work,17.26579384797866,-448.27590906713806
work,-10.843596109509118,-339.2538000545066
work,-6.364497289098325,-418.26984940288014
work,-28.80478775069781,-332.2108551702795
work,-27.976649921597552,-404.16195701678305
work,-47.43189065905897,-335.5614150500182
work,-49.82958239922999,-402.9344075156039
work,-68.19381081650305,-346.0527466468202
work,-73.28858280464371,-413.2975120601661
work,-91.786998808799,-364.1514060250887
work,-100.24080967601054,-433.37483166690754
work,-122.07841945226254,-396.0684485031699
work,-134.8512831770785,-471.19794684317014
work,-158.62811949573194,-425.62745681100716
work,-182.6567899904471,-533.9131081739229
work,-224.9410706973414,-508.788654390932
work,-275.01574882350803,-682.2176172774882
work,-345.76166096997105,-671.9551756657542
work,-443.71008360454374,-938.051418751045
work,-631.3513146701887,-1070.2677221213862
work,-918.7005924737524,-1684.1343339903353
work,-2078.9182182313966,-3113.215509821437
work,-10067.232052377143,-16212.450067823602
work,2147.5772431139276,2890.9718988141717
work,1712.5175780655659,2465.567330366217
work,903.1852856352734,1106.5267054697465
work,831.298349993327,1086.4778730803484
work,599.7524188954367,671.4649942724102
work,573.3012647011767,683.3467093231562
work,464.4645828902934,475.7870275988012
work,450.627055630654,491.6280170134599
work,389.1343579861403,365.18134812389866
work,380.5996005994149,380.43146995167433
work,340.55525605310856,293.198625344945
work,334.9059745598404,306.90623902986323
work,307.71307010468854,243.37961229328465
work,303.6650271639612,255.5413152739553
work,284.43589748744154,206.92054343473623
work,281.2839066529744,217.62184046214858
work,268.10471220601926,179.57231814772337
work,265.4669698669952,189.1428910759537
work,256.4921932132873,158.18205596576433
work,254.14730775064072,166.86950863767538
work,247.56898627613296,140.45467181876188
work,245.41283679216193,148.40359689196953
work,239.03594495469386,124.93770044541871
work,238.71438109083735,132.82295714482646
work,240.23591639161762,99.28443566273995
work,244.31644540314403,89.24243808856355
work,238.3517232898017,92.0001670942632
work,247.83552433592777,78.86933420363846
work,241.94746120285313,82.07550573676565
work,250.79670016931223,68.0469375832533
work,245.08643794266942,71.74212271258376
work,252.91469364067794,57.03647198535425
work,247.5746436139933,61.08595120541923
work,254.18927849940434,45.938505820699575
work,249.27966266093634,50.30431799703257
work,254.72056518843786,35.10579398897467
work,250.2231343554503,39.62836616925783
work,254.6294833942717,24.43090015211733
work,250.55281030095819,29.218128532787627
work,253.851798364029,13.852328707385414
work,250.2653130539959,18.844592724118574
work,252.44442796105398,3.442261307002874
work,249.36348055634025,8.590270006693592
work,250.39416443938333,-7.3481427113733195
work,247.93651746076478,-1.4726607032000973
work,247.59008598648458,-19.095578209666503
work,245.94589360539325,-12.556826762682839
work,244.16347274869386,-30.487123155838837
work,243.19461634612705,-23.954502433382192
work,240.2368294054821,-41.47315882526226
work,239.9042820700262,-35.0103538531417
work,236.62989809417354,-51.03850188236429
work,236.20197927432756,-45.13691986421707
work,232.85230451348943,-59.81182781015598
work,232.81599781717452,-53.94866824157548
work,228.85306046206455,-68.31325025560373
work,229.20023636250102,-62.53518343016991
work,224.69930141675528,-76.53417013997826
work,225.3945706339659,-70.866958930013
work,220.3787883883003,-84.58235872600318
work,221.43112256334157,-78.9379755791044
work,215.87220823176213,-92.62373151774186
work,217.30193575808278,-87.0111433605052
work,211.27059514917747,-100.42790546466084
work,212.98905861291004,-94.95521515410424
work,206.6086445145082,-108.00407058648712
work,208.57835984043257,-102.67567606467689
work,202.12369700030166,-115.28438814353194
work,204.08970931679653,-110.07873217093264
work,197.53671702030414,-122.3337636840401
work,199.71308866245965,-117.2168726530962
work,170.24085447146376,-157.85706761736827
work,164.2857550442359,-164.1528802430412
work,166.12303157661538,-161.2118074838914
work,158.00318031659805,-170.26700841964842
work,160.0388401727458,-167.31094375318162
work,151.395871493822,-176.46101712855722
work,153.64391311631496,-173.4447174520221
work,144.5301076672753,-182.49097252124844
work,146.87712424256048,-179.42081076847145
work,137.39910303965328,-188.3043305529125
work,139.8559995787429,-185.20724425902281
work,130.2334439450304,-193.76865263790063
work,132.662194454058,-190.6802914944585
work,122.86947620189858,-198.94421268409124
work,125.4370336013591,-195.8339657238688
work,115.25708836880851,-203.8711239083028
work,117.96779840330287,-200.75456683089598
work,107.40808850722766,-208.49644712481808
work,110.26630847460551,-205.40764487063043
work,98.78801615331398,-212.7837059101635
work,102.36609737579153,-209.76129519806838
work,89.02797231074355,-217.48744585343863
work,93.37540141765146,-214.56330125480557
work,78.97483565241319,-221.6924275542198
work,83.52001530939073,-218.90765989946757
work,68.67647203600427,-225.3537126957875
work,73.40770880966281,-222.74215591931863
work,59.38266718132612,-228.43156980971378
work,63.5241775135211,-225.67319364771362
work,50.35284698921248,-230.72481382948095
work,54.67483393849121,-228.10463186608976
work,41.20732171477225,-232.58719298855257
work,45.693153135957566,-230.1522989380238
work,31.98896227567974,-234.00609806655677
work,36.61871203982418,-231.77541768031307
work,22.645682363196155,-234.98858010914756
work,27.50271305036673,-232.9826022193801
work,13.02909924351706,-235.58494874961875
work,18.134134884057108,-233.84789129186075
work,3.40815285262734,-235.70935750987894
work,8.62391989670105,-234.25023675668177
work,-6.168538398416698,-235.37387708635944
work,-0.871415208117125,-234.19947650021604
work,-15.44582094607978,-234.73926232323493
work,-10.205141562410759,-233.67595143820085
work,-24.586086084235145,-233.6708390910302
work,-19.26739192585831,-232.87077580664925
work,-71.0785795026227,-228.62356350100887
work,-80.21070213092217,-228.74407568617514
work,-76.64348970718788,-226.1312094590541
work,-89.86999886161897,-229.06110684015306
work,-85.78082712242549,-225.99937397556334
work,-100.37827293844771,-229.73214942611943
work,-95.60270851503863,-226.13132990206913
work,-111.59285518116762,-230.5723399215516
work,-106.12372750058836,-226.38915962408785
work,-123.58224813662366,-231.53846361431593
work,-117.30816984483081,-226.73842433819684
work,-136.1491718696131,-232.63654619302181
work,-129.05805175714178,-227.14906461461132
work,-149.56931708572247,-233.91479936520088
work,-141.32947922496692,-227.66410961249966
work,-164.0111686159193,-235.15316857293448
work,-154.51200475219014,-228.18887335530383
work,-179.53810953303477,-236.26511466270753
work,-168.58684609983064,-228.55844989067634
work,-198.1501042825919,-238.28433160302748
work,-183.5716808826103,-228.7273279922236
work,-220.22902099853306,-239.63080993534027
work,-201.02226260005014,-228.0624389187879
work,-244.1355456310389,-240.1295279864903
work,-221.35664883374952,-227.31034424524543
work,-269.56967289293766,-239.25482178727785
work,-242.88948537082146,-225.44476585027687
work,-292.24190083022523,-235.647833560518
work,-265.32012615970206,-223.645195294249
work,-315.8687593644193,-232.3369602841962
work,-285.5852988493574,-220.1740778754457
work,-339.3268514016719,-226.84434330181125
work,-306.06568005829416,-215.05839817087974
work,-361.9983045258893,-218.9964729403067
work,-326.09356737800704,-208.05252439150132
work,-384.3745279721332,-208.92208298911154
work,-345.11917424270735,-199.03581512702613
work,-404.60190420446986,-195.6787741432792
work,-362.8029577320014,-187.56332759499625
work,-420.718624334434,-179.32917885747042
work,-378.63453990296847,-173.67491048742005
work,-431.8922903628026,-160.25373299471
work,-390.868190680955,-157.41855088827302
work,-437.7524267924521,-139.4570899219868
work,-400.1950494891095,-139.97483579685525
work,-440.9873773033435,-118.4722504761419
work,-406.0232618044753,-121.5861716819515
work,-788.1315186095904,-26.90140027513362
work,-1237.8318108095918,10.633203799507712
work,-839.5954577521853,-1.050117596349544
work,-3580.6740900642408,190.97968006711162
work,-1358.3462231783851,57.3775799268217
work,3525.448472112055,-352.8282242190591
work,-4073.058183506759,357.5324015257357
work,1144.5471294382974,-170.07400842247438
work,3357.263954004895,-455.81618313950935
work,673.7475158378842,-134.29839362817344
work,1156.8792937195028,-215.08793840611503
work,476.90994643986454,-120.11751052779334
work,691.553472611762,-163.6713326876956
work,367.56586460133883,-112.22202556464465
work,494.3762325319281,-142.87471612685434
work,298.7943204336295,-108.05630649841693
work,384.0555131426316,-132.18217265269044
work,253.45150891623496,-106.72223491745332
work,314.32789215213575,-126.60747146022486
work,207.90578586254423,-102.1388112313784
work,268.7161156030981,-124.7268534069318
work,181.81512616593244,-104.03018344064547
work,244.4016998538312,-130.6261284738412
work,164.04818721812515,-108.28022327776351
work,215.59951708800943,-133.22897810996022
work,152.06864844802203,-115.02985970390087
work,196.3690611497427,-139.1832292564325
work,150.90589046179184,-129.49073660447166
work,176.7973908322063,-141.01856586530212
work,146.10542606365112,-139.8518036802089
work,169.7610905966259,-150.91237014675673
work,143.91568221539987,-153.43950069086486
work,165.76906961468404,-164.16971916009362
work,144.83832426524964,-171.98025042259513
work,165.26670480151842,-182.32658100131553
work,147.22607929385154,-195.65298262442658
work,168.08573413296182,-206.23922855285534
work,153.97361998367788,-229.50199845714008
work,175.69317556805714,-240.61933214230947
work,165.98537450771468,-278.2418448932153
work,188.32241059864256,-289.46763808781765
work,186.19490809945287,-352.7730097067082
work,210.16859532807572,-363.754764482746
work,221.78037156650564,-477.27174060346357
work,242.25035182681566,-473.0252046106437
work,281.38061224729114,-691.3225368655226
work,303.13091730089974,-671.1307791368108
work,235.90704102034897,-1703.945707553152
work,113.45279698662429,-1287.1833896211288
work,266.4720484060354,-2604.5412334630337
work,38.06568145910437,-1041.7937553636202
work,98.21099384036812,-1869.7287111786306
work,-14.414495768899982,-921.4057424992131
work,3.1631835162095068,-1562.77174504836
work,-59.23172659553186,-869.1825384682782
work,-69.46523466931033,-1387.9474592488025
work,-105.04648199778478,-867.2849810398976
work,-137.64647954702693,-1342.7389339639858
work,-159.9061208589282,-917.9953574079308
work,-213.36803503418932,-1383.195469546323
work,-228.49362990539473,-1007.70134664295
work,-319.0217052595044,-1551.3748344451556
work,-334.30795368348964,-1192.9513024429064
work,-499.7457223723694,-1935.119887507871
work,-532.5800044116223,-1590.9706598389064
work,-923.0299590779281,-2959.918663095666
work,-895.9272081397143,-2257.5641789472083
work,-3291.622256044846,-8990.053079600255
work,-5080.868683619437,-10927.80161837519
work,1743.3170701697697,4089.0583885427745
work,1661.3354577434989,3102.432782091804
work,825.541730710949,1668.7242095902218
work,770.1104149833682,1264.9689786445088
work,562.234857730307,993.9446173228274
work,516.7269555492894,761.6464861146925
work,464.1607924543905,731.2125001797841
work,425.54983091402187,570.2200045842371
work,394.51771645278046,563.605984816299
work,367.9228823732031,450.22064417960445
work,347.8447878635616,452.67287810911444
work,328.34765495738696,368.25891966541406
work,314.5672604933627,374.43861860288797
work,300.6129940341323,309.3527015756434
work,290.46772961083946,317.43363283268917
work,279.7450788533897,264.3440462440303
work,272.0581702203451,273.10481995629056
work,264.0045775524635,229.46199548441209
work,257.955829205806,237.99518640580814
work,251.92709674348578,201.65576106170187
work,247.02208750161898,209.78630813361283
work,243.01102893654812,179.49915851021944
work,239.0097719088369,187.24314799652464
work,236.64393803002244,161.3984982492237
work,233.0792793071542,168.7125309453261
work,242.24211829729563,48.319280500833244
work,239.9316037625331,42.58778089015529
work,243.33995829822433,38.26225188369663
work,240.77568613539205,32.86534345365044
work,243.86238731851128,28.32438603426135
work,241.13840731102633,23.110572175551628
work,243.87007691336535,18.373103491638314
work,241.00486059902713,13.38447960278959
work,243.3541937303386,8.510248280437816
work,240.40749651309878,3.7843213075046775
work,242.383188940023,-1.169607682663871
work,239.38955644849773,-5.6487105939756015
work,240.7257005922624,-11.238922638026235
work,237.97343510287467,-16.1522551845988
work,238.5577791144958,-22.316420108762006
work,235.81432138125606,-26.989632037866965
work,235.88335305949252,-33.11734226603794
work,233.10818962975185,-36.99121742491873
work,233.43242981158826,-42.565026795443515
work,230.6395720144414,-45.69707323314565
work,230.62689815486067,-51.25435604759097
work,227.90574721143858,-54.26158551478372
work,227.56352130909954,-59.797294150483985
work,224.95878428908387,-62.66339097070468
work,224.31093649124796,-68.13276144913308
work,221.81438140983983,-70.85280018507338
work,220.91794992780885,-76.22612210844046
work,218.55242669277555,-78.82868736192411
work,217.31343449602232,-84.20953878014485
work,138.31820576844584,-186.3240791955646
work,133.88317835654829,-188.9399013271313
work,131.2099431581283,-191.51230091552821
work,126.73372434709276,-193.81735555742682
work,123.94013026358296,-196.38085006609245
work,119.35951323897574,-198.5037928534596
work,116.42916164260976,-201.05343780989818
work,111.76163226449633,-202.95168056196545
work,108.71515630341656,-205.47385857135242
work,104.00487206186878,-207.12706942372662
work,100.86439089286316,-209.58986362877476
work,96.11445626371311,-211.0049152888942
work,92.24357068073589,-213.3063967141101
work,87.11391088505809,-215.3333643331772
work,82.49574085303786,-217.4325799291757
work,77.28569780403842,-219.1556439032462
work,72.5270085531007,-221.1018863327845
work,67.670210852933,-222.08976044100334
work,63.59329214437357,-224.26217608096817
work,59.13556166829703,-224.57354964115805
work,54.912431180918475,-226.6206845549131
work,50.44844941910633,-226.72702032315894
work,46.07154122628384,-228.62968930240277
work,41.64191228812289,-228.52436134982548
work,37.147480297247036,-230.26004788782927
work,32.796089951065845,-229.94866728078628
work,28.22552308282572,-231.51926972836094
work,23.95218799641207,-231.014940963266
work,19.158957095382398,-232.35922644179726
work,-117.30229595750687,-219.29281021034006
work,-122.38989382160025,-215.33993146555
work,-127.81880237307081,-218.42605448358847
work,-132.62131459902386,-214.02803335567333
work,-138.75291011454487,-217.499361037982
work,-143.39617295421266,-212.61057016581734
work,-150.34456594769367,-216.4720081384881
work,-154.72259821060666,-210.99370310164554
work,-162.52210247420788,-215.19441320521832
work,-166.51647828291604,-209.09831999551858
work,-175.253618083481,-213.6513372125444
work,-178.76931301450585,-206.88488926035245
work,-189.83731407133894,-212.04575594934113
work,-192.81015300540105,-203.5608864365474
work,-206.69992873998953,-209.29622709747215
work,-208.45857297870904,-199.511154952476
work,-224.1954043851732,-205.49259737939647
work,-224.05005811161368,-195.2344470640151
work,-239.6343338936679,-200.39552892611735
work,-237.80833087148613,-190.1966591648256
work,-254.9013139726147,-195.1893889282427
work,-251.65693335764126,-184.19236638542057
work,-270.19817683157595,-188.81762969717224
work,-265.29573542519336,-177.0481864720746
work,-284.90480696936646,-181.0262095184392
work,-278.2597005564975,-168.68729840765573
work,-298.78147286301623,-171.86265216089004
work,-290.44004563099935,-159.22070289101373
work,-312.0895750878188,-161.3627638464136
work,-10025.147415436804,1979.6399814362728
work,-6505.421599279166,1512.8671478852832
work,3006.2521606486894,-744.161706668826
work,3972.0347577341468,-1122.6333479803957
work,1277.1277518420468,-381.91876034896336
work,1503.9297110299674,-504.3313603724583
work,814.9427206814418,-287.56979164468663
work,936.9369989506597,-366.4459812130075
work,603.8995035873796,-247.55002829076867
work,688.2156142620119,-309.4012028627712
work,483.5995468986834,-227.3545640122483
work,550.4361826537321,-281.329747648309
work,377.4560147432966,-203.7982572706216
work,491.1392644883856,-286.31821826245954
work,325.44988940485683,-202.34957064208106
work,425.07410089509096,-283.6591333951592
work,293.5963789196329,-208.65274932733197
work,366.17109104268724,-274.6763254340333
work,290.1521520795147,-232.76002506800972
work,347.25654279935236,-289.58184153867745
work,279.3136105003849,-249.16964992156366
work,338.52119802010964,-313.26993770619373
work,275.4906904838953,-272.8126868087825
work,340.4003195352878,-349.43108274038855
work,279.74090009235556,-307.4668189995895
work,352.68223024461605,-401.2474426269921
work,292.6086432843978,-356.8766225319523
work,380.16313029388215,-479.436340575916
work,314.06184762523804,-426.52964158117345
work,425.3943491252271,4169.48246071291
work,232.63014591526635,1750.525320207948
work,541.3496114318478,3547.439823015368
work,290.3125388677937,1592.7397605212404
work,576.8389513481471,2840.4980117365185
work,322.1326136888734,1385.588765359313
work,549.6064662860755,2160.365209250078
work,332.42465623467825,1171.2895052879092
work,496.42966238888425,1618.7205905078179
work,328.5612120833538,978.2711016428053
work,445.06375788226205,1236.3067826475094
work,317.96013292702435,817.5740796176198
work,421.2229600966628,1003.6304240077488
work,293.6696419894456,654.7820748921348
work,370.98468329679645,762.778312172937
work,279.74563227072633,542.6927739209906
work,331.76227979675673,597.3165942683834
work,272.36267418176703,469.0849321453337
work,298.2084697014692,480.7988716662366
work,260.9956701141291,406.9218262363839
work,280.7501676377375,410.8671861258929
work,251.15186010847967,356.29412269472687
work,266.52492807595775,355.71875126389625
work,242.555855223203,314.41956979355285
work,254.64370072723344,311.2071398698393
work,235.3765893264334,279.93529879512585
work,245.10077691187482,275.260339656879
work,229.47286979295907,251.1966884604642
work,237.52041970876206,245.4468470467378
